stationId,year,days,share,longest_gap_days,valid,error
01000690,2010,0,0.0,366,False,
01000690,2011,0,0.0,366,False,
01000690,2012,0,0.0,366,False,
01000690,2013,0,0.0,366,False,
01000690,2014,0,0.0,366,False,
01000690,2015,0,0.0,366,False,
01000690,2016,20,0.0546,346,False,
01000690,2017,365,1.0,0,True,
01000690,2018,365,1.0,0,True,
01000690,2019,365,1.0,0,True,
01000690,2020,366,1.0,0,True,
01000690,2021,365,1.0,0,True,
01000690,2022,365,1.0,0,True,
01000690,2023,365,1.0,0,True,
01000690,2024,0,0.0,366,False,
01000690,2025,16,0.0438,349,False,
02001038,2010,365,1.0,0,True,
02001038,2011,365,1.0,0,True,
02001038,2012,366,1.0,0,True,
02001038,2013,365,1.0,0,True,
02001038,2014,365,1.0,0,True,
02001038,2015,365,1.0,0,True,
02001038,2016,366,1.0,0,True,
02001038,2017,365,1.0,0,True,
02001038,2018,365,1.0,0,True,
02001038,2019,365,1.0,0,True,
02001038,2020,366,1.0,0,True,
02001038,2021,365,1.0,0,True,
02001038,2022,365,1.0,0,True,
02001038,2023,365,1.0,0,True,
02001038,2024,0,0.0,366,False,
02001038,2025,255,0.6986,98,False,
02001039,2010,0,0.0,366,False,
02001039,2011,0,0.0,366,False,
02001039,2012,0,0.0,366,False,
02001039,2013,0,0.0,366,False,
02001039,2014,0,0.0,366,False,
02001039,2015,0,0.0,366,False,
02001039,2016,0,0.0,366,False,
02001039,2017,0,0.0,366,False,
02001039,2018,0,0.0,366,False,
02001039,2019,0,0.0,366,False,
02001039,2020,0,0.0,366,False,
02001039,2021,0,0.0,366,False,
02001039,2022,0,0.0,366,False,
02001039,2023,0,0.0,366,False,
02001039,2024,0,0.0,366,False,
02001039,2025,93,0.2548,272,False,
02001040,2010,0,0.0,366,False,
02001040,2011,0,0.0,366,False,
02001040,2012,0,0.0,366,False,
02001040,2013,0,0.0,366,False,
02001040,2014,0,0.0,366,False,
02001040,2015,0,0.0,366,False,
02001040,2016,12,0.0328,354,False,
02001040,2017,365,1.0,0,True,
02001040,2018,365,1.0,0,True,
02001040,2019,365,1.0,0,True,
02001040,2020,366,1.0,0,True,
02001040,2021,365,1.0,0,True,
02001040,2022,365,1.0,0,True,
02001040,2023,365,1.0,0,True,
02001040,2024,0,0.0,366,False,
02001040,2025,16,0.0438,349,False,
03000501,2010,357,0.9781,2,True,
03000501,2011,365,1.0,0,True,
03000501,2012,365,0.9973,1,True,
03000501,2013,361,0.989,2,True,
03000501,2014,362,0.9918,2,True,
03000501,2015,359,0.9836,3,True,
03000501,2016,366,1.0,0,True,
03000501,2017,365,1.0,0,True,
03000501,2018,365,1.0,0,True,
03000501,2019,365,1.0,0,True,
03000501,2020,366,1.0,0,True,
03000501,2021,365,1.0,0,True,
03000501,2022,365,1.0,0,True,
03000501,2023,365,1.0,0,True,
03000501,2024,0,0.0,366,False,
03000501,2025,267,0.7315,98,False,
05000069,2010,362,0.9918,3,True,
05000069,2011,365,1.0,0,True,
05000069,2012,366,1.0,0,True,
05000069,2013,365,1.0,0,True,
05000069,2014,360,0.9863,3,True,
05000069,2015,365,1.0,0,True,
05000069,2016,366,1.0,0,True,
05000069,2017,365,1.0,0,True,
05000069,2018,365,1.0,0,True,
05000069,2019,365,1.0,0,True,
05000069,2020,366,1.0,0,True,
05000069,2021,365,1.0,0,True,
05000069,2022,365,1.0,0,True,
05000069,2023,365,1.0,0,True,
05000069,2024,0,0.0,366,False,
05000069,2025,267,0.7315,98,False,
06000475,2010,362,0.9918,2,True,
06000475,2011,365,1.0,0,True,
06000475,2012,366,1.0,0,True,
06000475,2013,365,1.0,0,True,
06000475,2014,365,1.0,0,True,
06000475,2015,365,1.0,0,True,
06000475,2016,366,1.0,0,True,
06000475,2017,365,1.0,0,True,
06000475,2018,365,1.0,0,True,
06000475,2019,365,1.0,0,True,
06000475,2020,366,1.0,0,True,
06000475,2021,365,1.0,0,True,
06000475,2022,365,1.0,0,True,
06000475,2023,365,1.0,0,True,
06000475,2024,0,0.0,366,False,
06000475,2025,267,0.7315,98,False,
06000476,2010,0,0.0,366,False,
06000476,2011,0,0.0,366,False,
06000476,2012,0,0.0,366,False,
06000476,2013,0,0.0,366,False,
06000476,2014,0,0.0,366,False,
06000476,2015,0,0.0,366,False,
06000476,2016,13,0.0355,353,False,
06000476,2017,365,1.0,0,True,
06000476,2018,365,1.0,0,True,
06000476,2019,365,1.0,0,True,
06000476,2020,366,1.0,0,True,
06000476,2021,365,1.0,0,True,
06000476,2022,365,1.0,0,True,
06000476,2023,365,1.0,0,True,
06000476,2024,0,0.0,366,False,
06000476,2025,0,0.0,366,False,
06000477,2010,0,0.0,366,False,
06000477,2011,0,0.0,366,False,
06000477,2012,0,0.0,366,False,
06000477,2013,0,0.0,366,False,
06000477,2014,0,0.0,366,False,
06000477,2015,0,0.0,366,False,
06000477,2016,12,0.0328,354,False,
06000477,2017,365,1.0,0,True,
06000477,2018,365,1.0,0,True,
06000477,2019,365,1.0,0,True,
06000477,2020,366,1.0,0,True,
06000477,2021,365,1.0,0,True,
06000477,2022,365,1.0,0,True,
06000477,2023,365,1.0,0,True,
06000477,2024,0,0.0,366,False,
06000477,2025,16,0.0438,349,False,
06000478,2010,0,0.0,366,False,
06000478,2011,0,0.0,366,False,
06000478,2012,0,0.0,366,False,
06000478,2013,0,0.0,366,False,
06000478,2014,0,0.0,366,False,
06000478,2015,0,0.0,366,False,
06000478,2016,0,0.0,366,False,
06000478,2017,0,0.0,366,False,
06000478,2018,0,0.0,366,False,
06000478,2019,0,0.0,366,False,
06000478,2020,0,0.0,366,False,
06000478,2021,0,0.0,366,False,
06000478,2022,0,0.0,366,False,
06000478,2023,59,0.1616,306,False,
06000478,2024,213,0.582,153,False,
06000478,2025,0,0.0,366,False,
07000345,2010,0,0.0,366,False,
07000345,2011,0,0.0,366,False,
07000345,2012,0,0.0,366,False,
07000345,2013,0,0.0,366,False,
07000345,2014,0,0.0,366,False,
07000345,2015,0,0.0,366,False,
07000345,2016,11,0.0301,355,False,
07000345,2017,365,1.0,0,True,
07000345,2018,365,1.0,0,True,
07000345,2019,365,1.0,0,True,
07000345,2020,366,1.0,0,True,
07000345,2021,365,1.0,0,True,
07000345,2022,365,1.0,0,True,
07000345,2023,365,1.0,0,True,
07000345,2024,0,0.0,366,False,
07000345,2025,16,0.0438,349,False,
08000137,2010,351,0.9616,4,True,
08000137,2011,364,0.9973,1,True,
08000137,2012,361,0.9863,1,True,
08000137,2013,352,0.9644,2,True,
08000137,2014,360,0.9863,1,True,
08000137,2015,365,1.0,0,True,
08000137,2016,366,1.0,0,True,
08000137,2017,365,1.0,0,True,
08000137,2018,365,1.0,0,True,
08000137,2019,365,1.0,0,True,
08000137,2020,366,1.0,0,True,
08000137,2021,365,1.0,0,True,
08000137,2022,365,1.0,0,True,
08000137,2023,365,1.0,0,True,
08000137,2024,0,0.0,366,False,
08000137,2025,0,0.0,366,False,
09001182,2010,0,0.0,366,False,
09001182,2011,0,0.0,366,False,
09001182,2012,0,0.0,366,False,
09001182,2013,0,0.0,366,False,
09001182,2014,0,0.0,366,False,
09001182,2015,0,0.0,366,False,
09001182,2016,0,0.0,366,False,
09001182,2017,0,0.0,366,False,
09001182,2018,0,0.0,366,False,
09001182,2019,0,0.0,366,False,
09001182,2020,0,0.0,366,False,
09001182,2021,0,0.0,366,False,
09001182,2022,0,0.0,366,False,
09001182,2023,59,0.1616,306,False,
09001182,2024,366,1.0,0,True,
09001182,2025,365,1.0,0,True,
09001183,2010,0,0.0,366,False,
09001183,2011,0,0.0,366,False,
09001183,2012,0,0.0,366,False,
09001183,2013,0,0.0,366,False,
09001183,2014,0,0.0,366,False,
09001183,2015,0,0.0,366,False,
09001183,2016,31,0.0847,335,False,
09001183,2017,365,1.0,0,True,
09001183,2018,365,1.0,0,True,
09001183,2019,365,1.0,0,True,
09001183,2020,366,1.0,0,True,
09001183,2021,362,0.9918,2,True,
09001183,2022,365,1.0,0,True,
09001183,2023,365,1.0,0,True,
09001183,2024,0,0.0,366,False,
09001183,2025,16,0.0438,349,False,
09001185,2010,0,0.0,366,False,
09001185,2011,0,0.0,366,False,
09001185,2012,0,0.0,366,False,
09001185,2013,0,0.0,366,False,
09001185,2014,0,0.0,366,False,
09001185,2015,0,0.0,366,False,
09001185,2016,17,0.0464,349,False,
09001185,2017,365,1.0,0,True,
09001185,2018,365,1.0,0,True,
09001185,2019,365,1.0,0,True,
09001185,2020,366,1.0,0,True,
09001185,2021,365,1.0,0,True,
09001185,2022,365,1.0,0,True,
09001185,2023,365,1.0,0,True,
09001185,2024,0,0.0,366,False,
09001185,2025,16,0.0438,349,False,
09001187,2010,0,0.0,366,False,
09001187,2011,0,0.0,366,False,
09001187,2012,0,0.0,366,False,
09001187,2013,0,0.0,366,False,
09001187,2014,0,0.0,366,False,
09001187,2015,0,0.0,366,False,
09001187,2016,0,0.0,366,False,
09001187,2017,365,1.0,0,True,
09001187,2018,365,1.0,0,True,
09001187,2019,365,1.0,0,True,
09001187,2020,366,1.0,0,True,
09001187,2021,365,1.0,0,True,
09001187,2022,365,1.0,0,True,
09001187,2023,365,1.0,0,True,
09001187,2024,0,0.0,366,False,
09001187,2025,0,0.0,366,False,
09001188,2010,0,0.0,366,False,
09001188,2011,0,0.0,366,False,
09001188,2012,0,0.0,366,False,
09001188,2013,0,0.0,366,False,
09001188,2014,0,0.0,366,False,
09001188,2015,0,0.0,366,False,
09001188,2016,0,0.0,366,False,
09001188,2017,0,0.0,366,False,
09001188,2018,0,0.0,366,False,
09001188,2019,0,0.0,366,False,
09001188,2020,0,0.0,366,False,
09001188,2021,0,0.0,366,False,
09001188,2022,0,0.0,366,False,
09001188,2023,59,0.1616,306,False,
09001188,2024,366,1.0,0,True,
09001188,2025,365,1.0,0,True,
10000986,2010,353,0.9671,5,True,
10000986,2011,361,0.989,1,True,
10000986,2012,365,0.9973,1,True,
10000986,2013,357,0.9781,2,True,
10000986,2014,361,0.989,1,True,
10000986,2015,364,0.9973,1,True,
10000986,2016,366,1.0,0,True,
10000986,2017,365,1.0,0,True,
10000986,2018,365,1.0,0,True,
10000986,2019,365,1.0,0,True,
10000986,2020,366,1.0,0,True,
10000986,2021,365,1.0,0,True,
10000986,2022,365,1.0,0,True,
10000986,2023,365,1.0,0,True,
10000986,2024,0,0.0,366,False,
10000986,2025,266,0.7288,99,False,
10000993,2010,0,0.0,366,False,
10000993,2011,0,0.0,366,False,
10000993,2012,0,0.0,366,False,
10000993,2013,0,0.0,366,False,
10000993,2014,0,0.0,366,False,
10000993,2015,0,0.0,366,False,
10000993,2016,0,0.0,366,False,
10000993,2017,0,0.0,366,False,
10000993,2018,0,0.0,366,False,
10000993,2019,0,0.0,366,False,
10000993,2020,0,0.0,366,False,
10000993,2021,0,0.0,366,False,
10000993,2022,0,0.0,366,False,
10000993,2023,0,0.0,366,False,
10000993,2024,195,0.5328,171,False,
10000993,2025,365,1.0,0,True,
11000355,2010,346,0.9479,10,True,
11000355,2011,365,1.0,0,True,
11000355,2012,366,1.0,0,True,
11000355,2013,361,0.989,3,True,
11000355,2014,356,0.9753,9,True,
11000355,2015,365,1.0,0,True,
11000355,2016,366,1.0,0,True,
11000355,2017,365,1.0,0,True,
11000355,2018,365,1.0,0,True,
11000355,2019,365,1.0,0,True,
11000355,2020,366,1.0,0,True,
11000355,2021,365,1.0,0,True,
11000355,2022,365,1.0,0,True,
11000355,2023,365,1.0,0,True,
11000355,2024,0,0.0,366,False,
11000355,2025,257,0.7041,99,False,
11000356,2010,354,0.9699,4,True,
11000356,2011,363,0.9945,1,True,
11000356,2012,364,0.9945,1,True,
11000356,2013,326,0.8932,3,False,
11000356,2014,361,0.989,2,True,
11000356,2015,365,1.0,0,True,
11000356,2016,366,1.0,0,True,
11000356,2017,365,1.0,0,True,
11000356,2018,365,1.0,0,True,
11000356,2019,365,1.0,0,True,
11000356,2020,366,1.0,0,True,
11000356,2021,365,1.0,0,True,
11000356,2022,365,1.0,0,True,
11000356,2023,365,1.0,0,True,
11000356,2024,0,0.0,366,False,
11000356,2025,266,0.7288,99,False,
11000357,2010,0,0.0,366,False,
11000357,2011,0,0.0,366,False,
11000357,2012,0,0.0,366,False,
11000357,2013,0,0.0,366,False,
11000357,2014,0,0.0,366,False,
11000357,2015,0,0.0,366,False,
11000357,2016,0,0.0,366,False,
11000357,2017,365,1.0,0,True,
11000357,2018,365,1.0,0,True,
11000357,2019,365,1.0,0,True,
11000357,2020,366,1.0,0,True,
11000357,2021,365,1.0,0,True,
11000357,2022,365,1.0,0,True,
11000357,2023,365,1.0,0,True,
11000357,2024,0,0.0,366,False,
11000357,2025,2,0.0055,264,False,
13000606,2010,0,0.0,366,False,
13000606,2011,9,0.0247,356,False,
13000606,2012,366,1.0,0,True,
13000606,2013,365,1.0,0,True,
13000606,2014,365,1.0,0,True,
13000606,2015,365,1.0,0,True,
13000606,2016,366,1.0,0,True,
13000606,2017,365,1.0,0,True,
13000606,2018,365,1.0,0,True,
13000606,2019,365,1.0,0,True,
13000606,2020,366,1.0,0,True,
13000606,2021,365,1.0,0,True,
13000606,2022,365,1.0,0,True,
13000606,2023,0,0.0,366,False,
13000606,2024,0,0.0,366,False,
13000606,2025,0,0.0,366,False,
13000612,2010,0,0.0,366,False,
13000612,2011,0,0.0,366,False,
13000612,2012,0,0.0,366,False,
13000612,2013,0,0.0,366,False,
13000612,2014,0,0.0,366,False,
13000612,2015,0,0.0,366,False,
13000612,2016,0,0.0,366,False,
13000612,2017,0,0.0,366,False,
13000612,2018,0,0.0,366,False,
13000612,2019,0,0.0,366,False,
13000612,2020,0,0.0,366,False,
13000612,2021,0,0.0,366,False,
13000612,2022,0,0.0,366,False,
13000612,2023,0,0.0,366,False,
13000612,2024,0,0.0,366,False,
13000612,2025,0,0.0,366,False,
14000382,2010,358,0.9808,1,True,
14000382,2011,365,1.0,0,True,
14000382,2012,365,0.9973,1,True,
14000382,2013,365,1.0,0,True,
14000382,2014,365,1.0,0,True,
14000382,2015,365,1.0,0,True,
14000382,2016,366,1.0,0,True,
14000382,2017,365,1.0,0,True,
14000382,2018,365,1.0,0,True,
14000382,2019,365,1.0,0,True,
14000382,2020,366,1.0,0,True,
14000382,2021,365,1.0,0,True,
14000382,2022,365,1.0,0,True,
14000382,2023,365,1.0,0,True,
14000382,2024,0,0.0,366,False,
14000382,2025,266,0.7288,99,False,
15001088,2010,361,0.989,3,True,
15001088,2011,364,0.9973,1,True,
15001088,2012,366,1.0,0,True,
15001088,2013,359,0.9836,2,True,
15001088,2014,360,0.9863,2,True,
15001088,2015,365,1.0,0,True,
15001088,2016,366,1.0,0,True,
15001088,2017,365,1.0,0,True,
15001088,2018,365,1.0,0,True,
15001088,2019,365,1.0,0,True,
15001088,2020,366,1.0,0,True,
15001088,2021,365,1.0,0,True,
15001088,2022,365,1.0,0,True,
15001088,2023,365,1.0,0,True,
15001088,2024,0,0.0,366,False,
15001088,2025,61,0.1671,304,False,
15001093,2010,360,0.9863,1,True,
15001093,2011,350,0.9589,4,True,
15001093,2012,363,0.9918,1,True,
15001093,2013,357,0.9781,4,True,
15001093,2014,359,0.9836,1,True,
15001093,2015,365,1.0,0,True,
15001093,2016,366,1.0,0,True,
15001093,2017,365,1.0,0,True,
15001093,2018,365,1.0,0,True,
15001093,2019,365,1.0,0,True,
15001093,2020,366,1.0,0,True,
15001093,2021,365,1.0,0,True,
15001093,2022,365,1.0,0,True,
15001093,2023,365,1.0,0,True,
15001093,2024,0,0.0,366,False,
15001093,2025,61,0.1671,304,False,
15001095,2010,0,0.0,366,False,
15001095,2011,23,0.063,341,False,
15001095,2012,358,0.9781,8,True,
15001095,2013,361,0.989,2,True,
15001095,2014,361,0.989,1,True,
15001095,2015,364,0.9973,1,True,
15001095,2016,366,1.0,0,True,
15001095,2017,365,1.0,0,True,
15001095,2018,365,1.0,0,True,
15001095,2019,365,1.0,0,True,
15001095,2020,366,1.0,0,True,
15001095,2021,365,1.0,0,True,
15001095,2022,365,1.0,0,True,
15001095,2023,365,1.0,0,True,
15001095,2024,0,0.0,366,False,
15001095,2025,238,0.6521,127,False,
15001098,2010,347,0.9507,2,True,
15001098,2011,358,0.9808,1,True,
15001098,2012,363,0.9918,1,True,
15001098,2013,364,0.9973,1,True,
15001098,2014,363,0.9945,2,True,
15001098,2015,365,1.0,0,True,
15001098,2016,366,1.0,0,True,
15001098,2017,365,1.0,0,True,
15001098,2018,365,1.0,0,True,
15001098,2019,365,1.0,0,True,
15001098,2020,366,1.0,0,True,
15001098,2021,365,1.0,0,True,
15001098,2022,365,1.0,0,True,
15001098,2023,365,1.0,0,True,
15001098,2024,0,0.0,366,False,
15001098,2025,16,0.0438,349,False,
16001369,2010,365,1.0,0,True,
16001369,2011,365,1.0,0,True,
16001369,2012,366,1.0,0,True,
16001369,2013,365,1.0,0,True,
16001369,2014,365,1.0,0,True,
16001369,2015,365,1.0,0,True,
16001369,2016,366,1.0,0,True,
16001369,2017,365,1.0,0,True,
16001369,2018,365,1.0,0,True,
16001369,2019,365,1.0,0,True,
16001369,2020,366,1.0,0,True,
16001369,2021,365,1.0,0,True,
16001369,2022,365,1.0,0,True,
16001369,2023,365,1.0,0,True,
16001369,2024,0,0.0,366,False,
16001369,2025,61,0.1671,304,False,
16001374,2010,365,1.0,0,True,
16001374,2011,365,1.0,0,True,
16001374,2012,366,1.0,0,True,
16001374,2013,365,1.0,0,True,
16001374,2014,365,1.0,0,True,
16001374,2015,365,1.0,0,True,
16001374,2016,366,1.0,0,True,
16001374,2017,365,1.0,0,True,
16001374,2018,365,1.0,0,True,
16001374,2019,365,1.0,0,True,
16001374,2020,366,1.0,0,True,
16001374,2021,365,1.0,0,True,
16001374,2022,365,1.0,0,True,
16001374,2023,365,1.0,0,True,
16001374,2024,0,0.0,366,False,
16001374,2025,90,0.2466,273,False,
17000028,2010,365,1.0,0,True,
17000028,2011,365,1.0,0,True,
17000028,2012,366,1.0,0,True,
17000028,2013,365,1.0,0,True,
17000028,2014,365,1.0,0,True,
17000028,2015,365,1.0,0,True,
17000028,2016,366,1.0,0,True,
17000028,2017,365,1.0,0,True,
17000028,2018,365,1.0,0,True,
17000028,2019,365,1.0,0,True,
17000028,2020,366,1.0,0,True,
17000028,2021,365,1.0,0,True,
17000028,2022,365,1.0,0,True,
17000028,2023,365,1.0,0,True,
17000028,2024,0,0.0,366,False,
17000028,2025,266,0.7288,99,False,
17000029,2010,0,0.0,366,False,
17000029,2011,0,0.0,366,False,
17000029,2012,0,0.0,366,False,
17000029,2013,0,0.0,366,False,
17000029,2014,0,0.0,366,False,
17000029,2015,0,0.0,366,False,
17000029,2016,17,0.0464,349,False,
17000029,2017,365,1.0,0,True,
17000029,2018,365,1.0,0,True,
17000029,2019,365,1.0,0,True,
17000029,2020,366,1.0,0,True,
17000029,2021,365,1.0,0,True,
17000029,2022,365,1.0,0,True,
17000029,2023,365,1.0,0,True,
17000029,2024,0,0.0,366,False,
17000029,2025,0,0.0,366,False,
18000263,2010,0,0.0,366,False,
18000263,2011,0,0.0,366,False,
18000263,2012,0,0.0,366,False,
18000263,2013,0,0.0,366,False,
18000263,2014,0,0.0,366,False,
18000263,2015,0,0.0,366,False,
18000263,2016,31,0.0847,335,False,
18000263,2017,364,0.9973,1,True,
18000263,2018,365,1.0,0,True,
18000263,2019,365,1.0,0,True,
18000263,2020,366,1.0,0,True,
18000263,2021,365,1.0,0,True,
18000263,2022,365,1.0,0,True,
18000263,2023,365,1.0,0,True,
18000263,2024,0,0.0,366,False,
18000263,2025,0,0.0,366,False,
18000264,2010,365,1.0,0,True,
18000264,2011,365,1.0,0,True,
18000264,2012,366,1.0,0,True,
18000264,2013,365,1.0,0,True,
18000264,2014,365,1.0,0,True,
18000264,2015,365,1.0,0,True,
18000264,2016,366,1.0,0,True,
18000264,2017,365,1.0,0,True,
18000264,2018,365,1.0,0,True,
18000264,2019,365,1.0,0,True,
18000264,2020,366,1.0,0,True,
18000264,2021,365,1.0,0,True,
18000264,2022,365,1.0,0,True,
18000264,2023,365,1.0,0,True,
18000264,2024,0,0.0,366,False,
18000264,2025,257,0.7041,99,False,
19000466,2010,365,1.0,0,True,
19000466,2011,365,1.0,0,True,
19000466,2012,366,1.0,0,True,
19000466,2013,365,1.0,0,True,
19000466,2014,365,1.0,0,True,
19000466,2015,365,1.0,0,True,
19000466,2016,366,1.0,0,True,
19000466,2017,365,1.0,0,True,
19000466,2018,365,1.0,0,True,
19000466,2019,365,1.0,0,True,
19000466,2020,366,1.0,0,True,
19000466,2021,365,1.0,0,True,
19000466,2022,365,1.0,0,True,
19000466,2023,365,1.0,0,True,
19000466,2024,0,0.0,366,False,
19000466,2025,266,0.7288,99,False,
19000467,2010,365,1.0,0,True,
19000467,2011,365,1.0,0,True,
19000467,2012,366,1.0,0,True,
19000467,2013,365,1.0,0,True,
19000467,2014,365,1.0,0,True,
19000467,2015,365,1.0,0,True,
19000467,2016,366,1.0,0,True,
19000467,2017,365,1.0,0,True,
19000467,2018,365,1.0,0,True,
19000467,2019,365,1.0,0,True,
19000467,2020,366,1.0,0,True,
19000467,2021,365,1.0,0,True,
19000467,2022,365,1.0,0,True,
19000467,2023,365,1.0,0,True,
19000467,2024,0,0.0,366,False,
19000467,2025,0,0.0,366,False,
19000468,2010,0,0.0,366,False,
19000468,2011,0,0.0,366,False,
19000468,2012,0,0.0,366,False,
19000468,2013,0,0.0,366,False,
19000468,2014,0,0.0,366,False,
19000468,2015,0,0.0,366,False,
19000468,2016,0,0.0,366,False,
19000468,2017,342,0.937,23,False,
19000468,2018,365,1.0,0,True,
19000468,2019,365,1.0,0,True,
19000468,2020,366,1.0,0,True,
19000468,2021,365,1.0,0,True,
19000468,2022,365,1.0,0,True,
19000468,2023,365,1.0,0,True,
19000468,2024,0,0.0,366,False,
19000468,2025,0,0.0,366,False,
19000469,2010,0,0.0,366,False,
19000469,2011,0,0.0,366,False,
19000469,2012,0,0.0,366,False,
19000469,2013,0,0.0,366,False,
19000469,2014,0,0.0,366,False,
19000469,2015,0,0.0,366,False,
19000469,2016,0,0.0,366,False,
19000469,2017,365,1.0,0,True,
19000469,2018,365,1.0,0,True,
19000469,2019,365,1.0,0,True,
19000469,2020,366,1.0,0,True,
19000469,2021,365,1.0,0,True,
19000469,2022,364,0.9973,1,True,
19000469,2023,365,1.0,0,True,
19000469,2024,0,0.0,366,False,
19000469,2025,266,0.7288,99,False,
19000470,2010,0,0.0,366,False,
19000470,2011,0,0.0,366,False,
19000470,2012,0,0.0,366,False,
19000470,2013,0,0.0,366,False,
19000470,2014,0,0.0,366,False,
19000470,2015,0,0.0,366,False,
19000470,2016,0,0.0,366,False,
19000470,2017,362,0.9918,3,True,
19000470,2018,365,1.0,0,True,
19000470,2019,365,1.0,0,True,
19000470,2020,366,1.0,0,True,
19000470,2021,365,1.0,0,True,
19000470,2022,365,1.0,0,True,
19000470,2023,365,1.0,0,True,
19000470,2024,0,0.0,366,False,
19000470,2025,0,0.0,366,False,
20000910,2010,365,1.0,0,True,
20000910,2011,365,1.0,0,True,
20000910,2012,366,1.0,0,True,
20000910,2013,365,1.0,0,True,
20000910,2014,365,1.0,0,True,
20000910,2015,365,1.0,0,True,
20000910,2016,366,1.0,0,True,
20000910,2017,365,1.0,0,True,
20000910,2018,365,1.0,0,True,
20000910,2019,365,1.0,0,True,
20000910,2020,366,1.0,0,True,
20000910,2021,365,1.0,0,True,
20000910,2022,365,1.0,0,True,
20000910,2023,0,0.0,366,False,
20000910,2024,0,0.0,366,False,
20000910,2025,0,0.0,366,False,
20000912,2010,365,1.0,0,True,
20000912,2011,365,1.0,0,True,
20000912,2012,366,1.0,0,True,
20000912,2013,365,1.0,0,True,
20000912,2014,365,1.0,0,True,
20000912,2015,365,1.0,0,True,
20000912,2016,366,1.0,0,True,
20000912,2017,365,1.0,0,True,
20000912,2018,365,1.0,0,True,
20000912,2019,365,1.0,0,True,
20000912,2020,366,1.0,0,True,
20000912,2021,365,1.0,0,True,
20000912,2022,365,1.0,0,True,
20000912,2023,365,1.0,0,True,
20000912,2024,0,0.0,366,False,
20000912,2025,266,0.7288,99,False,
20000917,2010,0,0.0,366,False,
20000917,2011,0,0.0,366,False,
20000917,2012,0,0.0,366,False,
20000917,2013,0,0.0,366,False,
20000917,2014,0,0.0,366,False,
20000917,2015,0,0.0,366,False,
20000917,2016,0,0.0,366,False,
20000917,2017,0,0.0,366,False,
20000917,2018,0,0.0,366,False,
20000917,2019,0,0.0,366,False,
20000917,2020,0,0.0,366,False,
20000917,2021,0,0.0,366,False,
20000917,2022,0,0.0,366,False,
20000917,2023,59,0.1616,306,False,
20000917,2024,366,1.0,0,True,
20000917,2025,365,1.0,0,True,
21006839,2010,0,0.0,366,False,
21006839,2011,0,0.0,366,False,
21006839,2012,0,0.0,366,False,
21006839,2013,0,0.0,366,False,
21006839,2014,0,0.0,366,False,
21006839,2015,0,0.0,366,False,
21006839,2016,0,0.0,366,False,
21006839,2017,365,1.0,0,True,
21006839,2018,365,1.0,0,True,
21006839,2019,365,1.0,0,True,
21006839,2020,366,1.0,0,True,
21006839,2021,365,1.0,0,True,
21006839,2022,365,1.0,0,True,
21006839,2023,365,1.0,0,True,
21006839,2024,0,0.0,366,False,
21006839,2025,0,0.0,366,False,
21006840,2010,349,0.9562,16,False,
21006840,2011,350,0.9589,7,True,
21006840,2012,365,0.9973,1,True,
21006840,2013,357,0.9781,8,True,
21006840,2014,365,1.0,0,True,
21006840,2015,365,1.0,0,True,
21006840,2016,366,1.0,0,True,
21006840,2017,365,1.0,0,True,
21006840,2018,365,1.0,0,True,
21006840,2019,365,1.0,0,True,
21006840,2020,366,1.0,0,True,
21006840,2021,365,1.0,0,True,
21006840,2022,365,1.0,0,True,
21006840,2023,365,1.0,0,True,
21006840,2024,0,0.0,366,False,
21006840,2025,0,0.0,366,False,
21006841,2010,356,0.9753,3,True,
21006841,2011,357,0.9781,6,True,
21006841,2012,366,1.0,0,True,
21006841,2013,365,1.0,0,True,
21006841,2014,365,1.0,0,True,
21006841,2015,365,1.0,0,True,
21006841,2016,366,1.0,0,True,
21006841,2017,365,1.0,0,True,
21006841,2018,365,1.0,0,True,
21006841,2019,365,1.0,0,True,
21006841,2020,366,1.0,0,True,
21006841,2021,365,1.0,0,True,
21006841,2022,365,1.0,0,True,
21006841,2023,365,1.0,0,True,
21006841,2024,0,0.0,366,False,
21006841,2025,15,0.0411,350,False,
21006842,2010,0,0.0,366,False,
21006842,2011,0,0.0,366,False,
21006842,2012,0,0.0,366,False,
21006842,2013,0,0.0,366,False,
21006842,2014,0,0.0,366,False,
21006842,2015,0,0.0,366,False,
21006842,2016,0,0.0,366,False,
21006842,2017,0,0.0,366,False,
21006842,2018,0,0.0,366,False,
21006842,2019,0,0.0,366,False,
21006842,2020,0,0.0,366,False,
21006842,2021,0,0.0,366,False,
21006842,2022,0,0.0,366,False,
21006842,2023,49,0.1342,306,False,
21006842,2024,352,0.9617,5,True,
21006842,2025,332,0.9096,27,False,
21006843,2010,365,1.0,0,True,
21006843,2011,364,0.9973,1,True,
21006843,2012,366,1.0,0,True,
21006843,2013,365,1.0,0,True,
21006843,2014,365,1.0,0,True,
21006843,2015,365,1.0,0,True,
21006843,2016,366,1.0,0,True,
21006843,2017,365,1.0,0,True,
21006843,2018,365,1.0,0,True,
21006843,2019,365,1.0,0,True,
21006843,2020,366,1.0,0,True,
21006843,2021,365,1.0,0,True,
21006843,2022,365,1.0,0,True,
21006843,2023,365,1.0,0,True,
21006843,2024,0,0.0,366,False,
21006843,2025,250,0.6849,99,False,
21006845,2010,365,1.0,0,True,
21006845,2011,354,0.9699,11,True,
21006845,2012,366,1.0,0,True,
21006845,2013,365,1.0,0,True,
21006845,2014,365,1.0,0,True,
21006845,2015,365,1.0,0,True,
21006845,2016,366,1.0,0,True,
21006845,2017,365,1.0,0,True,
21006845,2018,365,1.0,0,True,
21006845,2019,365,1.0,0,True,
21006845,2020,366,1.0,0,True,
21006845,2021,365,1.0,0,True,
21006845,2022,365,1.0,0,True,
21006845,2023,361,0.989,4,True,
21006845,2024,178,0.4863,179,False,
21006845,2025,365,1.0,0,True,
21006846,2010,365,1.0,0,True,
21006846,2011,365,1.0,0,True,
21006846,2012,366,1.0,0,True,
21006846,2013,365,1.0,0,True,
21006846,2014,365,1.0,0,True,
21006846,2015,365,1.0,0,True,
21006846,2016,366,1.0,0,True,
21006846,2017,365,1.0,0,True,
21006846,2018,365,1.0,0,True,
21006846,2019,365,1.0,0,True,
21006846,2020,366,1.0,0,True,
21006846,2021,365,1.0,0,True,
21006846,2022,365,1.0,0,True,
21006846,2023,365,1.0,0,True,
21006846,2024,0,0.0,366,False,
21006846,2025,61,0.1671,304,False,
21006847,2010,351,0.9616,2,True,
21006847,2011,365,1.0,0,True,
21006847,2012,352,0.9617,14,True,
21006847,2013,365,1.0,0,True,
21006847,2014,365,1.0,0,True,
21006847,2015,365,1.0,0,True,
21006847,2016,366,1.0,0,True,
21006847,2017,365,1.0,0,True,
21006847,2018,365,1.0,0,True,
21006847,2019,365,1.0,0,True,
21006847,2020,366,1.0,0,True,
21006847,2021,362,0.9918,3,True,
21006847,2022,365,1.0,0,True,
21006847,2023,365,1.0,0,True,
21006847,2024,0,0.0,366,False,
21006847,2025,259,0.7096,99,False,
21006851,2010,343,0.9397,8,True,
21006851,2011,359,0.9836,2,True,
21006851,2012,366,1.0,0,True,
21006851,2013,365,1.0,0,True,
21006851,2014,365,1.0,0,True,
21006851,2015,365,1.0,0,True,
21006851,2016,366,1.0,0,True,
21006851,2017,365,1.0,0,True,
21006851,2018,365,1.0,0,True,
21006851,2019,365,1.0,0,True,
21006851,2020,366,1.0,0,True,
21006851,2021,365,1.0,0,True,
21006851,2022,365,1.0,0,True,
21006851,2023,365,1.0,0,True,
21006851,2024,0,0.0,366,False,
21006851,2025,15,0.0411,350,False,
21006852,2010,0,0.0,366,False,
21006852,2011,0,0.0,366,False,
21006852,2012,0,0.0,366,False,
21006852,2013,0,0.0,366,False,
21006852,2014,0,0.0,366,False,
21006852,2015,0,0.0,366,False,
21006852,2016,26,0.071,340,False,
21006852,2017,365,1.0,0,True,
21006852,2018,365,1.0,0,True,
21006852,2019,365,1.0,0,True,
21006852,2020,366,1.0,0,True,
21006852,2021,365,1.0,0,True,
21006852,2022,365,1.0,0,True,
21006852,2023,365,1.0,0,True,
21006852,2024,0,0.0,366,False,
21006852,2025,61,0.1671,304,False,
21006853,2010,362,0.9918,3,True,
21006853,2011,364,0.9973,1,True,
21006853,2012,366,1.0,0,True,
21006853,2013,365,1.0,0,True,
21006853,2014,365,1.0,0,True,
21006853,2015,365,1.0,0,True,
21006853,2016,366,1.0,0,True,
21006853,2017,365,1.0,0,True,
21006853,2018,365,1.0,0,True,
21006853,2019,365,1.0,0,True,
21006853,2020,366,1.0,0,True,
21006853,2021,365,1.0,0,True,
21006853,2022,365,1.0,0,True,
21006853,2023,365,1.0,0,True,
21006853,2024,0,0.0,366,False,
21006853,2025,266,0.7288,99,False,
21006857,2010,365,1.0,0,True,
21006857,2011,364,0.9973,1,True,
21006857,2012,366,1.0,0,True,
21006857,2013,365,1.0,0,True,
21006857,2014,365,1.0,0,True,
21006857,2015,365,1.0,0,True,
21006857,2016,366,1.0,0,True,
21006857,2017,365,1.0,0,True,
21006857,2018,365,1.0,0,True,
21006857,2019,365,1.0,0,True,
21006857,2020,366,1.0,0,True,
21006857,2021,365,1.0,0,True,
21006857,2022,365,1.0,0,True,
21006857,2023,365,1.0,0,True,
21006857,2024,0,0.0,366,False,
21006857,2025,92,0.2521,273,False,
21006858,2010,365,1.0,0,True,
21006858,2011,365,1.0,0,True,
21006858,2012,366,1.0,0,True,
21006858,2013,365,1.0,0,True,
21006858,2014,365,1.0,0,True,
21006858,2015,365,1.0,0,True,
21006858,2016,366,1.0,0,True,
21006858,2017,365,1.0,0,True,
21006858,2018,365,1.0,0,True,
21006858,2019,365,1.0,0,True,
21006858,2020,366,1.0,0,True,
21006858,2021,363,0.9945,2,True,
21006858,2022,365,1.0,0,True,
21006858,2023,365,1.0,0,True,
21006858,2024,0,0.0,366,False,
21006858,2025,61,0.1671,304,False,
21006860,2010,0,0.0,366,False,
21006860,2011,0,0.0,366,False,
21006860,2012,0,0.0,366,False,
21006860,2013,0,0.0,366,False,
21006860,2014,0,0.0,366,False,
21006860,2015,0,0.0,366,False,
21006860,2016,0,0.0,366,False,
21006860,2017,0,0.0,366,False,
21006860,2018,0,0.0,366,False,
21006860,2019,0,0.0,366,False,
21006860,2020,0,0.0,366,False,
21006860,2021,0,0.0,366,False,
21006860,2022,0,0.0,366,False,
21006860,2023,59,0.1616,306,False,
21006860,2024,366,1.0,0,True,
21006860,2025,327,0.8959,38,False,
21006861,2010,0,0.0,366,False,
21006861,2011,0,0.0,366,False,
21006861,2012,0,0.0,366,False,
21006861,2013,0,0.0,366,False,
21006861,2014,0,0.0,366,False,
21006861,2015,0,0.0,366,False,
21006861,2016,0,0.0,366,False,
21006861,2017,365,1.0,0,True,
21006861,2018,365,1.0,0,True,
21006861,2019,365,1.0,0,True,
21006861,2020,366,1.0,0,True,
21006861,2021,365,1.0,0,True,
21006861,2022,365,1.0,0,True,
21006861,2023,365,1.0,0,True,
21006861,2024,0,0.0,366,False,
21006861,2025,0,0.0,366,False,
21006862,2010,0,0.0,366,False,
21006862,2011,0,0.0,366,False,
21006862,2012,0,0.0,366,False,
21006862,2013,0,0.0,366,False,
21006862,2014,0,0.0,366,False,
21006862,2015,0,0.0,366,False,
21006862,2016,0,0.0,366,False,
21006862,2017,0,0.0,366,False,
21006862,2018,0,0.0,366,False,
21006862,2019,0,0.0,366,False,
21006862,2020,0,0.0,366,False,
21006862,2021,0,0.0,366,False,
21006862,2022,0,0.0,366,False,
21006862,2023,59,0.1616,306,False,
21006862,2024,352,0.9617,14,True,
21006862,2025,349,0.9562,16,False,
21006868,2010,0,0.0,366,False,
21006868,2011,365,1.0,0,True,
21006868,2012,366,1.0,0,True,
21006868,2013,364,0.9973,1,True,
21006868,2014,365,1.0,0,True,
21006868,2015,365,1.0,0,True,
21006868,2016,366,1.0,0,True,
21006868,2017,365,1.0,0,True,
21006868,2018,365,1.0,0,True,
21006868,2019,365,1.0,0,True,
21006868,2020,366,1.0,0,True,
21006868,2021,365,1.0,0,True,
21006868,2022,364,0.9973,1,True,
21006868,2023,365,1.0,0,True,
21006868,2024,0,0.0,366,False,
21006868,2025,0,0.0,366,False,
21006869,2010,357,0.9781,1,True,
21006869,2011,358,0.9808,3,True,
21006869,2012,366,1.0,0,True,
21006869,2013,365,1.0,0,True,
21006869,2014,365,1.0,0,True,
21006869,2015,365,1.0,0,True,
21006869,2016,366,1.0,0,True,
21006869,2017,365,1.0,0,True,
21006869,2018,365,1.0,0,True,
21006869,2019,365,1.0,0,True,
21006869,2020,366,1.0,0,True,
21006869,2021,365,1.0,0,True,
21006869,2022,365,1.0,0,True,
21006869,2023,365,1.0,0,True,
21006869,2024,0,0.0,366,False,
21006869,2025,263,0.7205,99,False,
21006876,2010,365,1.0,0,True,
21006876,2011,365,1.0,0,True,
21006876,2012,366,1.0,0,True,
21006876,2013,365,1.0,0,True,
21006876,2014,365,1.0,0,True,
21006876,2015,365,1.0,0,True,
21006876,2016,366,1.0,0,True,
21006876,2017,365,1.0,0,True,
21006876,2018,365,1.0,0,True,
21006876,2019,365,1.0,0,True,
21006876,2020,366,1.0,0,True,
21006876,2021,365,1.0,0,True,
21006876,2022,365,1.0,0,True,
21006876,2023,365,1.0,0,True,
21006876,2024,0,0.0,366,False,
21006876,2025,61,0.1671,304,False,
21006878,2010,0,0.0,366,False,
21006878,2011,0,0.0,366,False,
21006878,2012,0,0.0,366,False,
21006878,2013,0,0.0,366,False,
21006878,2014,0,0.0,366,False,
21006878,2015,0,0.0,366,False,
21006878,2016,18,0.0492,348,False,
21006878,2017,365,1.0,0,True,
21006878,2018,365,1.0,0,True,
21006878,2019,365,1.0,0,True,
21006878,2020,366,1.0,0,True,
21006878,2021,365,1.0,0,True,
21006878,2022,365,1.0,0,True,
21006878,2023,365,1.0,0,True,
21006878,2024,0,0.0,366,False,
21006878,2025,58,0.1589,304,False,
21006881,2010,0,0.0,366,False,
21006881,2011,0,0.0,366,False,
21006881,2012,0,0.0,366,False,
21006881,2013,0,0.0,366,False,
21006881,2014,0,0.0,366,False,
21006881,2015,0,0.0,366,False,
21006881,2016,0,0.0,366,False,
21006881,2017,365,1.0,0,True,
21006881,2018,365,1.0,0,True,
21006881,2019,365,1.0,0,True,
21006881,2020,366,1.0,0,True,
21006881,2021,365,1.0,0,True,
21006881,2022,365,1.0,0,True,
21006881,2023,365,1.0,0,True,
21006881,2024,0,0.0,366,False,
21006881,2025,0,0.0,366,False,
21006887,2010,0,0.0,366,False,
21006887,2011,0,0.0,366,False,
21006887,2012,0,0.0,366,False,
21006887,2013,0,0.0,366,False,
21006887,2014,0,0.0,366,False,
21006887,2015,0,0.0,366,False,
21006887,2016,0,0.0,366,False,
21006887,2017,0,0.0,366,False,
21006887,2018,0,0.0,366,False,
21006887,2019,0,0.0,366,False,
21006887,2020,0,0.0,366,False,
21006887,2021,0,0.0,366,False,
21006887,2022,0,0.0,366,False,
21006887,2023,59,0.1616,306,False,
21006887,2024,366,1.0,0,True,
21006887,2025,365,1.0,0,True,
21006889,2010,0,0.0,366,False,
21006889,2011,0,0.0,366,False,
21006889,2012,0,0.0,366,False,
21006889,2013,0,0.0,366,False,
21006889,2014,0,0.0,366,False,
21006889,2015,0,0.0,366,False,
21006889,2016,0,0.0,366,False,
21006889,2017,0,0.0,366,False,
21006889,2018,0,0.0,366,False,
21006889,2019,0,0.0,366,False,
21006889,2020,0,0.0,366,False,
21006889,2021,0,0.0,366,False,
21006889,2022,0,0.0,366,False,
21006889,2023,59,0.1616,306,False,
21006889,2024,366,1.0,0,True,
21006889,2025,365,1.0,0,True,
22001654,2010,365,1.0,0,True,
22001654,2011,365,1.0,0,True,
22001654,2012,366,1.0,0,True,
22001654,2013,365,1.0,0,True,
22001654,2014,365,1.0,0,True,
22001654,2015,365,1.0,0,True,
22001654,2016,366,1.0,0,True,
22001654,2017,365,1.0,0,True,
22001654,2018,365,1.0,0,True,
22001654,2019,365,1.0,0,True,
22001654,2020,366,1.0,0,True,
22001654,2021,365,1.0,0,True,
22001654,2022,365,1.0,0,True,
22001654,2023,365,1.0,0,True,
22001654,2024,0,0.0,366,False,
22001654,2025,266,0.7288,99,False,
22001656,2010,365,1.0,0,True,
22001656,2011,365,1.0,0,True,
22001656,2012,366,1.0,0,True,
22001656,2013,365,1.0,0,True,
22001656,2014,365,1.0,0,True,
22001656,2015,365,1.0,0,True,
22001656,2016,366,1.0,0,True,
22001656,2017,365,1.0,0,True,
22001656,2018,365,1.0,0,True,
22001656,2019,365,1.0,0,True,
22001656,2020,366,1.0,0,True,
22001656,2021,365,1.0,0,True,
22001656,2022,365,1.0,0,True,
22001656,2023,365,1.0,0,True,
22001656,2024,0,0.0,366,False,
22001656,2025,266,0.7288,99,False,
22001667,2010,0,0.0,366,False,
22001667,2011,0,0.0,366,False,
22001667,2012,0,0.0,366,False,
22001667,2013,0,0.0,366,False,
22001667,2014,0,0.0,366,False,
22001667,2015,0,0.0,366,False,
22001667,2016,0,0.0,366,False,
22001667,2017,365,1.0,0,True,
22001667,2018,365,1.0,0,True,
22001667,2019,365,1.0,0,True,
22001667,2020,366,1.0,0,True,
22001667,2021,365,1.0,0,True,
22001667,2022,365,1.0,0,True,
22001667,2023,365,1.0,0,True,
22001667,2024,0,0.0,366,False,
22001667,2025,266,0.7288,99,False,
23000179,2010,0,0.0,366,False,
23000179,2011,0,0.0,366,False,
23000179,2012,0,0.0,366,False,
23000179,2013,0,0.0,366,False,
23000179,2014,0,0.0,366,False,
23000179,2015,0,0.0,366,False,
23000179,2016,0,0.0,366,False,
23000179,2017,0,0.0,366,False,
23000179,2018,0,0.0,366,False,
23000179,2019,0,0.0,366,False,
23000179,2020,0,0.0,366,False,
23000179,2021,0,0.0,366,False,
23000179,2022,0,0.0,366,False,
23000179,2023,0,0.0,366,False,
23000179,2024,205,0.5601,161,False,
23000179,2025,365,1.0,0,True,
23000182,2010,0,0.0,366,False,
23000182,2011,0,0.0,366,False,
23000182,2012,0,0.0,366,False,
23000182,2013,0,0.0,366,False,
23000182,2014,0,0.0,366,False,
23000182,2015,0,0.0,366,False,
23000182,2016,0,0.0,366,False,
23000182,2017,0,0.0,366,False,
23000182,2018,0,0.0,366,False,
23000182,2019,0,0.0,366,False,
23000182,2020,0,0.0,366,False,
23000182,2021,0,0.0,366,False,
23000182,2022,0,0.0,366,False,
23000182,2023,59,0.1616,306,False,
23000182,2024,324,0.8852,23,False,
23000182,2025,357,0.9781,7,True,
25003908,2010,0,0.0,366,False,
25003908,2011,245,0.6712,120,False,
25003908,2012,366,1.0,0,True,
25003908,2013,365,1.0,0,True,
25003908,2014,365,1.0,0,True,
25003908,2015,365,1.0,0,True,
25003908,2016,359,0.9809,5,True,
25003908,2017,246,0.674,105,False,
25003908,2018,315,0.863,50,False,
25003908,2019,365,1.0,0,True,
25003908,2020,366,1.0,0,True,
25003908,2021,365,1.0,0,True,
25003908,2022,365,1.0,0,True,
25003908,2023,365,1.0,0,True,
25003908,2024,0,0.0,366,False,
25003908,2025,0,0.0,366,False,
25003909,2010,0,0.0,366,False,
25003909,2011,0,0.0,366,False,
25003909,2012,0,0.0,366,False,
25003909,2013,0,0.0,366,False,
25003909,2014,0,0.0,366,False,
25003909,2015,0,0.0,366,False,
25003909,2016,25,0.0683,341,False,
25003909,2017,365,1.0,0,True,
25003909,2018,365,1.0,0,True,
25003909,2019,365,1.0,0,True,
25003909,2020,366,1.0,0,True,
25003909,2021,365,1.0,0,True,
25003909,2022,365,1.0,0,True,
25003909,2023,365,1.0,0,True,
25003909,2024,0,0.0,366,False,
25003909,2025,0,0.0,366,False,
25003910,2010,365,1.0,0,True,
25003910,2011,365,1.0,0,True,
25003910,2012,366,1.0,0,True,
25003910,2013,365,1.0,0,True,
25003910,2014,365,1.0,0,True,
25003910,2015,365,1.0,0,True,
25003910,2016,366,1.0,0,True,
25003910,2017,365,1.0,0,True,
25003910,2018,365,1.0,0,True,
25003910,2019,365,1.0,0,True,
25003910,2020,366,1.0,0,True,
25003910,2021,365,1.0,0,True,
25003910,2022,365,1.0,0,True,
25003910,2023,365,1.0,0,True,
25003910,2024,0,0.0,366,False,
25003910,2025,266,0.7288,99,False,
25003914,2010,365,1.0,0,True,
25003914,2011,365,1.0,0,True,
25003914,2012,366,1.0,0,True,
25003914,2013,365,1.0,0,True,
25003914,2014,365,1.0,0,True,
25003914,2015,365,1.0,0,True,
25003914,2016,366,1.0,0,True,
25003914,2017,364,0.9973,1,True,
25003914,2018,365,1.0,0,True,
25003914,2019,365,1.0,0,True,
25003914,2020,366,1.0,0,True,
25003914,2021,365,1.0,0,True,
25003914,2022,365,1.0,0,True,
25003914,2023,365,1.0,0,True,
25003914,2024,0,0.0,366,False,
25003914,2025,266,0.7288,99,False,
26000766,2010,353,0.9671,10,True,
26000766,2011,363,0.9945,1,True,
26000766,2012,366,1.0,0,True,
26000766,2013,365,1.0,0,True,
26000766,2014,365,1.0,0,True,
26000766,2015,365,1.0,0,True,
26000766,2016,366,1.0,0,True,
26000766,2017,365,1.0,0,True,
26000766,2018,365,1.0,0,True,
26000766,2019,365,1.0,0,True,
26000766,2020,366,1.0,0,True,
26000766,2021,365,1.0,0,True,
26000766,2022,365,1.0,0,True,
26000766,2023,365,1.0,0,True,
26000766,2024,0,0.0,366,False,
26000766,2025,266,0.7288,99,False,
26000768,2010,0,0.0,366,False,
26000768,2011,0,0.0,366,False,
26000768,2012,0,0.0,366,False,
26000768,2013,0,0.0,366,False,
26000768,2014,0,0.0,366,False,
26000768,2015,0,0.0,366,False,
26000768,2016,0,0.0,366,False,
26000768,2017,0,0.0,366,False,
26000768,2018,0,0.0,366,False,
26000768,2019,0,0.0,366,False,
26000768,2020,0,0.0,366,False,
26000768,2021,0,0.0,366,False,
26000768,2022,0,0.0,366,False,
26000768,2023,52,0.1425,313,False,
26000768,2024,366,1.0,0,True,
26000768,2025,365,1.0,0,True,
27001035,2010,353,0.9671,4,True,
27001035,2011,225,0.6164,77,False,
27001035,2012,293,0.8005,63,False,
27001035,2013,264,0.7233,27,False,
27001035,2014,0,0.0,366,False,
27001035,2015,0,0.0,366,False,
27001035,2016,28,0.0765,338,False,
27001035,2017,365,1.0,0,True,
27001035,2018,365,1.0,0,True,
27001035,2019,365,1.0,0,True,
27001035,2020,366,1.0,0,True,
27001035,2021,365,1.0,0,True,
27001035,2022,365,1.0,0,True,
27001035,2023,365,1.0,0,True,
27001035,2024,0,0.0,366,False,
27001035,2025,237,0.6493,128,False,
27001106,2010,0,0.0,366,False,
27001106,2011,0,0.0,366,False,
27001106,2012,0,0.0,366,False,
27001106,2013,0,0.0,366,False,
27001106,2014,0,0.0,366,False,
27001106,2015,0,0.0,366,False,
27001106,2016,11,0.0301,355,False,
27001106,2017,365,1.0,0,True,
27001106,2018,365,1.0,0,True,
27001106,2019,365,1.0,0,True,
27001106,2020,366,1.0,0,True,
27001106,2021,365,1.0,0,True,
27001106,2022,365,1.0,0,True,
27001106,2023,0,0.0,366,False,
27001106,2024,0,0.0,366,False,
27001106,2025,0,0.0,366,False,
27001109,2010,0,0.0,366,False,
27001109,2011,0,0.0,366,False,
27001109,2012,0,0.0,366,False,
27001109,2013,0,0.0,366,False,
27001109,2014,0,0.0,366,False,
27001109,2015,0,0.0,366,False,
27001109,2016,16,0.0437,350,False,
27001109,2017,365,1.0,0,True,
27001109,2018,365,1.0,0,True,
27001109,2019,365,1.0,0,True,
27001109,2020,366,1.0,0,True,
27001109,2021,365,1.0,0,True,
27001109,2022,365,1.0,0,True,
27001109,2023,365,1.0,0,True,
27001109,2024,0,0.0,366,False,
27001109,2025,51,0.1397,314,False,
28000260,2010,365,1.0,0,True,
28000260,2011,365,1.0,0,True,
28000260,2012,366,1.0,0,True,
28000260,2013,365,1.0,0,True,
28000260,2014,364,0.9973,1,True,
28000260,2015,365,1.0,0,True,
28000260,2016,365,0.9973,1,True,
28000260,2017,364,0.9973,1,True,
28000260,2018,365,1.0,0,True,
28000260,2019,365,1.0,0,True,
28000260,2020,366,1.0,0,True,
28000260,2021,365,1.0,0,True,
28000260,2022,365,1.0,0,True,
28000260,2023,365,1.0,0,True,
28000260,2024,0,0.0,366,False,
28000260,2025,266,0.7288,99,False,
28000262,2010,0,0.0,366,False,
28000262,2011,0,0.0,366,False,
28000262,2012,0,0.0,366,False,
28000262,2013,0,0.0,366,False,
28000262,2014,0,0.0,366,False,
28000262,2015,0,0.0,366,False,
28000262,2016,0,0.0,366,False,
28000262,2017,0,0.0,366,False,
28000262,2018,0,0.0,366,False,
28000262,2019,0,0.0,366,False,
28000262,2020,0,0.0,366,False,
28000262,2021,0,0.0,366,False,
28000262,2022,0,0.0,366,False,
28000262,2023,59,0.1616,306,False,
28000262,2024,365,0.9973,1,True,
28000262,2025,349,0.9562,16,False,
30000681,2010,257,0.7041,108,False,
30000681,2011,365,1.0,0,True,
30000681,2012,366,1.0,0,True,
30000681,2013,365,1.0,0,True,
30000681,2014,365,1.0,0,True,
30000681,2015,365,1.0,0,True,
30000681,2016,366,1.0,0,True,
30000681,2017,365,1.0,0,True,
30000681,2018,365,1.0,0,True,
30000681,2019,365,1.0,0,True,
30000681,2020,366,1.0,0,True,
30000681,2021,365,1.0,0,True,
30000681,2022,365,1.0,0,True,
30000681,2023,365,1.0,0,True,
30000681,2024,0,0.0,366,False,
30000681,2025,0,0.0,366,False,
31001396,2010,0,0.0,366,False,
31001396,2011,0,0.0,366,False,
31001396,2012,0,0.0,366,False,
31001396,2013,0,0.0,366,False,
31001396,2014,0,0.0,366,False,
31001396,2015,0,0.0,366,False,
31001396,2016,0,0.0,366,False,
31001396,2017,0,0.0,366,False,
31001396,2018,0,0.0,366,False,
31001396,2019,0,0.0,366,False,
31001396,2020,0,0.0,366,False,
31001396,2021,0,0.0,366,False,
31001396,2022,0,0.0,366,False,
31001396,2023,0,0.0,366,False,
31001396,2024,0,0.0,366,False,
31001396,2025,15,0.0411,350,False,
31001398,2010,365,1.0,0,True,
31001398,2011,365,1.0,0,True,
31001398,2012,366,1.0,0,True,
31001398,2013,365,1.0,0,True,
31001398,2014,365,1.0,0,True,
31001398,2015,365,1.0,0,True,
31001398,2016,366,1.0,0,True,
31001398,2017,365,1.0,0,True,
31001398,2018,365,1.0,0,True,
31001398,2019,365,1.0,0,True,
31001398,2020,366,1.0,0,True,
31001398,2021,365,1.0,0,True,
31001398,2022,365,1.0,0,True,
31001398,2023,365,1.0,0,True,
31001398,2024,0,0.0,366,False,
31001398,2025,266,0.7288,99,False,
32000997,2010,365,1.0,0,True,
32000997,2011,365,1.0,0,True,
32000997,2012,366,1.0,0,True,
32000997,2013,365,1.0,0,True,
32000997,2014,365,1.0,0,True,
32000997,2015,365,1.0,0,True,
32000997,2016,366,1.0,0,True,
32000997,2017,365,1.0,0,True,
32000997,2018,365,1.0,0,True,
32000997,2019,365,1.0,0,True,
32000997,2020,366,1.0,0,True,
32000997,2021,365,1.0,0,True,
32000997,2022,365,1.0,0,True,
32000997,2023,365,1.0,0,True,
32000997,2024,366,1.0,0,True,
32000997,2025,365,1.0,0,True,
32000998,2010,365,1.0,0,True,
32000998,2011,365,1.0,0,True,
32000998,2012,366,1.0,0,True,
32000998,2013,365,1.0,0,True,
32000998,2014,365,1.0,0,True,
32000998,2015,365,1.0,0,True,
32000998,2016,366,1.0,0,True,
32000998,2017,365,1.0,0,True,
32000998,2018,365,1.0,0,True,
32000998,2019,365,1.0,0,True,
32000998,2020,366,1.0,0,True,
32000998,2021,365,1.0,0,True,
32000998,2022,365,1.0,0,True,
32000998,2023,365,1.0,0,True,
32000998,2024,0,0.0,366,False,
32000998,2025,0,0.0,366,False,
32001001,2010,365,1.0,0,True,
32001001,2011,365,1.0,0,True,
32001001,2012,366,1.0,0,True,
32001001,2013,365,1.0,0,True,
32001001,2014,365,1.0,0,True,
32001001,2015,362,0.9918,3,True,
32001001,2016,366,1.0,0,True,
32001001,2017,365,1.0,0,True,
32001001,2018,365,1.0,0,True,
32001001,2019,365,1.0,0,True,
32001001,2020,366,1.0,0,True,
32001001,2021,365,1.0,0,True,
32001001,2022,365,1.0,0,True,
32001001,2023,365,1.0,0,True,
32001001,2024,0,0.0,366,False,
32001001,2025,15,0.0411,350,False,
33000333,2010,0,0.0,366,False,
33000333,2011,0,0.0,366,False,
33000333,2012,366,1.0,0,True,
33000333,2013,365,1.0,0,True,
33000333,2014,365,1.0,0,True,
33000333,2015,365,1.0,0,True,
33000333,2016,366,1.0,0,True,
33000333,2017,365,1.0,0,True,
33000333,2018,365,1.0,0,True,
33000333,2019,365,1.0,0,True,
33000333,2020,366,1.0,0,True,
33000333,2021,365,1.0,0,True,
33000333,2022,365,1.0,0,True,
33000333,2023,365,1.0,0,True,
33000333,2024,0,0.0,366,False,
33000333,2025,15,0.0411,350,False,
33000334,2010,365,1.0,0,True,
33000334,2011,365,1.0,0,True,
33000334,2012,366,1.0,0,True,
33000334,2013,365,1.0,0,True,
33000334,2014,365,1.0,0,True,
33000334,2015,365,1.0,0,True,
33000334,2016,366,1.0,0,True,
33000334,2017,365,1.0,0,True,
33000334,2018,365,1.0,0,True,
33000334,2019,365,1.0,0,True,
33000334,2020,366,1.0,0,True,
33000334,2021,365,1.0,0,True,
33000334,2022,365,1.0,0,True,
33000334,2023,365,1.0,0,True,
33000334,2024,0,0.0,366,False,
33000334,2025,15,0.0411,350,False,
34000514,2010,365,1.0,0,True,
34000514,2011,365,1.0,0,True,
34000514,2012,366,1.0,0,True,
34000514,2013,365,1.0,0,True,
34000514,2014,365,1.0,0,True,
34000514,2015,365,1.0,0,True,
34000514,2016,366,1.0,0,True,
34000514,2017,365,1.0,0,True,
34000514,2018,365,1.0,0,True,
34000514,2019,365,1.0,0,True,
34000514,2020,366,1.0,0,True,
34000514,2021,365,1.0,0,True,
34000514,2022,365,1.0,0,True,
34000514,2023,365,1.0,0,True,
34000514,2024,0,0.0,366,False,
34000514,2025,266,0.7288,99,False,
35000722,2010,365,1.0,0,True,
35000722,2011,365,1.0,0,True,
35000722,2012,366,1.0,0,True,
35000722,2013,365,1.0,0,True,
35000722,2014,365,1.0,0,True,
35000722,2015,365,1.0,0,True,
35000722,2016,366,1.0,0,True,
35000722,2017,365,1.0,0,True,
35000722,2018,365,1.0,0,True,
35000722,2019,365,1.0,0,True,
35000722,2020,366,1.0,0,True,
35000722,2021,365,1.0,0,True,
35000722,2022,365,1.0,0,True,
35000722,2023,0,0.0,366,False,
35000722,2024,0,0.0,366,False,
35000722,2025,0,0.0,366,False,
36000551,2010,365,1.0,0,True,
36000551,2011,365,1.0,0,True,
36000551,2012,366,1.0,0,True,
36000551,2013,365,1.0,0,True,
36000551,2014,365,1.0,0,True,
36000551,2015,365,1.0,0,True,
36000551,2016,366,1.0,0,True,
36000551,2017,365,1.0,0,True,
36000551,2018,365,1.0,0,True,
36000551,2019,365,1.0,0,True,
36000551,2020,366,1.0,0,True,
36000551,2021,365,1.0,0,True,
36000551,2022,365,1.0,0,True,
36000551,2023,365,1.0,0,True,
36000551,2024,0,0.0,366,False,
36000551,2025,266,0.7288,99,False,
36000552,2010,0,0.0,366,False,
36000552,2011,0,0.0,366,False,
36000552,2012,0,0.0,366,False,
36000552,2013,0,0.0,366,False,
36000552,2014,0,0.0,366,False,
36000552,2015,0,0.0,366,False,
36000552,2016,0,0.0,366,False,
36000552,2017,0,0.0,366,False,
36000552,2018,0,0.0,366,False,
36000552,2019,0,0.0,366,False,
36000552,2020,0,0.0,366,False,
36000552,2021,0,0.0,366,False,
36000552,2022,0,0.0,366,False,
36000552,2023,52,0.1425,313,False,
36000552,2024,366,1.0,0,True,
36000552,2025,365,1.0,0,True,
37000857,2010,365,1.0,0,True,
37000857,2011,365,1.0,0,True,
37000857,2012,366,1.0,0,True,
37000857,2013,364,0.9973,1,True,
37000857,2014,365,1.0,0,True,
37000857,2015,365,1.0,0,True,
37000857,2016,366,1.0,0,True,
37000857,2017,365,1.0,0,True,
37000857,2018,365,1.0,0,True,
37000857,2019,365,1.0,0,True,
37000857,2020,366,1.0,0,True,
37000857,2021,365,1.0,0,True,
37000857,2022,365,1.0,0,True,
37000857,2023,365,1.0,0,True,
37000857,2024,0,0.0,366,False,
37000857,2025,266,0.7288,99,False,
38000861,2010,365,1.0,0,True,
38000861,2011,365,1.0,0,True,
38000861,2012,366,1.0,0,True,
38000861,2013,365,1.0,0,True,
38000861,2014,365,1.0,0,True,
38000861,2015,365,1.0,0,True,
38000861,2016,366,1.0,0,True,
38000861,2017,365,1.0,0,True,
38000861,2018,365,1.0,0,True,
38000861,2019,365,1.0,0,True,
38000861,2020,366,1.0,0,True,
38000861,2021,365,1.0,0,True,
38000861,2022,365,1.0,0,True,
38000861,2023,365,1.0,0,True,
38000861,2024,0,0.0,366,False,
38000861,2025,0,0.0,366,False,
38000862,2010,365,1.0,0,True,
38000862,2011,365,1.0,0,True,
38000862,2012,366,1.0,0,True,
38000862,2013,365,1.0,0,True,
38000862,2014,365,1.0,0,True,
38000862,2015,365,1.0,0,True,
38000862,2016,366,1.0,0,True,
38000862,2017,365,1.0,0,True,
38000862,2018,365,1.0,0,True,
38000862,2019,365,1.0,0,True,
38000862,2020,366,1.0,0,True,
38000862,2021,365,1.0,0,True,
38000862,2022,365,1.0,0,True,
38000862,2023,365,1.0,0,True,
38000862,2024,0,0.0,366,False,
38000862,2025,0,0.0,366,False,
38000863,2010,365,1.0,0,True,
38000863,2011,365,1.0,0,True,
38000863,2012,366,1.0,0,True,
38000863,2013,365,1.0,0,True,
38000863,2014,365,1.0,0,True,
38000863,2015,365,1.0,0,True,
38000863,2016,366,1.0,0,True,
38000863,2017,365,1.0,0,True,
38000863,2018,365,1.0,0,True,
38000863,2019,365,1.0,0,True,
38000863,2020,366,1.0,0,True,
38000863,2021,365,1.0,0,True,
38000863,2022,365,1.0,0,True,
38000863,2023,365,1.0,0,True,
38000863,2024,0,0.0,366,False,
38000863,2025,266,0.7288,99,False,
38000866,2010,365,1.0,0,True,
38000866,2011,365,1.0,0,True,
38000866,2012,366,1.0,0,True,
38000866,2013,365,1.0,0,True,
38000866,2014,365,1.0,0,True,
38000866,2015,365,1.0,0,True,
38000866,2016,366,1.0,0,True,
38000866,2017,365,1.0,0,True,
38000866,2018,365,1.0,0,True,
38000866,2019,365,1.0,0,True,
38000866,2020,366,1.0,0,True,
38000866,2021,365,1.0,0,True,
38000866,2022,365,1.0,0,True,
38000866,2023,365,1.0,0,True,
38000866,2024,0,0.0,366,False,
38000866,2025,265,0.726,100,False,
38000868,2010,365,1.0,0,True,
38000868,2011,365,1.0,0,True,
38000868,2012,81,0.2213,285,False,
38000868,2013,0,0.0,366,False,
38000868,2014,0,0.0,366,False,
38000868,2015,0,0.0,366,False,
38000868,2016,34,0.0929,332,False,
38000868,2017,365,1.0,0,True,
38000868,2018,365,1.0,0,True,
38000868,2019,365,1.0,0,True,
38000868,2020,366,1.0,0,True,
38000868,2021,365,1.0,0,True,
38000868,2022,365,1.0,0,True,
38000868,2023,0,0.0,366,False,
38000868,2024,0,0.0,366,False,
38000868,2025,0,0.0,366,False,
41000789,2010,0,0.0,366,False,
41000789,2011,0,0.0,366,False,
41000789,2012,0,0.0,366,False,
41000789,2013,0,0.0,366,False,
41000789,2014,0,0.0,366,False,
41000789,2015,0,0.0,366,False,
41000789,2016,0,0.0,366,False,
41000789,2017,365,1.0,0,True,
41000789,2018,365,1.0,0,True,
41000789,2019,365,1.0,0,True,
41000789,2020,366,1.0,0,True,
41000789,2021,365,1.0,0,True,
41000789,2022,365,1.0,0,True,
41000789,2023,365,1.0,0,True,
41000789,2024,0,0.0,366,False,
41000789,2025,236,0.6466,99,False,
42001216,2010,365,1.0,0,True,
42001216,2011,365,1.0,0,True,
42001216,2012,366,1.0,0,True,
42001216,2013,365,1.0,0,True,
42001216,2014,365,1.0,0,True,
42001216,2015,365,1.0,0,True,
42001216,2016,366,1.0,0,True,
42001216,2017,365,1.0,0,True,
42001216,2018,365,1.0,0,True,
42001216,2019,365,1.0,0,True,
42001216,2020,366,1.0,0,True,
42001216,2021,365,1.0,0,True,
42001216,2022,365,1.0,0,True,
42001216,2023,365,1.0,0,True,
42001216,2024,0,0.0,366,False,
42001216,2025,265,0.726,100,False,
42001220,2010,365,1.0,0,True,
42001220,2011,365,1.0,0,True,
42001220,2012,366,1.0,0,True,
42001220,2013,365,1.0,0,True,
42001220,2014,365,1.0,0,True,
42001220,2015,365,1.0,0,True,
42001220,2016,366,1.0,0,True,
42001220,2017,365,1.0,0,True,
42001220,2018,365,1.0,0,True,
42001220,2019,365,1.0,0,True,
42001220,2020,366,1.0,0,True,
42001220,2021,365,1.0,0,True,
42001220,2022,365,1.0,0,True,
42001220,2023,365,1.0,0,True,
42001220,2024,0,0.0,366,False,
42001220,2025,265,0.726,100,False,
42001223,2010,0,0.0,366,False,
42001223,2011,0,0.0,366,False,
42001223,2012,0,0.0,366,False,
42001223,2013,0,0.0,366,False,
42001223,2014,0,0.0,366,False,
42001223,2015,0,0.0,366,False,
42001223,2016,0,0.0,366,False,
42001223,2017,365,1.0,0,True,
42001223,2018,365,1.0,0,True,
42001223,2019,365,1.0,0,True,
42001223,2020,366,1.0,0,True,
42001223,2021,365,1.0,0,True,
42001223,2022,365,1.0,0,True,
42001223,2023,365,1.0,0,True,
42001223,2024,0,0.0,366,False,
42001223,2025,0,0.0,366,False,
43000494,2010,365,1.0,0,True,
43000494,2011,365,1.0,0,True,
43000494,2012,366,1.0,0,True,
43000494,2013,365,1.0,0,True,
43000494,2014,365,1.0,0,True,
43000494,2015,357,0.9781,2,True,
43000494,2016,366,1.0,0,True,
43000494,2017,365,1.0,0,True,
43000494,2018,364,0.9973,1,True,
43000494,2019,365,1.0,0,True,
43000494,2020,366,1.0,0,True,
43000494,2021,361,0.989,3,True,
43000494,2022,365,1.0,0,True,
43000494,2023,365,1.0,0,True,
43000494,2024,0,0.0,366,False,
43000494,2025,80,0.2192,285,False,
43000495,2010,0,0.0,366,False,
43000495,2011,0,0.0,366,False,
43000495,2012,326,0.8907,22,False,
43000495,2013,365,1.0,0,True,
43000495,2014,365,1.0,0,True,
43000495,2015,365,1.0,0,True,
43000495,2016,366,1.0,0,True,
43000495,2017,365,1.0,0,True,
43000495,2018,364,0.9973,1,True,
43000495,2019,365,1.0,0,True,
43000495,2020,366,1.0,0,True,
43000495,2021,365,1.0,0,True,
43000495,2022,364,0.9973,1,True,
43000495,2023,365,1.0,0,True,
43000495,2024,0,0.0,366,False,
43000495,2025,15,0.0411,350,False,
43000496,2010,0,0.0,366,False,
43000496,2011,0,0.0,366,False,
43000496,2012,0,0.0,366,False,
43000496,2013,0,0.0,366,False,
43000496,2014,0,0.0,366,False,
43000496,2015,0,0.0,366,False,
43000496,2016,0,0.0,366,False,
43000496,2017,0,0.0,366,False,
43000496,2018,0,0.0,366,False,
43000496,2019,0,0.0,366,False,
43000496,2020,0,0.0,366,False,
43000496,2021,0,0.0,366,False,
43000496,2022,0,0.0,366,False,
43000496,2023,0,0.0,366,False,
43000496,2024,0,0.0,366,False,
43000496,2025,15,0.0411,350,False,
43000497,2010,0,0.0,366,False,
43000497,2011,0,0.0,366,False,
43000497,2012,0,0.0,366,False,
43000497,2013,0,0.0,366,False,
43000497,2014,0,0.0,366,False,
43000497,2015,0,0.0,366,False,
43000497,2016,0,0.0,366,False,
43000497,2017,361,0.989,4,True,
43000497,2018,365,1.0,0,True,
43000497,2019,365,1.0,0,True,
43000497,2020,366,1.0,0,True,
43000497,2021,365,1.0,0,True,
43000497,2022,365,1.0,0,True,
43000497,2023,365,1.0,0,True,
43000497,2024,0,0.0,366,False,
43000497,2025,15,0.0411,350,False,
43000498,2010,0,0.0,366,False,
43000498,2011,0,0.0,366,False,
43000498,2012,0,0.0,366,False,
43000498,2013,0,0.0,366,False,
43000498,2014,0,0.0,366,False,
43000498,2015,0,0.0,366,False,
43000498,2016,0,0.0,366,False,
43000498,2017,365,1.0,0,True,
43000498,2018,365,1.0,0,True,
43000498,2019,365,1.0,0,True,
43000498,2020,366,1.0,0,True,
43000498,2021,355,0.9726,5,True,
43000498,2022,365,1.0,0,True,
43000498,2023,365,1.0,0,True,
43000498,2024,0,0.0,366,False,
43000498,2025,15,0.0411,350,False,
44000452,2010,365,1.0,0,True,
44000452,2011,365,1.0,0,True,
44000452,2012,365,0.9973,1,True,
44000452,2013,365,1.0,0,True,
44000452,2014,365,1.0,0,True,
44000452,2015,356,0.9753,2,True,
44000452,2016,366,1.0,0,True,
44000452,2017,365,1.0,0,True,
44000452,2018,365,1.0,0,True,
44000452,2019,365,1.0,0,True,
44000452,2020,366,1.0,0,True,
44000452,2021,365,1.0,0,True,
44000452,2022,365,1.0,0,True,
44000452,2023,365,1.0,0,True,
44000452,2024,0,0.0,366,False,
44000452,2025,15,0.0411,350,False,
44000453,2010,0,0.0,366,False,
44000453,2011,0,0.0,366,False,
44000453,2012,0,0.0,366,False,
44000453,2013,0,0.0,366,False,
44000453,2014,0,0.0,366,False,
44000453,2015,0,0.0,366,False,
44000453,2016,0,0.0,366,False,
44000453,2017,365,1.0,0,True,
44000453,2018,365,1.0,0,True,
44000453,2019,365,1.0,0,True,
44000453,2020,366,1.0,0,True,
44000453,2021,365,1.0,0,True,
44000453,2022,365,1.0,0,True,
44000453,2023,365,1.0,0,True,
44000453,2024,0,0.0,366,False,
44000453,2025,15,0.0411,350,False,
44000454,2010,0,0.0,366,False,
44000454,2011,0,0.0,366,False,
44000454,2012,0,0.0,366,False,
44000454,2013,0,0.0,366,False,
44000454,2014,0,0.0,366,False,
44000454,2015,0,0.0,366,False,
44000454,2016,0,0.0,366,False,
44000454,2017,0,0.0,366,False,
44000454,2018,365,1.0,0,True,
44000454,2019,365,1.0,0,True,
44000454,2020,366,1.0,0,True,
44000454,2021,365,1.0,0,True,
44000454,2022,365,1.0,0,True,
44000454,2023,365,1.0,0,True,
44000454,2024,0,0.0,366,False,
44000454,2025,14,0.0384,351,False,
45001605,2010,365,1.0,0,True,
45001605,2011,365,1.0,0,True,
45001605,2012,366,1.0,0,True,
45001605,2013,365,1.0,0,True,
45001605,2014,365,1.0,0,True,
45001605,2015,359,0.9836,1,True,
45001605,2016,366,1.0,0,True,
45001605,2017,365,1.0,0,True,
45001605,2018,365,1.0,0,True,
45001605,2019,365,1.0,0,True,
45001605,2020,366,1.0,0,True,
45001605,2021,365,1.0,0,True,
45001605,2022,365,1.0,0,True,
45001605,2023,365,1.0,0,True,
45001605,2024,0,0.0,366,False,
45001605,2025,14,0.0384,351,False,
45001607,2010,355,0.9726,10,True,
45001607,2011,365,1.0,0,True,
45001607,2012,366,1.0,0,True,
45001607,2013,365,1.0,0,True,
45001607,2014,365,1.0,0,True,
45001607,2015,365,1.0,0,True,
45001607,2016,364,0.9945,2,True,
45001607,2017,365,1.0,0,True,
45001607,2018,365,1.0,0,True,
45001607,2019,365,1.0,0,True,
45001607,2020,366,1.0,0,True,
45001607,2021,365,1.0,0,True,
45001607,2022,365,1.0,0,True,
45001607,2023,365,1.0,0,True,
45001607,2024,0,0.0,366,False,
45001607,2025,266,0.7288,99,False,
45001608,2010,365,1.0,0,True,
45001608,2011,365,1.0,0,True,
45001608,2012,366,1.0,0,True,
45001608,2013,365,1.0,0,True,
45001608,2014,365,1.0,0,True,
45001608,2015,342,0.937,23,False,
45001608,2016,343,0.9372,20,False,
45001608,2017,365,1.0,0,True,
45001608,2018,354,0.9699,11,True,
45001608,2019,355,0.9726,10,True,
45001608,2020,366,1.0,0,True,
45001608,2021,365,1.0,0,True,
45001608,2022,365,1.0,0,True,
45001608,2023,365,1.0,0,True,
45001608,2024,0,0.0,366,False,
45001608,2025,0,0.0,366,False,
45001609,2010,365,1.0,0,True,
45001609,2011,365,1.0,0,True,
45001609,2012,366,1.0,0,True,
45001609,2013,344,0.9425,21,False,
45001609,2014,132,0.3616,233,False,
45001609,2015,365,1.0,0,True,
45001609,2016,366,1.0,0,True,
45001609,2017,365,1.0,0,True,
45001609,2018,365,1.0,0,True,
45001609,2019,365,1.0,0,True,
45001609,2020,366,1.0,0,True,
45001609,2021,365,1.0,0,True,
45001609,2022,365,1.0,0,True,
45001609,2023,365,1.0,0,True,
45001609,2024,0,0.0,366,False,
45001609,2025,14,0.0384,351,False,
45001611,2010,365,1.0,0,True,
45001611,2011,365,1.0,0,True,
45001611,2012,366,1.0,0,True,
45001611,2013,365,1.0,0,True,
45001611,2014,365,1.0,0,True,
45001611,2015,365,1.0,0,True,
45001611,2016,366,1.0,0,True,
45001611,2017,365,1.0,0,True,
45001611,2018,365,1.0,0,True,
45001611,2019,365,1.0,0,True,
45001611,2020,366,1.0,0,True,
45001611,2021,365,1.0,0,True,
45001611,2022,365,1.0,0,True,
45001611,2023,365,1.0,0,True,
45001611,2024,0,0.0,366,False,
45001611,2025,14,0.0384,351,False,
45001612,2010,365,1.0,0,True,
45001612,2011,365,1.0,0,True,
45001612,2012,366,1.0,0,True,
45001612,2013,365,1.0,0,True,
45001612,2014,365,1.0,0,True,
45001612,2015,363,0.9945,2,True,
45001612,2016,366,1.0,0,True,
45001612,2017,365,1.0,0,True,
45001612,2018,365,1.0,0,True,
45001612,2019,365,1.0,0,True,
45001612,2020,366,1.0,0,True,
45001612,2021,365,1.0,0,True,
45001612,2022,365,1.0,0,True,
45001612,2023,365,1.0,0,True,
45001612,2024,0,0.0,366,False,
45001612,2025,14,0.0384,351,False,
45001613,2010,365,1.0,0,True,
45001613,2011,365,1.0,0,True,
45001613,2012,366,1.0,0,True,
45001613,2013,365,1.0,0,True,
45001613,2014,365,1.0,0,True,
45001613,2015,363,0.9945,1,True,
45001613,2016,364,0.9945,2,True,
45001613,2017,365,1.0,0,True,
45001613,2018,361,0.989,4,True,
45001613,2019,365,1.0,0,True,
45001613,2020,366,1.0,0,True,
45001613,2021,365,1.0,0,True,
45001613,2022,365,1.0,0,True,
45001613,2023,365,1.0,0,True,
45001613,2024,0,0.0,366,False,
45001613,2025,51,0.1397,314,False,
45001614,2010,0,0.0,366,False,
45001614,2011,0,0.0,366,False,
45001614,2012,0,0.0,366,False,
45001614,2013,0,0.0,366,False,
45001614,2014,0,0.0,366,False,
45001614,2015,0,0.0,366,False,
45001614,2016,0,0.0,366,False,
45001614,2017,365,1.0,0,True,
45001614,2018,365,1.0,0,True,
45001614,2019,365,1.0,0,True,
45001614,2020,366,1.0,0,True,
45001614,2021,365,1.0,0,True,
45001614,2022,365,1.0,0,True,
45001614,2023,365,1.0,0,True,
45001614,2024,0,0.0,366,False,
45001614,2025,14,0.0384,351,False,
45001615,2010,344,0.9425,12,True,
45001615,2011,363,0.9945,2,True,
45001615,2012,366,1.0,0,True,
45001615,2013,365,1.0,0,True,
45001615,2014,365,1.0,0,True,
45001615,2015,365,1.0,0,True,
45001615,2016,365,0.9973,1,True,
45001615,2017,363,0.9945,2,True,
45001615,2018,365,1.0,0,True,
45001615,2019,364,0.9973,1,True,
45001615,2020,356,0.9727,10,True,
45001615,2021,365,1.0,0,True,
45001615,2022,365,1.0,0,True,
45001615,2023,365,1.0,0,True,
45001615,2024,0,0.0,366,False,
45001615,2025,14,0.0384,351,False,
45001616,2010,0,0.0,366,False,
45001616,2011,0,0.0,366,False,
45001616,2012,0,0.0,366,False,
45001616,2013,0,0.0,366,False,
45001616,2014,0,0.0,366,False,
45001616,2015,0,0.0,366,False,
45001616,2016,0,0.0,366,False,
45001616,2017,365,1.0,0,True,
45001616,2018,365,1.0,0,True,
45001616,2019,365,1.0,0,True,
45001616,2020,366,1.0,0,True,
45001616,2021,365,1.0,0,True,
45001616,2022,365,1.0,0,True,
45001616,2023,365,1.0,0,True,
45001616,2024,0,0.0,366,False,
45001616,2025,14,0.0384,351,False,
45001617,2010,365,1.0,0,True,
45001617,2011,365,1.0,0,True,
45001617,2012,366,1.0,0,True,
45001617,2013,365,1.0,0,True,
45001617,2014,362,0.9918,3,True,
45001617,2015,362,0.9918,2,True,
45001617,2016,366,1.0,0,True,
45001617,2017,365,1.0,0,True,
45001617,2018,363,0.9945,2,True,
45001617,2019,365,1.0,0,True,
45001617,2020,366,1.0,0,True,
45001617,2021,362,0.9918,1,True,
45001617,2022,365,1.0,0,True,
45001617,2023,363,0.9945,2,True,
45001617,2024,0,0.0,366,False,
45001617,2025,14,0.0384,351,False,
45001620,2010,0,0.0,366,False,
45001620,2011,0,0.0,366,False,
45001620,2012,0,0.0,366,False,
45001620,2013,0,0.0,366,False,
45001620,2014,0,0.0,366,False,
45001620,2015,0,0.0,366,False,
45001620,2016,0,0.0,366,False,
45001620,2017,0,0.0,366,False,
45001620,2018,0,0.0,366,False,
45001620,2019,0,0.0,366,False,
45001620,2020,0,0.0,366,False,
45001620,2021,0,0.0,366,False,
45001620,2022,0,0.0,366,False,
45001620,2023,0,0.0,366,False,
45001620,2024,0,0.0,366,False,
45001620,2025,14,0.0384,351,False,
45001621,2010,0,0.0,366,False,
45001621,2011,0,0.0,366,False,
45001621,2012,0,0.0,366,False,
45001621,2013,0,0.0,366,False,
45001621,2014,0,0.0,366,False,
45001621,2015,0,0.0,366,False,
45001621,2016,0,0.0,366,False,
45001621,2017,365,1.0,0,True,
45001621,2018,365,1.0,0,True,
45001621,2019,365,1.0,0,True,
45001621,2020,366,1.0,0,True,
45001621,2021,365,1.0,0,True,
45001621,2022,365,1.0,0,True,
45001621,2023,365,1.0,0,True,
45001621,2024,0,0.0,366,False,
45001621,2025,0,0.0,366,False,
45001624,2010,0,0.0,366,False,
45001624,2011,0,0.0,366,False,
45001624,2012,0,0.0,366,False,
45001624,2013,0,0.0,366,False,
45001624,2014,0,0.0,366,False,
45001624,2015,0,0.0,366,False,
45001624,2016,17,0.0464,349,False,
45001624,2017,365,1.0,0,True,
45001624,2018,364,0.9973,1,True,
45001624,2019,365,1.0,0,True,
45001624,2020,366,1.0,0,True,
45001624,2021,365,1.0,0,True,
45001624,2022,365,1.0,0,True,
45001624,2023,365,1.0,0,True,
45001624,2024,0,0.0,366,False,
45001624,2025,14,0.0384,351,False,
45001625,2010,0,0.0,366,False,
45001625,2011,0,0.0,366,False,
45001625,2012,0,0.0,366,False,
45001625,2013,0,0.0,366,False,
45001625,2014,0,0.0,366,False,
45001625,2015,0,0.0,366,False,
45001625,2016,0,0.0,366,False,
45001625,2017,365,1.0,0,True,
45001625,2018,365,1.0,0,True,
45001625,2019,365,1.0,0,True,
45001625,2020,366,1.0,0,True,
45001625,2021,365,1.0,0,True,
45001625,2022,365,1.0,0,True,
45001625,2023,365,1.0,0,True,
45001625,2024,0,0.0,366,False,
45001625,2025,11,0.0301,354,False,
46000682,2010,365,1.0,0,True,
46000682,2011,365,1.0,0,True,
46000682,2012,182,0.4973,184,False,
46000682,2013,365,1.0,0,True,
46000682,2014,270,0.7397,95,False,
46000682,2015,361,0.989,2,True,
46000682,2016,366,1.0,0,True,
46000682,2017,365,1.0,0,True,
46000682,2018,365,1.0,0,True,
46000682,2019,365,1.0,0,True,
46000682,2020,359,0.9809,7,True,
46000682,2021,364,0.9973,1,True,
46000682,2022,365,1.0,0,True,
46000682,2023,365,1.0,0,True,
46000682,2024,0,0.0,366,False,
46000682,2025,264,0.7233,100,False,
46000717,2010,0,0.0,366,False,
46000717,2011,0,0.0,366,False,
46000717,2012,0,0.0,366,False,
46000717,2013,0,0.0,366,False,
46000717,2014,0,0.0,366,False,
46000717,2015,0,0.0,366,False,
46000717,2016,0,0.0,366,False,
46000717,2017,365,1.0,0,True,
46000717,2018,360,0.9863,4,True,
46000717,2019,365,1.0,0,True,
46000717,2020,366,1.0,0,True,
46000717,2021,356,0.9753,5,True,
46000717,2022,365,1.0,0,True,
46000717,2023,365,1.0,0,True,
46000717,2024,0,0.0,366,False,
46000717,2025,11,0.0301,354,False,
46000718,2010,365,1.0,0,True,
46000718,2011,340,0.9315,25,False,
46000718,2012,366,1.0,0,True,
46000718,2013,365,1.0,0,True,
46000718,2014,365,1.0,0,True,
46000718,2015,364,0.9973,1,True,
46000718,2016,366,1.0,0,True,
46000718,2017,365,1.0,0,True,
46000718,2018,365,1.0,0,True,
46000718,2019,365,1.0,0,True,
46000718,2020,366,1.0,0,True,
46000718,2021,365,1.0,0,True,
46000718,2022,365,1.0,0,True,
46000718,2023,365,1.0,0,True,
46000718,2024,0,0.0,366,False,
46000718,2025,264,0.7233,100,False,
46000719,2010,365,1.0,0,True,
46000719,2011,363,0.9945,2,True,
46000719,2012,355,0.9699,11,True,
46000719,2013,365,1.0,0,True,
46000719,2014,365,1.0,0,True,
46000719,2015,365,1.0,0,True,
46000719,2016,366,1.0,0,True,
46000719,2017,365,1.0,0,True,
46000719,2018,365,1.0,0,True,
46000719,2019,365,1.0,0,True,
46000719,2020,366,1.0,0,True,
46000719,2021,363,0.9945,2,True,
46000719,2022,365,1.0,0,True,
46000719,2023,365,1.0,0,True,
46000719,2024,0,0.0,366,False,
46000719,2025,0,0.0,366,False,
46000720,2010,364,0.9973,1,True,
46000720,2011,364,0.9973,1,True,
46000720,2012,366,1.0,0,True,
46000720,2013,225,0.6164,140,False,
46000720,2014,0,0.0,366,False,
46000720,2015,365,1.0,0,True,
46000720,2016,366,1.0,0,True,
46000720,2017,365,1.0,0,True,
46000720,2018,365,1.0,0,True,
46000720,2019,365,1.0,0,True,
46000720,2020,366,1.0,0,True,
46000720,2021,365,1.0,0,True,
46000720,2022,350,0.9589,15,False,
46000720,2023,365,1.0,0,True,
46000720,2024,0,0.0,366,False,
46000720,2025,0,0.0,366,False,
46000726,2010,0,0.0,366,False,
46000726,2011,0,0.0,366,False,
46000726,2012,0,0.0,366,False,
46000726,2013,0,0.0,366,False,
46000726,2014,0,0.0,366,False,
46000726,2015,0,0.0,366,False,
46000726,2016,0,0.0,366,False,
46000726,2017,365,1.0,0,True,
46000726,2018,365,1.0,0,True,
46000726,2019,365,1.0,0,True,
46000726,2020,366,1.0,0,True,
46000726,2021,365,1.0,0,True,
46000726,2022,365,1.0,0,True,
46000726,2023,365,1.0,0,True,
46000726,2024,0,0.0,366,False,
46000726,2025,0,0.0,366,False,
47000766,2010,0,0.0,366,False,
47000766,2011,0,0.0,366,False,
47000766,2012,0,0.0,366,False,
47000766,2013,0,0.0,366,False,
47000766,2014,0,0.0,366,False,
47000766,2015,0,0.0,366,False,
47000766,2016,0,0.0,366,False,
47000766,2017,0,0.0,366,False,
47000766,2018,0,0.0,366,False,
47000766,2019,0,0.0,366,False,
47000766,2020,0,0.0,366,False,
47000766,2021,0,0.0,366,False,
47000766,2022,0,0.0,366,False,
47000766,2023,0,0.0,366,False,
47000766,2024,0,0.0,366,False,
47000766,2025,51,0.1397,314,False,
47000854,2010,365,1.0,0,True,
47000854,2011,365,1.0,0,True,
47000854,2012,366,1.0,0,True,
47000854,2013,365,1.0,0,True,
47000854,2014,365,1.0,0,True,
47000854,2015,365,1.0,0,True,
47000854,2016,366,1.0,0,True,
47000854,2017,365,1.0,0,True,
47000854,2018,365,1.0,0,True,
47000854,2019,365,1.0,0,True,
47000854,2020,366,1.0,0,True,
47000854,2021,361,0.989,2,True,
47000854,2022,365,1.0,0,True,
47000854,2023,365,1.0,0,True,
47000854,2024,0,0.0,366,False,
47000854,2025,265,0.726,100,False,
48000402,2010,365,1.0,0,True,
48000402,2011,365,1.0,0,True,
48000402,2012,366,1.0,0,True,
48000402,2013,364,0.9973,1,True,
48000402,2014,364,0.9973,1,True,
48000402,2015,365,1.0,0,True,
48000402,2016,366,1.0,0,True,
48000402,2017,365,1.0,0,True,
48000402,2018,365,1.0,0,True,
48000402,2019,365,1.0,0,True,
48000402,2020,366,1.0,0,True,
48000402,2021,365,1.0,0,True,
48000402,2022,365,1.0,0,True,
48000402,2023,365,1.0,0,True,
48000402,2024,0,0.0,366,False,
48000402,2025,90,0.2466,275,False,
48000403,2010,0,0.0,366,False,
48000403,2011,365,1.0,0,True,
48000403,2012,366,1.0,0,True,
48000403,2013,365,1.0,0,True,
48000403,2014,0,0.0,366,False,
48000403,2015,0,0.0,366,False,
48000403,2016,0,0.0,366,False,
48000403,2017,365,1.0,0,True,
48000403,2018,365,1.0,0,True,
48000403,2019,365,1.0,0,True,
48000403,2020,366,1.0,0,True,
48000403,2021,365,1.0,0,True,
48000403,2022,365,1.0,0,True,
48000403,2023,365,1.0,0,True,
48000403,2024,0,0.0,366,False,
48000403,2025,90,0.2466,275,False,
48000404,2010,364,0.9973,1,True,
48000404,2011,365,1.0,0,True,
48000404,2012,366,1.0,0,True,
48000404,2013,365,1.0,0,True,
48000404,2014,365,1.0,0,True,
48000404,2015,365,1.0,0,True,
48000404,2016,366,1.0,0,True,
48000404,2017,365,1.0,0,True,
48000404,2018,365,1.0,0,True,
48000404,2019,365,1.0,0,True,
48000404,2020,366,1.0,0,True,
48000404,2021,365,1.0,0,True,
48000404,2022,365,1.0,0,True,
48000404,2023,365,1.0,0,True,
48000404,2024,0,0.0,366,False,
48000404,2025,265,0.726,100,False,
48000406,2010,365,1.0,0,True,
48000406,2011,365,1.0,0,True,
48000406,2012,366,1.0,0,True,
48000406,2013,365,1.0,0,True,
48000406,2014,365,1.0,0,True,
48000406,2015,365,1.0,0,True,
48000406,2016,366,1.0,0,True,
48000406,2017,365,1.0,0,True,
48000406,2018,365,1.0,0,True,
48000406,2019,365,1.0,0,True,
48000406,2020,366,1.0,0,True,
48000406,2021,365,1.0,0,True,
48000406,2022,365,1.0,0,True,
48000406,2023,365,1.0,0,True,
48000406,2024,0,0.0,366,False,
48000406,2025,14,0.0384,351,False,
49000341,2010,0,0.0,366,False,
49000341,2011,0,0.0,366,False,
49000341,2012,0,0.0,366,False,
49000341,2013,0,0.0,366,False,
49000341,2014,0,0.0,366,False,
49000341,2015,0,0.0,366,False,
49000341,2016,0,0.0,366,False,
49000341,2017,0,0.0,366,False,
49000341,2018,0,0.0,366,False,
49000341,2019,0,0.0,366,False,
49000341,2020,0,0.0,366,False,
49000341,2021,0,0.0,366,False,
49000341,2022,0,0.0,366,False,
49000341,2023,0,0.0,366,False,
49000341,2024,292,0.7978,74,False,
49000341,2025,345,0.9452,17,False,
49000342,2010,0,0.0,366,False,
49000342,2011,0,0.0,366,False,
49000342,2012,0,0.0,366,False,
49000342,2013,0,0.0,366,False,
49000342,2014,0,0.0,366,False,
49000342,2015,0,0.0,366,False,
49000342,2016,0,0.0,366,False,
49000342,2017,0,0.0,366,False,
49000342,2018,0,0.0,366,False,
49000342,2019,0,0.0,366,False,
49000342,2020,0,0.0,366,False,
49000342,2021,0,0.0,366,False,
49000342,2022,0,0.0,366,False,
49000342,2023,0,0.0,366,False,
49000342,2024,166,0.4536,133,False,
49000342,2025,232,0.6356,69,False,
49000343,2010,0,0.0,366,False,
49000343,2011,0,0.0,366,False,
49000343,2012,0,0.0,366,False,
49000343,2013,0,0.0,366,False,
49000343,2014,0,0.0,366,False,
49000343,2015,0,0.0,366,False,
49000343,2016,0,0.0,366,False,
49000343,2017,0,0.0,366,False,
49000343,2018,0,0.0,366,False,
49000343,2019,0,0.0,366,False,
49000343,2020,0,0.0,366,False,
49000343,2021,0,0.0,366,False,
49000343,2022,0,0.0,366,False,
49000343,2023,0,0.0,366,False,
49000343,2024,0,0.0,366,False,
49000343,2025,14,0.0384,351,False,
50000530,2010,365,1.0,0,True,
50000530,2011,357,0.9781,3,True,
50000530,2012,361,0.9863,1,True,
50000530,2013,360,0.9863,1,True,
50000530,2014,365,1.0,0,True,
50000530,2015,353,0.9671,12,True,
50000530,2016,366,1.0,0,True,
50000530,2017,365,1.0,0,True,
50000530,2018,365,1.0,0,True,
50000530,2019,365,1.0,0,True,
50000530,2020,366,1.0,0,True,
50000530,2021,365,1.0,0,True,
50000530,2022,365,1.0,0,True,
50000530,2023,365,1.0,0,True,
50000530,2024,0,0.0,366,False,
50000530,2025,14,0.0384,351,False,
50000531,2010,364,0.9973,1,True,
50000531,2011,363,0.9945,1,True,
50000531,2012,364,0.9945,1,True,
50000531,2013,365,1.0,0,True,
50000531,2014,365,1.0,0,True,
50000531,2015,362,0.9918,1,True,
50000531,2016,366,1.0,0,True,
50000531,2017,365,1.0,0,True,
50000531,2018,365,1.0,0,True,
50000531,2019,365,1.0,0,True,
50000531,2020,366,1.0,0,True,
50000531,2021,365,1.0,0,True,
50000531,2022,365,1.0,0,True,
50000531,2023,365,1.0,0,True,
50000531,2024,0,0.0,366,False,
50000531,2025,14,0.0384,351,False,
50000532,2010,0,0.0,366,False,
50000532,2011,0,0.0,366,False,
50000532,2012,0,0.0,366,False,
50000532,2013,0,0.0,366,False,
50000532,2014,0,0.0,366,False,
50000532,2015,0,0.0,366,False,
50000532,2016,0,0.0,366,False,
50000532,2017,0,0.0,366,False,
50000532,2018,0,0.0,366,False,
50000532,2019,0,0.0,366,False,
50000532,2020,0,0.0,366,False,
50000532,2021,0,0.0,366,False,
50000532,2022,0,0.0,366,False,
50000532,2023,57,0.1562,306,False,
50000532,2024,254,0.694,26,False,
50000532,2025,332,0.9096,22,False,
50000533,2010,0,0.0,366,False,
50000533,2011,0,0.0,366,False,
50000533,2012,0,0.0,366,False,
50000533,2013,0,0.0,366,False,
50000533,2014,0,0.0,366,False,
50000533,2015,0,0.0,366,False,
50000533,2016,0,0.0,366,False,
50000533,2017,0,0.0,366,False,
50000533,2018,0,0.0,366,False,
50000533,2019,0,0.0,366,False,
50000533,2020,0,0.0,366,False,
50000533,2021,0,0.0,366,False,
50000533,2022,0,0.0,366,False,
50000533,2023,0,0.0,366,False,
50000533,2024,0,0.0,366,False,
50000533,2025,14,0.0384,351,False,
50000535,2010,359,0.9836,3,True,
50000535,2011,363,0.9945,1,True,
50000535,2012,366,1.0,0,True,
50000535,2013,365,1.0,0,True,
50000535,2014,365,1.0,0,True,
50000535,2015,365,1.0,0,True,
50000535,2016,366,1.0,0,True,
50000535,2017,364,0.9973,1,True,
50000535,2018,365,1.0,0,True,
50000535,2019,365,1.0,0,True,
50000535,2020,366,1.0,0,True,
50000535,2021,365,1.0,0,True,
50000535,2022,365,1.0,0,True,
50000535,2023,365,1.0,0,True,
50000535,2024,0,0.0,366,False,
50000535,2025,14,0.0384,351,False,
50000536,2010,365,1.0,0,True,
50000536,2011,365,1.0,0,True,
50000536,2012,366,1.0,0,True,
50000536,2013,365,1.0,0,True,
50000536,2014,365,1.0,0,True,
50000536,2015,365,1.0,0,True,
50000536,2016,366,1.0,0,True,
50000536,2017,365,1.0,0,True,
50000536,2018,365,1.0,0,True,
50000536,2019,365,1.0,0,True,
50000536,2020,366,1.0,0,True,
50000536,2021,365,1.0,0,True,
50000536,2022,365,1.0,0,True,
50000536,2023,365,1.0,0,True,
50000536,2024,0,0.0,366,False,
50000536,2025,15,0.0411,350,False,
50000537,2010,0,0.0,366,False,
50000537,2011,0,0.0,366,False,
50000537,2012,0,0.0,366,False,
50000537,2013,0,0.0,366,False,
50000537,2014,0,0.0,366,False,
50000537,2015,0,0.0,366,False,
50000537,2016,0,0.0,366,False,
50000537,2017,0,0.0,366,False,
50000537,2018,0,0.0,366,False,
50000537,2019,0,0.0,366,False,
50000537,2020,0,0.0,366,False,
50000537,2021,0,0.0,366,False,
50000537,2022,0,0.0,366,False,
50000537,2023,0,0.0,366,False,
50000537,2024,0,0.0,366,False,
50000537,2025,14,0.0384,351,False,
51000679,2010,0,0.0,366,False,
51000679,2011,0,0.0,366,False,
51000679,2012,0,0.0,366,False,
51000679,2013,0,0.0,366,False,
51000679,2014,0,0.0,366,False,
51000679,2015,0,0.0,366,False,
51000679,2016,0,0.0,366,False,
51000679,2017,0,0.0,366,False,
51000679,2018,48,0.1315,317,False,
51000679,2019,365,1.0,0,True,
51000679,2020,366,1.0,0,True,
51000679,2021,365,1.0,0,True,
51000679,2022,365,1.0,0,True,
51000679,2023,365,1.0,0,True,
51000679,2024,0,0.0,366,False,
51000679,2025,0,0.0,366,False,
51000680,2010,0,0.0,366,False,
51000680,2011,108,0.2959,257,False,
51000680,2012,366,1.0,0,True,
51000680,2013,365,1.0,0,True,
51000680,2014,365,1.0,0,True,
51000680,2015,365,1.0,0,True,
51000680,2016,366,1.0,0,True,
51000680,2017,365,1.0,0,True,
51000680,2018,365,1.0,0,True,
51000680,2019,365,1.0,0,True,
51000680,2020,366,1.0,0,True,
51000680,2021,365,1.0,0,True,
51000680,2022,365,1.0,0,True,
51000680,2023,365,1.0,0,True,
51000680,2024,0,0.0,366,False,
51000680,2025,0,0.0,366,False,
51000681,2010,0,0.0,366,False,
51000681,2011,0,0.0,366,False,
51000681,2012,0,0.0,366,False,
51000681,2013,0,0.0,366,False,
51000681,2014,0,0.0,366,False,
51000681,2015,0,0.0,366,False,
51000681,2016,0,0.0,366,False,
51000681,2017,0,0.0,366,False,
51000681,2018,0,0.0,366,False,
51000681,2019,0,0.0,366,False,
51000681,2020,0,0.0,366,False,
51000681,2021,0,0.0,366,False,
51000681,2022,0,0.0,366,False,
51000681,2023,0,0.0,366,False,
51000681,2024,194,0.5301,172,False,
51000681,2025,365,1.0,0,True,
51000682,2010,365,1.0,0,True,
51000682,2011,365,1.0,0,True,
51000682,2012,366,1.0,0,True,
51000682,2013,365,1.0,0,True,
51000682,2014,365,1.0,0,True,
51000682,2015,365,1.0,0,True,
51000682,2016,366,1.0,0,True,
51000682,2017,360,0.9863,5,True,
51000682,2018,365,1.0,0,True,
51000682,2019,365,1.0,0,True,
51000682,2020,366,1.0,0,True,
51000682,2021,365,1.0,0,True,
51000682,2022,365,1.0,0,True,
51000682,2023,365,1.0,0,True,
51000682,2024,0,0.0,366,False,
51000682,2025,266,0.7288,99,False,
51000683,2010,365,1.0,0,True,
51000683,2011,365,1.0,0,True,
51000683,2012,366,1.0,0,True,
51000683,2013,365,1.0,0,True,
51000683,2014,365,1.0,0,True,
51000683,2015,364,0.9973,1,True,
51000683,2016,365,0.9973,1,True,
51000683,2017,365,1.0,0,True,
51000683,2018,365,1.0,0,True,
51000683,2019,365,1.0,0,True,
51000683,2020,366,1.0,0,True,
51000683,2021,365,1.0,0,True,
51000683,2022,365,1.0,0,True,
51000683,2023,365,1.0,0,True,
51000683,2024,0,0.0,366,False,
51000683,2025,265,0.726,100,False,
51000684,2010,0,0.0,366,False,
51000684,2011,0,0.0,366,False,
51000684,2012,0,0.0,366,False,
51000684,2013,0,0.0,366,False,
51000684,2014,0,0.0,366,False,
51000684,2015,0,0.0,366,False,
51000684,2016,12,0.0328,354,False,
51000684,2017,365,1.0,0,True,
51000684,2018,365,1.0,0,True,
51000684,2019,365,1.0,0,True,
51000684,2020,366,1.0,0,True,
51000684,2021,365,1.0,0,True,
51000684,2022,365,1.0,0,True,
51000684,2023,365,1.0,0,True,
51000684,2024,0,0.0,366,False,
51000684,2025,265,0.726,100,False,
51000685,2010,0,0.0,366,False,
51000685,2011,365,1.0,0,True,
51000685,2012,366,1.0,0,True,
51000685,2013,365,1.0,0,True,
51000685,2014,0,0.0,366,False,
51000685,2015,0,0.0,366,False,
51000685,2016,0,0.0,366,False,
51000685,2017,0,0.0,366,False,
51000685,2018,0,0.0,366,False,
51000685,2019,0,0.0,366,False,
51000685,2020,0,0.0,366,False,
51000685,2021,0,0.0,366,False,
51000685,2022,0,0.0,366,False,
51000685,2023,0,0.0,366,False,
51000685,2024,0,0.0,366,False,
51000685,2025,0,0.0,366,False,
51000686,2010,0,0.0,366,False,
51000686,2011,0,0.0,366,False,
51000686,2012,0,0.0,366,False,
51000686,2013,0,0.0,366,False,
51000686,2014,0,0.0,366,False,
51000686,2015,0,0.0,366,False,
51000686,2016,12,0.0328,354,False,
51000686,2017,365,1.0,0,True,
51000686,2018,365,1.0,0,True,
51000686,2019,365,1.0,0,True,
51000686,2020,366,1.0,0,True,
51000686,2021,365,1.0,0,True,
51000686,2022,365,1.0,0,True,
51000686,2023,365,1.0,0,True,
51000686,2024,0,0.0,366,False,
51000686,2025,265,0.726,100,False,
52000079,2010,298,0.8164,14,False,
52000079,2011,306,0.8384,4,False,
52000079,2012,327,0.8934,5,False,
52000079,2013,324,0.8877,8,False,
52000079,2014,344,0.9425,2,True,
52000079,2015,357,0.9781,2,True,
52000079,2016,355,0.9699,2,True,
52000079,2017,365,1.0,0,True,
52000079,2018,365,1.0,0,True,
52000079,2019,365,1.0,0,True,
52000079,2020,366,1.0,0,True,
52000079,2021,365,1.0,0,True,
52000079,2022,365,1.0,0,True,
52000079,2023,365,1.0,0,True,
52000079,2024,0,0.0,366,False,
52000079,2025,265,0.726,100,False,
52000092,2010,364,0.9973,1,True,
52000092,2011,359,0.9836,5,True,
52000092,2012,359,0.9809,7,True,
52000092,2013,365,1.0,0,True,
52000092,2014,365,1.0,0,True,
52000092,2015,365,1.0,0,True,
52000092,2016,366,1.0,0,True,
52000092,2017,365,1.0,0,True,
52000092,2018,365,1.0,0,True,
52000092,2019,365,1.0,0,True,
52000092,2020,366,1.0,0,True,
52000092,2021,365,1.0,0,True,
52000092,2022,365,1.0,0,True,
52000092,2023,365,1.0,0,True,
52000092,2024,0,0.0,366,False,
52000092,2025,0,0.0,366,False,
52000151,2010,365,1.0,0,True,
52000151,2011,365,1.0,0,True,
52000151,2012,366,1.0,0,True,
52000151,2013,365,1.0,0,True,
52000151,2014,365,1.0,0,True,
52000151,2015,365,1.0,0,True,
52000151,2016,366,1.0,0,True,
52000151,2017,365,1.0,0,True,
52000151,2018,365,1.0,0,True,
52000151,2019,365,1.0,0,True,
52000151,2020,366,1.0,0,True,
52000151,2021,365,1.0,0,True,
52000151,2022,365,1.0,0,True,
52000151,2023,365,1.0,0,True,
52000151,2024,0,0.0,366,False,
52000151,2025,265,0.726,100,False,
52000197,2010,336,0.9205,29,False,
52000197,2011,365,1.0,0,True,
52000197,2012,366,1.0,0,True,
52000197,2013,365,1.0,0,True,
52000197,2014,365,1.0,0,True,
52000197,2015,365,1.0,0,True,
52000197,2016,366,1.0,0,True,
52000197,2017,365,1.0,0,True,
52000197,2018,365,1.0,0,True,
52000197,2019,365,1.0,0,True,
52000197,2020,366,1.0,0,True,
52000197,2021,365,1.0,0,True,
52000197,2022,365,1.0,0,True,
52000197,2023,365,1.0,0,True,
52000197,2024,0,0.0,366,False,
52000197,2025,0,0.0,366,False,
52000247,2010,365,1.0,0,True,
52000247,2011,364,0.9973,1,True,
52000247,2012,365,0.9973,1,True,
52000247,2013,362,0.9918,1,True,
52000247,2014,359,0.9836,3,True,
52000247,2015,363,0.9945,1,True,
52000247,2016,363,0.9918,1,True,
52000247,2017,365,1.0,0,True,
52000247,2018,365,1.0,0,True,
52000247,2019,365,1.0,0,True,
52000247,2020,366,1.0,0,True,
52000247,2021,365,1.0,0,True,
52000247,2022,365,1.0,0,True,
52000247,2023,365,1.0,0,True,
52000247,2024,0,0.0,366,False,
52000247,2025,266,0.7288,99,False,
52000794,2010,0,0.0,366,False,
52000794,2011,0,0.0,366,False,
52000794,2012,0,0.0,366,False,
52000794,2013,0,0.0,366,False,
52000794,2014,0,0.0,366,False,
52000794,2015,0,0.0,366,False,
52000794,2016,0,0.0,366,False,
52000794,2017,0,0.0,366,False,
52000794,2018,0,0.0,366,False,
52000794,2019,0,0.0,366,False,
52000794,2020,0,0.0,366,False,
52000794,2021,0,0.0,366,False,
52000794,2022,0,0.0,366,False,
52000794,2023,0,0.0,366,False,
52000794,2024,194,0.5301,172,False,
52000794,2025,365,1.0,0,True,
52000795,2010,365,1.0,0,True,
52000795,2011,365,1.0,0,True,
52000795,2012,333,0.9098,18,False,
52000795,2013,338,0.926,3,True,
52000795,2014,354,0.9699,1,True,
52000795,2015,349,0.9562,3,True,
52000795,2016,349,0.9536,4,True,
52000795,2017,364,0.9973,1,True,
52000795,2018,365,1.0,0,True,
52000795,2019,365,1.0,0,True,
52000795,2020,366,1.0,0,True,
52000795,2021,365,1.0,0,True,
52000795,2022,365,1.0,0,True,
52000795,2023,365,1.0,0,True,
52000795,2024,0,0.0,366,False,
52000795,2025,265,0.726,100,False,
52000812,2010,364,0.9973,1,True,
52000812,2011,359,0.9836,1,True,
52000812,2012,358,0.9781,1,True,
52000812,2013,362,0.9918,1,True,
52000812,2014,365,1.0,0,True,
52000812,2015,365,1.0,0,True,
52000812,2016,366,1.0,0,True,
52000812,2017,365,1.0,0,True,
52000812,2018,365,1.0,0,True,
52000812,2019,365,1.0,0,True,
52000812,2020,366,1.0,0,True,
52000812,2021,365,1.0,0,True,
52000812,2022,365,1.0,0,True,
52000812,2023,365,1.0,0,True,
52000812,2024,0,0.0,366,False,
52000812,2025,0,0.0,366,False,
52000850,2010,365,1.0,0,True,
52000850,2011,364,0.9973,1,True,
52000850,2012,365,0.9973,1,True,
52000850,2013,365,1.0,0,True,
52000850,2014,365,1.0,0,True,
52000850,2015,365,1.0,0,True,
52000850,2016,366,1.0,0,True,
52000850,2017,365,1.0,0,True,
52000850,2018,365,1.0,0,True,
52000850,2019,365,1.0,0,True,
52000850,2020,366,1.0,0,True,
52000850,2021,365,1.0,0,True,
52000850,2022,365,1.0,0,True,
52000850,2023,365,1.0,0,True,
52000850,2024,0,0.0,366,False,
52000850,2025,14,0.0384,351,False,
52000856,2010,0,0.0,366,False,
52000856,2011,0,0.0,366,False,
52000856,2012,0,0.0,366,False,
52000856,2013,0,0.0,366,False,
52000856,2014,0,0.0,366,False,
52000856,2015,0,0.0,366,False,
52000856,2016,0,0.0,366,False,
52000856,2017,0,0.0,366,False,
52000856,2018,0,0.0,366,False,
52000856,2019,0,0.0,366,False,
52000856,2020,0,0.0,366,False,
52000856,2021,0,0.0,366,False,
52000856,2022,0,0.0,366,False,
52000856,2023,0,0.0,366,False,
52000856,2024,0,0.0,366,False,
52000856,2025,14,0.0384,351,False,
53000794,2010,361,0.989,1,True,
53000794,2011,362,0.9918,2,True,
53000794,2012,361,0.9863,2,True,
53000794,2013,364,0.9973,1,True,
53000794,2014,365,1.0,0,True,
53000794,2015,365,1.0,0,True,
53000794,2016,364,0.9945,1,True,
53000794,2017,365,1.0,0,True,
53000794,2018,365,1.0,0,True,
53000794,2019,365,1.0,0,True,
53000794,2020,366,1.0,0,True,
53000794,2021,365,1.0,0,True,
53000794,2022,365,1.0,0,True,
53000794,2023,365,1.0,0,True,
53000794,2024,0,0.0,366,False,
53000794,2025,14,0.0384,351,False,
53000796,2010,364,0.9973,1,True,
53000796,2011,364,0.9973,1,True,
53000796,2012,363,0.9918,3,True,
53000796,2013,363,0.9945,1,True,
53000796,2014,365,1.0,0,True,
53000796,2015,365,1.0,0,True,
53000796,2016,366,1.0,0,True,
53000796,2017,365,1.0,0,True,
53000796,2018,365,1.0,0,True,
53000796,2019,365,1.0,0,True,
53000796,2020,366,1.0,0,True,
53000796,2021,365,1.0,0,True,
53000796,2022,365,1.0,0,True,
53000796,2023,364,0.9973,1,True,
53000796,2024,0,0.0,366,False,
53000796,2025,0,0.0,366,False,
53000797,2010,0,0.0,366,False,
53000797,2011,0,0.0,366,False,
53000797,2012,0,0.0,366,False,
53000797,2013,0,0.0,366,False,
53000797,2014,0,0.0,366,False,
53000797,2015,0,0.0,366,False,
53000797,2016,11,0.0301,355,False,
53000797,2017,365,1.0,0,True,
53000797,2018,365,1.0,0,True,
53000797,2019,365,1.0,0,True,
53000797,2020,366,1.0,0,True,
53000797,2021,365,1.0,0,True,
53000797,2022,365,1.0,0,True,
53000797,2023,365,1.0,0,True,
53000797,2024,0,0.0,366,False,
53000797,2025,14,0.0384,351,False,
54000491,2010,0,0.0,366,False,
54000491,2011,0,0.0,366,False,
54000491,2012,0,0.0,366,False,
54000491,2013,0,0.0,366,False,
54000491,2014,0,0.0,366,False,
54000491,2015,0,0.0,366,False,
54000491,2016,0,0.0,366,False,
54000491,2017,0,0.0,366,False,
54000491,2018,0,0.0,366,False,
54000491,2019,0,0.0,366,False,
54000491,2020,0,0.0,366,False,
54000491,2021,0,0.0,366,False,
54000491,2022,0,0.0,366,False,
54000491,2023,0,0.0,366,False,
54000491,2024,0,0.0,366,False,
54000491,2025,14,0.0384,351,False,
54000492,2010,0,0.0,366,False,
54000492,2011,0,0.0,366,False,
54000492,2012,0,0.0,366,False,
54000492,2013,0,0.0,366,False,
54000492,2014,0,0.0,366,False,
54000492,2015,0,0.0,366,False,
54000492,2016,14,0.0383,352,False,
54000492,2017,365,1.0,0,True,
54000492,2018,365,1.0,0,True,
54000492,2019,365,1.0,0,True,
54000492,2020,366,1.0,0,True,
54000492,2021,365,1.0,0,True,
54000492,2022,365,1.0,0,True,
54000492,2023,365,1.0,0,True,
54000492,2024,0,0.0,366,False,
54000492,2025,14,0.0384,351,False,
54000493,2010,0,0.0,366,False,
54000493,2011,0,0.0,366,False,
54000493,2012,0,0.0,366,False,
54000493,2013,0,0.0,366,False,
54000493,2014,0,0.0,366,False,
54000493,2015,0,0.0,366,False,
54000493,2016,13,0.0355,353,False,
54000493,2017,365,1.0,0,True,
54000493,2018,365,1.0,0,True,
54000493,2019,365,1.0,0,True,
54000493,2020,366,1.0,0,True,
54000493,2021,365,1.0,0,True,
54000493,2022,324,0.8877,41,False,
54000493,2023,314,0.8603,51,False,
54000493,2024,0,0.0,366,False,
54000493,2025,0,0.0,366,False,
55000489,2010,0,0.0,366,False,
55000489,2011,0,0.0,366,False,
55000489,2012,0,0.0,366,False,
55000489,2013,0,0.0,366,False,
55000489,2014,0,0.0,366,False,
55000489,2015,0,0.0,366,False,
55000489,2016,0,0.0,366,False,
55000489,2017,0,0.0,366,False,
55000489,2018,0,0.0,366,False,
55000489,2019,0,0.0,366,False,
55000489,2020,0,0.0,366,False,
55000489,2021,0,0.0,366,False,
55000489,2022,0,0.0,366,False,
55000489,2023,0,0.0,366,False,
55000489,2024,0,0.0,366,False,
55000489,2025,11,0.0301,354,False,
55000490,2010,0,0.0,366,False,
55000490,2011,0,0.0,366,False,
55000490,2012,0,0.0,366,False,
55000490,2013,0,0.0,366,False,
55000490,2014,0,0.0,366,False,
55000490,2015,0,0.0,366,False,
55000490,2016,0,0.0,366,False,
55000490,2017,0,0.0,366,False,
55000490,2018,0,0.0,366,False,
55000490,2019,0,0.0,366,False,
55000490,2020,0,0.0,366,False,
55000490,2021,0,0.0,366,False,
55000490,2022,0,0.0,366,False,
55000490,2023,0,0.0,366,False,
55000490,2024,0,0.0,366,False,
55000490,2025,4,0.011,361,False,
56000293,2010,0,0.0,366,False,
56000293,2011,0,0.0,366,False,
56000293,2012,0,0.0,366,False,
56000293,2013,0,0.0,366,False,
56000293,2014,0,0.0,366,False,
56000293,2015,0,0.0,366,False,
56000293,2016,0,0.0,366,False,
56000293,2017,0,0.0,366,False,
56000293,2018,0,0.0,366,False,
56000293,2019,0,0.0,366,False,
56000293,2020,0,0.0,366,False,
56000293,2021,0,0.0,366,False,
56000293,2022,0,0.0,366,False,
56000293,2023,57,0.1562,308,False,
56000293,2024,366,1.0,0,True,
56000293,2025,365,1.0,0,True,
57001283,2010,0,0.0,366,False,
57001283,2011,0,0.0,366,False,
57001283,2012,0,0.0,366,False,
57001283,2013,0,0.0,366,False,
57001283,2014,0,0.0,366,False,
57001283,2015,0,0.0,366,False,
57001283,2016,0,0.0,366,False,
57001283,2017,0,0.0,366,False,
57001283,2018,0,0.0,366,False,
57001283,2019,0,0.0,366,False,
57001283,2020,0,0.0,366,False,
57001283,2021,0,0.0,366,False,
57001283,2022,0,0.0,366,False,
57001283,2023,365,1.0,0,True,
57001283,2024,0,0.0,366,False,
57001283,2025,0,0.0,366,False,
57001286,2010,364,0.9973,1,True,
57001286,2011,364,0.9973,1,True,
57001286,2012,366,1.0,0,True,
57001286,2013,364,0.9973,1,True,
57001286,2014,362,0.9918,2,True,
57001286,2015,364,0.9973,1,True,
57001286,2016,366,1.0,0,True,
57001286,2017,365,1.0,0,True,
57001286,2018,365,1.0,0,True,
57001286,2019,365,1.0,0,True,
57001286,2020,366,1.0,0,True,
57001286,2021,365,1.0,0,True,
57001286,2022,365,1.0,0,True,
57001286,2023,365,1.0,0,True,
57001286,2024,0,0.0,366,False,
57001286,2025,235,0.6438,130,False,
57001295,2010,0,0.0,366,False,
57001295,2011,0,0.0,366,False,
57001295,2012,0,0.0,366,False,
57001295,2013,0,0.0,366,False,
57001295,2014,0,0.0,366,False,
57001295,2015,0,0.0,366,False,
57001295,2016,0,0.0,366,False,
57001295,2017,0,0.0,366,False,
57001295,2018,0,0.0,366,False,
57001295,2019,0,0.0,366,False,
57001295,2020,0,0.0,366,False,
57001295,2021,0,0.0,366,False,
57001295,2022,0,0.0,366,False,
57001295,2023,55,0.1507,306,False,
57001295,2024,326,0.8907,13,False,
57001295,2025,8,0.0219,357,False,
58000208,2010,348,0.9534,9,True,
58000208,2011,365,1.0,0,True,
58000208,2012,366,1.0,0,True,
58000208,2013,328,0.8986,5,False,
58000208,2014,365,1.0,0,True,
58000208,2015,365,1.0,0,True,
58000208,2016,366,1.0,0,True,
58000208,2017,365,1.0,0,True,
58000208,2018,365,1.0,0,True,
58000208,2019,365,1.0,0,True,
58000208,2020,366,1.0,0,True,
58000208,2021,365,1.0,0,True,
58000208,2022,365,1.0,0,True,
58000208,2023,365,1.0,0,True,
58000208,2024,0,0.0,366,False,
58000208,2025,265,0.726,100,False,
59000235,2010,358,0.9808,6,True,
59000235,2011,362,0.9918,2,True,
59000235,2012,364,0.9945,1,True,
59000235,2013,360,0.9863,2,True,
59000235,2014,364,0.9973,1,True,
59000235,2015,364,0.9973,1,True,
59000235,2016,365,0.9973,1,True,
59000235,2017,365,1.0,0,True,
59000235,2018,365,1.0,0,True,
59000235,2019,365,1.0,0,True,
59000235,2020,366,1.0,0,True,
59000235,2021,365,1.0,0,True,
59000235,2022,365,1.0,0,True,
59000235,2023,365,1.0,0,True,
59000235,2024,0,0.0,366,False,
59000235,2025,265,0.726,100,False,
60000991,2010,0,0.0,366,False,
60000991,2011,0,0.0,366,False,
60000991,2012,0,0.0,366,False,
60000991,2013,0,0.0,366,False,
60000991,2014,0,0.0,366,False,
60000991,2015,0,0.0,366,False,
60000991,2016,0,0.0,366,False,
60000991,2017,0,0.0,366,False,
60000991,2018,0,0.0,366,False,
60000991,2019,0,0.0,366,False,
60000991,2020,0,0.0,366,False,
60000991,2021,0,0.0,366,False,
60000991,2022,0,0.0,366,False,
60000991,2023,59,0.1616,306,False,
60000991,2024,344,0.9399,6,True,
60000991,2025,350,0.9589,6,True,
60000992,2010,358,0.9808,4,True,
60000992,2011,330,0.9041,3,True,
60000992,2012,314,0.8579,4,False,
60000992,2013,339,0.9288,4,True,
60000992,2014,324,0.8877,5,False,
60000992,2015,349,0.9562,3,True,
60000992,2016,360,0.9836,2,True,
60000992,2017,365,1.0,0,True,
60000992,2018,365,1.0,0,True,
60000992,2019,365,1.0,0,True,
60000992,2020,365,0.9973,1,True,
60000992,2021,365,1.0,0,True,
60000992,2022,365,1.0,0,True,
60000992,2023,0,0.0,366,False,
60000992,2024,0,0.0,366,False,
60000992,2025,0,0.0,366,False,
60000993,2010,0,0.0,366,False,
60000993,2011,0,0.0,366,False,
60000993,2012,0,0.0,366,False,
60000993,2013,0,0.0,366,False,
60000993,2014,0,0.0,366,False,
60000993,2015,0,0.0,366,False,
60000993,2016,0,0.0,366,False,
60000993,2017,0,0.0,366,False,
60000993,2018,0,0.0,366,False,
60000993,2019,0,0.0,366,False,
60000993,2020,0,0.0,366,False,
60000993,2021,0,0.0,366,False,
60000993,2022,0,0.0,366,False,
60000993,2023,59,0.1616,306,False,
60000993,2024,361,0.9863,5,True,
60000993,2025,344,0.9425,14,True,
60000999,2010,0,0.0,366,False,
60000999,2011,0,0.0,366,False,
60000999,2012,0,0.0,366,False,
60000999,2013,0,0.0,366,False,
60000999,2014,0,0.0,366,False,
60000999,2015,0,0.0,366,False,
60000999,2016,0,0.0,366,False,
60000999,2017,0,0.0,366,False,
60000999,2018,0,0.0,366,False,
60000999,2019,0,0.0,366,False,
60000999,2020,0,0.0,366,False,
60000999,2021,0,0.0,366,False,
60000999,2022,0,0.0,366,False,
60000999,2023,59,0.1616,306,False,
60000999,2024,366,1.0,0,True,
60000999,2025,364,0.9973,1,True,
61000456,2010,358,0.9808,2,True,
61000456,2011,357,0.9781,5,True,
61000456,2012,333,0.9098,7,True,
61000456,2013,346,0.9479,3,True,
61000456,2014,335,0.9178,4,True,
61000456,2015,356,0.9753,2,True,
61000456,2016,366,1.0,0,True,
61000456,2017,365,1.0,0,True,
61000456,2018,365,1.0,0,True,
61000456,2019,365,1.0,0,True,
61000456,2020,366,1.0,0,True,
61000456,2021,365,1.0,0,True,
61000456,2022,365,1.0,0,True,
61000456,2023,365,1.0,0,True,
61000456,2024,0,0.0,366,False,
61000456,2025,51,0.1397,314,False,
61000459,2010,0,0.0,366,False,
61000459,2011,0,0.0,366,False,
61000459,2012,0,0.0,366,False,
61000459,2013,0,0.0,366,False,
61000459,2014,0,0.0,366,False,
61000459,2015,0,0.0,366,False,
61000459,2016,0,0.0,366,False,
61000459,2017,0,0.0,366,False,
61000459,2018,0,0.0,366,False,
61000459,2019,0,0.0,366,False,
61000459,2020,0,0.0,366,False,
61000459,2021,0,0.0,366,False,
61000459,2022,0,0.0,366,False,
61000459,2023,59,0.1616,306,False,
61000459,2024,366,1.0,0,True,
61000459,2025,365,1.0,0,True,
61000460,2010,0,0.0,366,False,
61000460,2011,0,0.0,366,False,
61000460,2012,0,0.0,366,False,
61000460,2013,0,0.0,366,False,
61000460,2014,0,0.0,366,False,
61000460,2015,0,0.0,366,False,
61000460,2016,0,0.0,366,False,
61000460,2017,0,0.0,366,False,
61000460,2018,0,0.0,366,False,
61000460,2019,0,0.0,366,False,
61000460,2020,0,0.0,366,False,
61000460,2021,0,0.0,366,False,
61000460,2022,0,0.0,366,False,
61000460,2023,58,0.1589,306,False,
61000460,2024,339,0.9262,20,False,
61000460,2025,364,0.9973,1,True,
61000461,2010,0,0.0,366,False,
61000461,2011,0,0.0,366,False,
61000461,2012,0,0.0,366,False,
61000461,2013,0,0.0,366,False,
61000461,2014,0,0.0,366,False,
61000461,2015,0,0.0,366,False,
61000461,2016,0,0.0,366,False,
61000461,2017,0,0.0,366,False,
61000461,2018,0,0.0,366,False,
61000461,2019,0,0.0,366,False,
61000461,2020,0,0.0,366,False,
61000461,2021,0,0.0,366,False,
61000461,2022,0,0.0,366,False,
61000461,2023,0,0.0,366,False,
61000461,2024,0,0.0,366,False,
61000461,2025,0,0.0,366,False,
61000463,2010,0,0.0,366,False,
61000463,2011,0,0.0,366,False,
61000463,2012,0,0.0,366,False,
61000463,2013,0,0.0,366,False,
61000463,2014,0,0.0,366,False,
61000463,2015,0,0.0,366,False,
61000463,2016,0,0.0,366,False,
61000463,2017,0,0.0,366,False,
61000463,2018,0,0.0,366,False,
61000463,2019,0,0.0,366,False,
61000463,2020,0,0.0,366,False,
61000463,2021,0,0.0,366,False,
61000463,2022,0,0.0,366,False,
61000463,2023,59,0.1616,306,False,
61000463,2024,366,1.0,0,True,
61000463,2025,365,1.0,0,True,
62000007,2010,0,0.0,366,False,
62000007,2011,0,0.0,366,False,
62000007,2012,0,0.0,366,False,
62000007,2013,0,0.0,366,False,
62000007,2014,0,0.0,366,False,
62000007,2015,0,0.0,366,False,
62000007,2016,0,0.0,366,False,
62000007,2017,0,0.0,366,False,
62000007,2018,0,0.0,366,False,
62000007,2019,0,0.0,366,False,
62000007,2020,0,0.0,366,False,
62000007,2021,0,0.0,366,False,
62000007,2022,0,0.0,366,False,
62000007,2023,59,0.1616,306,False,
62000007,2024,366,1.0,0,True,
62000007,2025,365,1.0,0,True,
62000053,2010,363,0.9945,1,True,
62000053,2011,360,0.9863,1,True,
62000053,2012,355,0.9699,2,True,
62000053,2013,348,0.9534,2,True,
62000053,2014,357,0.9781,6,True,
62000053,2015,365,1.0,0,True,
62000053,2016,362,0.9891,3,True,
62000053,2017,365,1.0,0,True,
62000053,2018,365,1.0,0,True,
62000053,2019,365,1.0,0,True,
62000053,2020,366,1.0,0,True,
62000053,2021,365,1.0,0,True,
62000053,2022,365,1.0,0,True,
62000053,2023,365,1.0,0,True,
62000053,2024,0,0.0,366,False,
62000053,2025,14,0.0384,351,False,
62000386,2010,0,0.0,366,False,
62000386,2011,0,0.0,366,False,
62000386,2012,0,0.0,366,False,
62000386,2013,0,0.0,366,False,
62000386,2014,0,0.0,366,False,
62000386,2015,0,0.0,366,False,
62000386,2016,0,0.0,366,False,
62000386,2017,0,0.0,366,False,
62000386,2018,0,0.0,366,False,
62000386,2019,0,0.0,366,False,
62000386,2020,0,0.0,366,False,
62000386,2021,0,0.0,366,False,
62000386,2022,0,0.0,366,False,
62000386,2023,59,0.1616,306,False,
62000386,2024,303,0.8279,18,False,
62000386,2025,343,0.9397,5,True,
63000312,2010,0,0.0,366,False,
63000312,2011,0,0.0,366,False,
63000312,2012,0,0.0,366,False,
63000312,2013,0,0.0,366,False,
63000312,2014,0,0.0,366,False,
63000312,2015,0,0.0,366,False,
63000312,2016,0,0.0,366,False,
63000312,2017,0,0.0,366,False,
63000312,2018,0,0.0,366,False,
63000312,2019,0,0.0,366,False,
63000312,2020,0,0.0,366,False,
63000312,2021,0,0.0,366,False,
63000312,2022,0,0.0,366,False,
63000312,2023,0,0.0,366,False,
63000312,2024,312,0.8525,42,False,
63000312,2025,143,0.3918,196,False,
64000249,2010,365,1.0,0,True,
64000249,2011,358,0.9808,2,True,
64000249,2012,356,0.9727,2,True,
64000249,2013,343,0.9397,3,True,
64000249,2014,336,0.9205,9,True,
64000249,2015,344,0.9425,11,True,
64000249,2016,363,0.9918,3,True,
64000249,2017,365,1.0,0,True,
64000249,2018,365,1.0,0,True,
64000249,2019,365,1.0,0,True,
64000249,2020,366,1.0,0,True,
64000249,2021,365,1.0,0,True,
64000249,2022,365,1.0,0,True,
64000249,2023,365,1.0,0,True,
64000249,2024,0,0.0,366,False,
64000249,2025,51,0.1397,314,False,
65000289,2010,0,0.0,366,False,
65000289,2011,0,0.0,366,False,
65000289,2012,0,0.0,366,False,
65000289,2013,0,0.0,366,False,
65000289,2014,0,0.0,366,False,
65000289,2015,0,0.0,366,False,
65000289,2016,0,0.0,366,False,
65000289,2017,0,0.0,366,False,
65000289,2018,0,0.0,366,False,
65000289,2019,0,0.0,366,False,
65000289,2020,0,0.0,366,False,
65000289,2021,0,0.0,366,False,
65000289,2022,0,0.0,366,False,
65000289,2023,54,0.1479,306,False,
65000289,2024,350,0.9563,4,True,
65000289,2025,363,0.9945,1,True,
66000013,2010,365,1.0,0,True,
66000013,2011,364,0.9973,1,True,
66000013,2012,363,0.9918,1,True,
66000013,2013,365,1.0,0,True,
66000013,2014,365,1.0,0,True,
66000013,2015,365,1.0,0,True,
66000013,2016,366,1.0,0,True,
66000013,2017,365,1.0,0,True,
66000013,2018,365,1.0,0,True,
66000013,2019,365,1.0,0,True,
66000013,2020,366,1.0,0,True,
66000013,2021,365,1.0,0,True,
66000013,2022,365,1.0,0,True,
66000013,2023,365,1.0,0,True,
66000013,2024,0,0.0,366,False,
66000013,2025,51,0.1397,314,False,
