stationId,year,bytes,rows,sha256,error
01000690,2010,6,0,637b2c8da853bb1832c130f7e3bf70d07d3801190af1b8c77a8346faee3bfbb9,
01000690,2011,6,0,637b2c8da853bb1832c130f7e3bf70d07d3801190af1b8c77a8346faee3bfbb9,
01000690,2012,6,0,637b2c8da853bb1832c130f7e3bf70d07d3801190af1b8c77a8346faee3bfbb9,
01000690,2013,6,0,637b2c8da853bb1832c130f7e3bf70d07d3801190af1b8c77a8346faee3bfbb9,
01000690,2014,6,0,637b2c8da853bb1832c130f7e3bf70d07d3801190af1b8c77a8346faee3bfbb9,
01000690,2015,6,0,637b2c8da853bb1832c130f7e3bf70d07d3801190af1b8c77a8346faee3bfbb9,
01000690,2016,90732,1094,2194d36ae41a9edbd59f6a5db967ba26cf5d4006059876d98c361c1aa1e2dac7,
01000690,2017,2632888,31865,fa72a02ca37f3671ff21396b6343ce2139d556a03cad68836052f3c11a6e8978,
01000690,2018,2884766,35035,67bf8e0620f9354e8276f7c5f9f628c0392eb937496373a1778b523694e25ef1,
01000690,2019,2892534,35029,30ae4d408abb01a3e8a96f59024d9c45222f4053d0c55604fc3888106402714b,
01000690,2020,2886188,35046,10f1a7b42db009f9ecd481f76ba5eb6377aa7b4504a0c1e03b1bf3345f5c9daa,
01000690,2021,2885990,35035,3e751113711dacb531858863909902028a936dafefed94a77629fc5730c4c0cb,
01000690,2022,3190848,38727,85a8c26973c978dfc74294d859a77e64d603caa7472f8a9ab205033b64207252,
01000690,2023,4330682,52455,f829765b0d471d56216bd26d3e72950614e284c5c689064e74c830830bc91257,
01000690,2024,6,0,637b2c8da853bb1832c130f7e3bf70d07d3801190af1b8c77a8346faee3bfbb9,
01000690,2025,190976,2303,5efba388f26719bc2419aeba27fe363224d0d0af86f1bd35b0626ff98343b0ab,
02001038,2010,2386425,28573,7390bc8500d01a094d4222a986f9969fc8c972f4d23179912d4d5d0870c62750,
02001038,2011,2459654,29427,0e7b5f89766a8a8cc18141bf5c592f9f3339b098b68874c8c5b1264b5cf1a104,
02001038,2012,2568450,30745,526f5168fb9d24a94688c8a86424ea4ad528130923d3956b786b49010dbaa1da,
02001038,2013,2447377,29344,2e1b9afac3dc97c06ff0275a8a7ed49f5184b3cd3aeaba24060650652a632d21,
02001038,2014,2322218,27848,9befee15b247a41a6bac55560b476d4acd61a84a613fe086ff5b3610e30f413a,
02001038,2015,2899624,34649,fd904bf18a422dad49ae318f4bd5298c7221a13330c9a81605169d9ad5786b1b,
02001038,2016,2935606,35142,ff972b1d7cb02ee521adb42bb13f0d56a9df3071e1b82dc93c3fa99c2bc5e031,
02001038,2017,2927846,35004,56285cb33129b0686c430ad5ec16dce2168fffa7166634c015cea05fa59a9446,
02001038,2018,2922419,35037,fd911bb41939ca0be530d8109b3a43a3a5145c29fda17e6f4ea783cbe0479b69,
02001038,2019,2927891,35040,4929b21ee33c544ef39644d9fd3fb05bc2584ac7fc7f4683b40589f33f107152,
02001038,2020,2934038,35113,cf42011193c48694b39a91e649df03dfc684c18827bd4a2a09644bd0358ed4b9,
02001038,2021,2924864,35034,e2bfaada575409e14a9648df1a32a2edcd66de4c0843f596f350eb5416b07985,
02001038,2022,3410594,40874,1c62880d08d3c544f2f213f75c4d1ee385fedd98ee3ab61ebf0e0516e9a822c1,
02001038,2023,4403643,52706,73243fad4ad3612972615cb380ed977251352667e041c7f4f2e993fc31577c64,
02001038,2024,6,0,637b2c8da853bb1832c130f7e3bf70d07d3801190af1b8c77a8346faee3bfbb9,
02001038,2025,3012729,36144,7e796c4a92b86172a4a030f7710398e8136c2ce3a43c530ad2a9d10d4e960d80,
02001039,2010,6,0,637b2c8da853bb1832c130f7e3bf70d07d3801190af1b8c77a8346faee3bfbb9,
02001039,2011,6,0,637b2c8da853bb1832c130f7e3bf70d07d3801190af1b8c77a8346faee3bfbb9,
02001039,2012,6,0,637b2c8da853bb1832c130f7e3bf70d07d3801190af1b8c77a8346faee3bfbb9,
02001039,2013,6,0,637b2c8da853bb1832c130f7e3bf70d07d3801190af1b8c77a8346faee3bfbb9,
02001039,2014,6,0,637b2c8da853bb1832c130f7e3bf70d07d3801190af1b8c77a8346faee3bfbb9,
02001039,2015,6,0,637b2c8da853bb1832c130f7e3bf70d07d3801190af1b8c77a8346faee3bfbb9,
02001039,2016,6,0,637b2c8da853bb1832c130f7e3bf70d07d3801190af1b8c77a8346faee3bfbb9,
02001039,2017,6,0,637b2c8da853bb1832c130f7e3bf70d07d3801190af1b8c77a8346faee3bfbb9,
02001039,2018,6,0,637b2c8da853bb1832c130f7e3bf70d07d3801190af1b8c77a8346faee3bfbb9,
02001039,2019,6,0,637b2c8da853bb1832c130f7e3bf70d07d3801190af1b8c77a8346faee3bfbb9,
02001039,2020,6,0,637b2c8da853bb1832c130f7e3bf70d07d3801190af1b8c77a8346faee3bfbb9,
02001039,2021,6,0,637b2c8da853bb1832c130f7e3bf70d07d3801190af1b8c77a8346faee3bfbb9,
02001039,2022,6,0,637b2c8da853bb1832c130f7e3bf70d07d3801190af1b8c77a8346faee3bfbb9,
02001039,2023,6,0,637b2c8da853bb1832c130f7e3bf70d07d3801190af1b8c77a8346faee3bfbb9,
02001039,2024,6,0,637b2c8da853bb1832c130f7e3bf70d07d3801190af1b8c77a8346faee3bfbb9,
02001039,2025,1117278,13381,3aaf2e76a6ecb2f0d9c07f212f2fe0e62db9690536e3bcc4cd450e13aded690b,
02001040,2010,6,0,637b2c8da853bb1832c130f7e3bf70d07d3801190af1b8c77a8346faee3bfbb9,
02001040,2011,6,0,637b2c8da853bb1832c130f7e3bf70d07d3801190af1b8c77a8346faee3bfbb9,
02001040,2012,6,0,637b2c8da853bb1832c130f7e3bf70d07d3801190af1b8c77a8346faee3bfbb9,
02001040,2013,6,0,637b2c8da853bb1832c130f7e3bf70d07d3801190af1b8c77a8346faee3bfbb9,
02001040,2014,6,0,637b2c8da853bb1832c130f7e3bf70d07d3801190af1b8c77a8346faee3bfbb9,
02001040,2015,6,0,637b2c8da853bb1832c130f7e3bf70d07d3801190af1b8c77a8346faee3bfbb9,
02001040,2016,95943,1152,dd206f1a0c15216a45fb470e9deb16e412d25bb14e7f21d35c558f91082019fe,
02001040,2017,2622720,31577,1cfe62869718d4a32b9941a5e9a405968a1350ed2908f76f5d6aa85a26b8b981,
02001040,2018,2903672,35039,7d959d82a9bd07c440c4165722c1c71e766b1ea3844b706af9e14702b38b9b6d,
02001040,2019,2911185,35035,12eef191fb9dfb6c16430a6852ecfc0bde215236ef07f2c5b26afd6f94534f86,
02001040,2020,2916916,35126,dba0f4325928bdee2bd075193cf2f723680dee401a40f785dbf7d6e264451d6d,
02001040,2021,2906981,35041,8c3f777dfe4cd8fed41e5bf87ae759de328ba0a0818e77ae743f0a1e1de6c42a,
02001040,2022,3388700,40872,05abc65af35bed310c7b400d3dfc98cc90e81debcc3d313c67f55a842b4892fa,
02001040,2023,4364257,52556,a33a65f8f5961b0253ff37e50c834635d834e0a82ea29b84687aa0ee0b561a4a,
02001040,2024,6,0,637b2c8da853bb1832c130f7e3bf70d07d3801190af1b8c77a8346faee3bfbb9,
02001040,2025,190928,2298,00170b2bc4dffd1ca3563655f46f8b9f608f915ffb4bc97dfa150f9dec762615,
03000501,2010,1341196,16052,8c40eaf5981288cf02a561f180031c8f3b17dc88f568c4acb77c03cb6593f17e,
03000501,2011,1763861,21092,edb4fee306ec02d7380f805653861b0db59fd691cc417bb13c2081eb0cede9a9,
03000501,2012,1727015,20650,8bea3280d03432b5e46269f3444d07aafd791d2b4b2a2c67ad99aecfd9eedf9b,
03000501,2013,1410486,16858,3621abd937ec20009db55eb809db7309a4280b9455de45138d7aa1c1a4a1ee55,
03000501,2014,1692031,20226,fd264785aee0b827326b0046215c8e94060e463ab63d7d7ebfdf0b774e5c55d9,
03000501,2015,2023485,24196,e34aca91b3060d540f7b67d8bb2d5fa68a3cbda0db9e9807711d2d65d2509805,
03000501,2016,2920644,34957,ebb751529aaed1fa048a3399d83158bdded4394ee6a5e14ed1452efb8fa66f3a,
03000501,2017,2929139,35014,ed58e8a472d5e0340f2876e0d51aa9763cad8cacd2883104cf7cda1d6e6bb513,
03000501,2018,2921948,35025,abbce025b616c86aa465061c44fff90c3bb3bfc071f2855cf9ff69fd19b8fce5,
03000501,2019,2926055,35036,ee0cfb6dbc9bd31cdd0372399b505829f2de357362c27cde474e36962e41200f,
03000501,2020,2931399,35124,eb7ad2b0d3948a79e2b75509a0fd4265022db441a3ba4af6e203a1af650c9ae9,
03000501,2021,2708376,32438,31679223668a8e2198c4ceab99478cffa63214ea3bae66d2027e8e900f49d85d,
03000501,2022,3224981,38650,433417c45ae6a9fa70ec5a695df94f8feccb112fcbe52b1ab78b382994abb5b0,
03000501,2023,4146114,49585,5ffc10bbbffe68c6b8bf626c420f7e5cd77fa1e987f1e481179365a1bda3fdf2,
03000501,2024,6,0,637b2c8da853bb1832c130f7e3bf70d07d3801190af1b8c77a8346faee3bfbb9,
03000501,2025,3108175,37293,3861712a3e1a506fcf13f0b301f2df251cc7df6e1f2bc921cf39fe28f595d2a8,
05000069,2010,30454,362,ae8fffafbd61ad4be71984ebfde63bc8d04809c14d4e108dc4e594d211524702,
05000069,2011,30755,365,182c8a1935f0f1fb5addde0f6e9c1010399133c04935380cce22148e4c4d322f,
05000069,2012,30913,366,82b99addb5b4affc6a30067532d61a3785dc728c142e9d6c3ad07df258438d24,
05000069,2013,1347470,16073,1823088a649597081ed699f0eb6e80c59994e6eb7bd8f2681951b382bd0b3a1d,
05000069,2014,1584462,18899,1994c6c3f11b428f0bab238a9e20c8514638cb52dbe51b6acc52c10b80790e30,
05000069,2015,2835523,33827,14b2731d89792b44a6e82e5b699223fe085d3c72c6e1da8603677402227373cb,
05000069,2016,2945339,35139,d91a4d87e84bad6d3c36d487817477e18da55e5c7e2f9c4335ac7aa2059226a9,
05000069,2017,2935045,35003,f68194266f7ef869ec34bbade5948d2d6d5160a69dd9b84e7087fd74692d7782,
05000069,2018,2935204,35027,9ca884c997910bd8fdbfd29a84622a1375d28022795703da17b33094ee93c7d0,
05000069,2019,2934510,34982,56d2df3025ced06ab65168aa58b9b3dee51b54988c39b0cbeb03cbfef829e473,
05000069,2020,2945242,35129,4cb5d9f8aa75af5909f1767869be78803261ab2fd87ce744677e2ada89b0d021,
05000069,2021,2977827,35539,10981816e1da795a17c15396204ee6874bcb0a04d65235ddfe7ebf13afbb8f05,
05000069,2022,4404861,52554,28f5f6d2b8171990c941e6b9f23ec1a9586c781ba1ff8ee07741ecb2c9c16a8c,
05000069,2023,4407565,52552,b93038aea15e696fe84db6fa6f96ab982b2a4624c91967cfffb34eed2048ef29,
05000069,2024,6,0,637b2c8da853bb1832c130f7e3bf70d07d3801190af1b8c77a8346faee3bfbb9,
05000069,2025,3204873,38266,787e10e8c8f3a22b1a744c257a16ff6ad854480e500d916aba8f607c78adf987,
06000475,2010,1962908,23423,34cb42a7a41a6f212be5bde2e14bb4475881640feaba2bf8118490c01153ca21,
06000475,2011,2680380,31981,7bf51bc31083ffc15a84e7730ad745d179ed56eb5b0fb1d416fa9ac6ee8d4b74,
06000475,2012,2230483,26612,fd6734a4ac910a23b25e2720b6fd056c0cecf2b0e41a761b3656fa1714fc3ff8,
06000475,2013,2434652,29044,c8fc996a3c09d9d84c78bccd4e5616aa1223beae8692d4892618f2d065697646,
06000475,2014,2260618,26968,f7ad66631e06afcaac36194104dfb14e0a39bfc1637f02d741be043c16b22dd9,
06000475,2015,2654544,31660,ced08ee3406f3bed19945f6928ec6d13e1abd612f567cbf55780bed7b82ee421,
06000475,2016,2945346,35141,1ca215fd32ff71cacb26f6a9394bf47399c38bbe4d5041ac9672058138e76c75,
06000475,2017,2935130,35011,f11c163a7ed7a4edc88e1bd37d7fc086c7fed8019284090ad63bad0746369ebb,
06000475,2018,2936897,35038,c8f483a8d68ce5a6e911386b21f2f863ef12a585c3349eea84d74997a0e507a9,
06000475,2019,2936969,35036,82784c3261ef8debe12cb56a625518e86acb47cdbe6c983c1ab1839b9f6899ae,
06000475,2020,2944968,35128,6e5bd81adf7761f08baa61abcef6f2a142dceffc24e18e39d363c66759bfefe2,
06000475,2021,2936903,35041,fa2e607374aefdebc150a4ade8c8decd9dabc6e6ccf9c1c2909b55d9afa477a4,
06000475,2022,3251791,38801,3121099f2cb7d945aa2047b2e1a3cafaf2c33eabadb18acafb55edbb8c87f067,
06000475,2023,4408115,52560,04ae9aa706d875dc49581c2cc49c5a0ea230708c358e8d922dff37c2c784171c,
06000475,2024,6,0,637b2c8da853bb1832c130f7e3bf70d07d3801190af1b8c77a8346faee3bfbb9,
06000475,2025,3209708,38301,52cbe62af2b9780f4407d425aa6033a2846de8ab1cc830b83b3378d39c19137b,
06000476,2010,6,0,637b2c8da853bb1832c130f7e3bf70d07d3801190af1b8c77a8346faee3bfbb9,
06000476,2011,6,0,637b2c8da853bb1832c130f7e3bf70d07d3801190af1b8c77a8346faee3bfbb9,
06000476,2012,6,0,637b2c8da853bb1832c130f7e3bf70d07d3801190af1b8c77a8346faee3bfbb9,
06000476,2013,6,0,637b2c8da853bb1832c130f7e3bf70d07d3801190af1b8c77a8346faee3bfbb9,
06000476,2014,6,0,637b2c8da853bb1832c130f7e3bf70d07d3801190af1b8c77a8346faee3bfbb9,
06000476,2015,6,0,637b2c8da853bb1832c130f7e3bf70d07d3801190af1b8c77a8346faee3bfbb9,
06000476,2016,99605,1200,b28e3f7e0c270e96095ade9abaca3c7210f3bef67d69f28bb2701bbe3d1f23d7,
06000476,2017,2902046,34956,d384d174136f589fa5d77e75c5182fd990cd3e239541343e5dcf6b5b19485602,
06000476,2018,2905558,35036,f56760be2f7c2844f6613afb6d0a5e8549a72d7893885f412739a54152e2ccaf,
06000476,2019,2911951,35040,59a7687196566df279f4c41cc3498228251f18686cc5a4646e865290d8a00013,
06000476,2020,2915399,35126,3bc4f8bd6d33146a164f5b0e37ab184446712e053203c562a700455b5e793064,
06000476,2021,2900671,35037,f0f5c4567b5f82eebdf92fb4fb84f9899603ea8a1971701f7824682280a28af3,
06000476,2022,3215160,38852,e65c6b202baa5835f05e675aa4788f5a9b59a2b792c66b2c5e604cfdec5cf415,
06000476,2023,4362676,52561,5724f2c86bc7b362905e74614590c5c73e79edc1e3e16fc17306a57840f0bdda,
06000476,2024,6,0,637b2c8da853bb1832c130f7e3bf70d07d3801190af1b8c77a8346faee3bfbb9,
06000476,2025,6,0,637b2c8da853bb1832c130f7e3bf70d07d3801190af1b8c77a8346faee3bfbb9,
06000477,2010,6,0,637b2c8da853bb1832c130f7e3bf70d07d3801190af1b8c77a8346faee3bfbb9,
06000477,2011,6,0,637b2c8da853bb1832c130f7e3bf70d07d3801190af1b8c77a8346faee3bfbb9,
06000477,2012,6,0,637b2c8da853bb1832c130f7e3bf70d07d3801190af1b8c77a8346faee3bfbb9,
06000477,2013,6,0,637b2c8da853bb1832c130f7e3bf70d07d3801190af1b8c77a8346faee3bfbb9,
06000477,2014,6,0,637b2c8da853bb1832c130f7e3bf70d07d3801190af1b8c77a8346faee3bfbb9,
06000477,2015,6,0,637b2c8da853bb1832c130f7e3bf70d07d3801190af1b8c77a8346faee3bfbb9,
06000477,2016,95738,1153,5c6abefd7827290d791e6773123069f64b7b22a06453c873df9d69731a4de717,
06000477,2017,2894398,35042,cee06324af9397c60c2f9637792efdc896bd0c9de094b1e8190891a02c7b05cd,
06000477,2018,2888271,35039,a4dfeeb2313f08852960667ce7a87410de071e3aa24c0b63e87f204ad5f5f431,
06000477,2019,2894394,35038,5d14b2542bc998eb19c94b6d5177175bda5f4583725592f7d1e7caf1274a4fba,
06000477,2020,2892313,35113,2a9d28b1cbce085ff7498bd49c74ebf003b73cc9379a3f98ba16b0de500a24c6,
06000477,2021,2883279,35030,79bc58b88c627b224a352ec76887f159e3910ded0791f2407607fcd5a048bdb7,
06000477,2022,3139694,38183,fbb1e6f7cdac29b9b0a1cb01604d9e9cab1d90f8aea558276a7588a313e9e5ca,
06000477,2023,4332305,52559,476e59b47ab84c9b5577516ed5f5af06be1cb48b8ee6cbb492dd0ebc5dff5bdc,
06000477,2024,6,0,637b2c8da853bb1832c130f7e3bf70d07d3801190af1b8c77a8346faee3bfbb9,
06000477,2025,190850,2303,e8efec47e72cd029428dfe20290ea348f6a1c55e47e2f31edaa4dd0088a169e6,
06000478,2010,6,0,637b2c8da853bb1832c130f7e3bf70d07d3801190af1b8c77a8346faee3bfbb9,
06000478,2011,6,0,637b2c8da853bb1832c130f7e3bf70d07d3801190af1b8c77a8346faee3bfbb9,
06000478,2012,6,0,637b2c8da853bb1832c130f7e3bf70d07d3801190af1b8c77a8346faee3bfbb9,
06000478,2013,6,0,637b2c8da853bb1832c130f7e3bf70d07d3801190af1b8c77a8346faee3bfbb9,
06000478,2014,6,0,637b2c8da853bb1832c130f7e3bf70d07d3801190af1b8c77a8346faee3bfbb9,
06000478,2015,6,0,637b2c8da853bb1832c130f7e3bf70d07d3801190af1b8c77a8346faee3bfbb9,
06000478,2016,6,0,637b2c8da853bb1832c130f7e3bf70d07d3801190af1b8c77a8346faee3bfbb9,
06000478,2017,6,0,637b2c8da853bb1832c130f7e3bf70d07d3801190af1b8c77a8346faee3bfbb9,
06000478,2018,6,0,637b2c8da853bb1832c130f7e3bf70d07d3801190af1b8c77a8346faee3bfbb9,
06000478,2019,6,0,637b2c8da853bb1832c130f7e3bf70d07d3801190af1b8c77a8346faee3bfbb9,
06000478,2020,6,0,637b2c8da853bb1832c130f7e3bf70d07d3801190af1b8c77a8346faee3bfbb9,
06000478,2021,6,0,637b2c8da853bb1832c130f7e3bf70d07d3801190af1b8c77a8346faee3bfbb9,
06000478,2022,6,0,637b2c8da853bb1832c130f7e3bf70d07d3801190af1b8c77a8346faee3bfbb9,
06000478,2023,474061,5602,dc2c0f41347b97ad1a2043b6784e14e560ebaca3c6e944c9dc83e2198f05cafa,
06000478,2024,1669290,19767,3369df46b079b2bcb6e3b6e0f454457fe67a9767c032f323397320fdbbc61662,
06000478,2025,6,0,637b2c8da853bb1832c130f7e3bf70d07d3801190af1b8c77a8346faee3bfbb9,
07000345,2010,6,0,637b2c8da853bb1832c130f7e3bf70d07d3801190af1b8c77a8346faee3bfbb9,
07000345,2011,6,0,637b2c8da853bb1832c130f7e3bf70d07d3801190af1b8c77a8346faee3bfbb9,
07000345,2012,6,0,637b2c8da853bb1832c130f7e3bf70d07d3801190af1b8c77a8346faee3bfbb9,
07000345,2013,6,0,637b2c8da853bb1832c130f7e3bf70d07d3801190af1b8c77a8346faee3bfbb9,
07000345,2014,6,0,637b2c8da853bb1832c130f7e3bf70d07d3801190af1b8c77a8346faee3bfbb9,
07000345,2015,6,0,637b2c8da853bb1832c130f7e3bf70d07d3801190af1b8c77a8346faee3bfbb9,
07000345,2016,83681,1008,4703df7fc5f2a6129a96a6c15cb89440761ce6c73edc706c12bedba3e4504ccb,
07000345,2017,2899419,35030,0b038cc43414426824b261372c34fca1c58433ee33ed27de13a29d25842d9b04,
07000345,2018,2816337,34111,4ada2b5569838576f1555b6ead9ded1c4fc50e6f567ee2ecbbd8e91e2bbebd1b,
07000345,2019,2900185,35036,389acff040364e1d14064d455b43b7af99b9dcb7e67133be778a44c19e09b1cc,
07000345,2020,2901307,35130,23ed14ba093e708e54b3e091bd32cf8e694caa1a22ff656ecf3124716a3727f0,
07000345,2021,3048590,36947,ce4d5ccd4a92fe3e9cb72b11551386ed413e34cd186e56dd4320ed5b00f25b87,
07000345,2022,3147885,38161,21aa3c71ea3aecbc4911595be2396351787136961b7c8ec32102958c5f203a21,
07000345,2023,4318500,52253,68b4e973cc959eaf91a97a55d2d4579d6b375b9e45ab88bd7f79dfd1664c6f87,
07000345,2024,6,0,637b2c8da853bb1832c130f7e3bf70d07d3801190af1b8c77a8346faee3bfbb9,
07000345,2025,190485,2298,0b44754d3cf2b63f991917f5cb05cedae3e3b9f152fb1dc2a28a346e74cc8c9e,
08000137,2010,1321466,15806,7d074e43671c8b8a3263e3da1ce899b07e60105932043683b1ea0c86f3949443,
08000137,2011,1592670,19037,575df19a7837fe5f995948efba74cbd8a48572d1ff07143465846f05c0b4fe42,
08000137,2012,1460864,17482,86fe3ee574df3dc58ddc6eff35c1bb983f6ef9bb4a2d3353e1dc0b0f13ef76e2,
08000137,2013,1123949,13456,78985f5040f65879e55771d8e2bc5aadfbf8784f062a9f452b1d4a5a9b93b5b6,
08000137,2014,1423242,17022,5d45df349ddde034ca88cb53a0dfa387d88351a1029a69f7c6efb07ea3bde958,
08000137,2015,2176956,26038,1bc7dc01d1f3c7c7339f32fb7e706e175ef2edb476c1d97ad3a7dd097ad0501d,
08000137,2016,2935955,35136,f17de4b56d7f6a84e6369bbbdb71342e44b0213940378325598d6354b6240db6,
08000137,2017,2931528,35044,ced0705b5d33f309316f05a415de58246d8ce18a99258eb883086ea91f1a8ca0,
08000137,2018,2920074,35034,056c8e79674ece2569b59a3e12a8f0004a05c50f92240a0300b4b4d82e9ea669,
08000137,2019,2927183,35037,0e10d370a4f0f6d494d33c2b8f3f9678407746ce1cd50d2646a2457388f6954a,
08000137,2020,2928643,35125,e237f4fe638c0eac9e8c8831c91f019e8f554fd628bb1a7da22e6acab34740ce,
08000137,2021,2892842,34659,25a314f69bd757d6ded4ccae3050e2885a1ac6684c76fc08e1c7768ec1db1d8a,
08000137,2022,3408798,40866,3e7d36ba86d51ab2a60b90d37dfc8818340113904899e91b91fc2e70a5594633,
08000137,2023,4389135,52556,0318567c3cfe11a040a7c2f811798f13930bdc2b61f6ddc010556ede493c010e,
08000137,2024,6,0,637b2c8da853bb1832c130f7e3bf70d07d3801190af1b8c77a8346faee3bfbb9,
08000137,2025,6,0,637b2c8da853bb1832c130f7e3bf70d07d3801190af1b8c77a8346faee3bfbb9,
09001182,2010,6,0,637b2c8da853bb1832c130f7e3bf70d07d3801190af1b8c77a8346faee3bfbb9,
09001182,2011,6,0,637b2c8da853bb1832c130f7e3bf70d07d3801190af1b8c77a8346faee3bfbb9,
09001182,2012,6,0,637b2c8da853bb1832c130f7e3bf70d07d3801190af1b8c77a8346faee3bfbb9,
09001182,2013,6,0,637b2c8da853bb1832c130f7e3bf70d07d3801190af1b8c77a8346faee3bfbb9,
09001182,2014,6,0,637b2c8da853bb1832c130f7e3bf70d07d3801190af1b8c77a8346faee3bfbb9,
09001182,2015,6,0,637b2c8da853bb1832c130f7e3bf70d07d3801190af1b8c77a8346faee3bfbb9,
09001182,2016,6,0,637b2c8da853bb1832c130f7e3bf70d07d3801190af1b8c77a8346faee3bfbb9,
09001182,2017,6,0,637b2c8da853bb1832c130f7e3bf70d07d3801190af1b8c77a8346faee3bfbb9,
09001182,2018,6,0,637b2c8da853bb1832c130f7e3bf70d07d3801190af1b8c77a8346faee3bfbb9,
09001182,2019,6,0,637b2c8da853bb1832c130f7e3bf70d07d3801190af1b8c77a8346faee3bfbb9,
09001182,2020,6,0,637b2c8da853bb1832c130f7e3bf70d07d3801190af1b8c77a8346faee3bfbb9,
09001182,2021,6,0,637b2c8da853bb1832c130f7e3bf70d07d3801190af1b8c77a8346faee3bfbb9,
09001182,2022,6,0,637b2c8da853bb1832c130f7e3bf70d07d3801190af1b8c77a8346faee3bfbb9,
09001182,2023,1417410,16919,d7db148e1191cc35e7fd8682e165e6f592f9c96970a4e8bfbd7c8dde0d4931ce,
09001182,2024,8791888,105404,4e1f374e60a760e4979d72c5bb4724012fc95930e073d469825e573e8d010547,
09001182,2025,8758373,105117,0592d1003ebc9a8a6845b4f0ae0fdcc76e8974744fdfbf641c8f5f3458b1f1b3,
09001183,2010,6,0,637b2c8da853bb1832c130f7e3bf70d07d3801190af1b8c77a8346faee3bfbb9,
09001183,2011,6,0,637b2c8da853bb1832c130f7e3bf70d07d3801190af1b8c77a8346faee3bfbb9,
09001183,2012,6,0,637b2c8da853bb1832c130f7e3bf70d07d3801190af1b8c77a8346faee3bfbb9,
09001183,2013,6,0,637b2c8da853bb1832c130f7e3bf70d07d3801190af1b8c77a8346faee3bfbb9,
09001183,2014,6,0,637b2c8da853bb1832c130f7e3bf70d07d3801190af1b8c77a8346faee3bfbb9,
09001183,2015,6,0,637b2c8da853bb1832c130f7e3bf70d07d3801190af1b8c77a8346faee3bfbb9,
09001183,2016,246252,2971,3da18ae6ddaf661482504523dccb8495776b089bfdc1e8d5b044ce93f2f1082e,
09001183,2017,2892508,35008,0923b5fe0bf1775630ad0f273b706f4802bf0c3d478ff1f50b13986b642c4dea,
09001183,2018,2894791,35038,5f5bca24092ba76d169b8bf2a096cd16d25835b9c2985257e55ec64969f776b3,
09001183,2019,2901529,35037,b8e0787a0a8de2b9feb271ebff11f5e9e703e4b68ff33403eeccda8140df3908,
09001183,2020,2895875,35023,4f6f81d77505a9f4d4d6e7d06feb826b2bb36cdef7019d2400e473a070ab0554,
09001183,2021,2847604,34444,78f5be5a0858b60d054ccdf779494d2d7b5635a7596d2bed2955487b96894cf2,
09001183,2022,3219125,38990,e09e2e2ea89329c9b3dbb844a921b0be83721495919f3337bf4fea60aeec9c32,
09001183,2023,4345539,52552,8961f00011f08984cbaac48da75404e8a23a20baf6a2dd4050b4591971e5c628,
09001183,2024,6,0,637b2c8da853bb1832c130f7e3bf70d07d3801190af1b8c77a8346faee3bfbb9,
09001183,2025,190934,2303,15ddd141595bf4bd614dccf57db387fb7bbf67e4152eb99af36327c1ed843e09,
09001185,2010,6,0,637b2c8da853bb1832c130f7e3bf70d07d3801190af1b8c77a8346faee3bfbb9,
09001185,2011,6,0,637b2c8da853bb1832c130f7e3bf70d07d3801190af1b8c77a8346faee3bfbb9,
09001185,2012,6,0,637b2c8da853bb1832c130f7e3bf70d07d3801190af1b8c77a8346faee3bfbb9,
09001185,2013,6,0,637b2c8da853bb1832c130f7e3bf70d07d3801190af1b8c77a8346faee3bfbb9,
09001185,2014,6,0,637b2c8da853bb1832c130f7e3bf70d07d3801190af1b8c77a8346faee3bfbb9,
09001185,2015,6,0,637b2c8da853bb1832c130f7e3bf70d07d3801190af1b8c77a8346faee3bfbb9,
09001185,2016,130986,1579,47bd3d6784b7d660ac60944e63019da5ad06de79935a15ffbee00bb761060448,
09001185,2017,2899149,35007,8b0f21212fb14ef22695a21d2e964106bed66329a060f5e5a9253420c1dded45,
09001185,2018,2901887,35038,c68ef02c3c88250cc7ce10acce0d26d750ba9381e50f4739749d723a159f188a,
09001185,2019,2903447,35039,8526a1862334cf82311486588d51ef0dae056d8166c33602e96e6aadc08bde36,
09001185,2020,2909800,35128,97ceda6eb52eda7da16e1630f1166fdbf8e12e2e279e73ed657534bb368ac1ef,
09001185,2021,2901279,35038,e2956b4a54256724989bd9a10a8099b516575cc9e3c8fb3a7b9ecbba3057cb25,
09001185,2022,3642396,43979,70e434fff48348706a94af28eef02a536cc96c0a8a060e4c30a2cf242d1dd5de,
09001185,2023,4148817,50083,8ae34282a890175f5a04c0fa60c88ec9689b963966761dd25923b0a45e1e4086,
09001185,2024,6,0,637b2c8da853bb1832c130f7e3bf70d07d3801190af1b8c77a8346faee3bfbb9,
09001185,2025,190806,2303,531a037b63112d86600df87d8c0afebf7928619f1ef2c1414da6eeedf4082883,
09001187,2010,6,0,637b2c8da853bb1832c130f7e3bf70d07d3801190af1b8c77a8346faee3bfbb9,
09001187,2011,6,0,637b2c8da853bb1832c130f7e3bf70d07d3801190af1b8c77a8346faee3bfbb9,
09001187,2012,6,0,637b2c8da853bb1832c130f7e3bf70d07d3801190af1b8c77a8346faee3bfbb9,
09001187,2013,6,0,637b2c8da853bb1832c130f7e3bf70d07d3801190af1b8c77a8346faee3bfbb9,
09001187,2014,6,0,637b2c8da853bb1832c130f7e3bf70d07d3801190af1b8c77a8346faee3bfbb9,
09001187,2015,6,0,637b2c8da853bb1832c130f7e3bf70d07d3801190af1b8c77a8346faee3bfbb9,
09001187,2016,242,0,28ac2e1bbedba42940efc7b764e1b259fc10108e88144b149278ec0a4c7d3cb1,
09001187,2017,2880656,35036,39d1d4b1e36032afd8409fa84e49336573f6c992d8b046c43fcd3326b906fed2,
09001187,2018,2874519,35039,466a4885e48dfe06c840705627a5eaacf2a7802da1087d5f99d317efdfb3aa69,
09001187,2019,2881923,35027,7ecee46a40f9fc98ef8cdf823d85a1e03e51b017d931108a45556c626f610681,
09001187,2020,2881629,35126,0cf120865f237b102bccea40b63d9babbfa7d9f761ee02ec4e560891aec50aa7,
09001187,2021,2873529,34995,4cc93203b35812d8aa059ec78a784b5afebc9b968002003992e465d92a5651fe,
09001187,2022,3220584,39286,abd5ac3d0e221df17e667266b67c637a3d6c912be69788a9e96403114b14362d,
09001187,2023,4318805,52559,8bb8fcac40d3dc77c7c45ac9a0e114c36d1834a1b503a842c8df312d8befc802,
09001187,2024,6,0,637b2c8da853bb1832c130f7e3bf70d07d3801190af1b8c77a8346faee3bfbb9,
09001187,2025,6,0,637b2c8da853bb1832c130f7e3bf70d07d3801190af1b8c77a8346faee3bfbb9,
09001188,2010,6,0,637b2c8da853bb1832c130f7e3bf70d07d3801190af1b8c77a8346faee3bfbb9,
09001188,2011,6,0,637b2c8da853bb1832c130f7e3bf70d07d3801190af1b8c77a8346faee3bfbb9,
09001188,2012,6,0,637b2c8da853bb1832c130f7e3bf70d07d3801190af1b8c77a8346faee3bfbb9,
09001188,2013,6,0,637b2c8da853bb1832c130f7e3bf70d07d3801190af1b8c77a8346faee3bfbb9,
09001188,2014,6,0,637b2c8da853bb1832c130f7e3bf70d07d3801190af1b8c77a8346faee3bfbb9,
09001188,2015,6,0,637b2c8da853bb1832c130f7e3bf70d07d3801190af1b8c77a8346faee3bfbb9,
09001188,2016,6,0,637b2c8da853bb1832c130f7e3bf70d07d3801190af1b8c77a8346faee3bfbb9,
09001188,2017,6,0,637b2c8da853bb1832c130f7e3bf70d07d3801190af1b8c77a8346faee3bfbb9,
09001188,2018,6,0,637b2c8da853bb1832c130f7e3bf70d07d3801190af1b8c77a8346faee3bfbb9,
09001188,2019,6,0,637b2c8da853bb1832c130f7e3bf70d07d3801190af1b8c77a8346faee3bfbb9,
09001188,2020,6,0,637b2c8da853bb1832c130f7e3bf70d07d3801190af1b8c77a8346faee3bfbb9,
09001188,2021,6,0,637b2c8da853bb1832c130f7e3bf70d07d3801190af1b8c77a8346faee3bfbb9,
09001188,2022,6,0,637b2c8da853bb1832c130f7e3bf70d07d3801190af1b8c77a8346faee3bfbb9,
09001188,2023,472801,5638,ebb1808c431f8ea6f1ed866e3b4850fee30a251e9e088f8a1bc59c13dd398e40,
09001188,2024,2944201,35134,8e7e56706f1e8f59a7644c0ca195b28948440dbcf0a9d8f4c96fe6d69a780d6f,
09001188,2025,2923425,35034,7979a0237a9e389f78def4b57ada851db485827977b03bf0f91bf7c466910224,
10000986,2010,1417225,17001,81d367002c19640bd3512666521b7bbf57058e4db575a17c499f2056936e43c0,
10000986,2011,1227556,14702,033b609ff58c5702844370ac7bbf9897613cf803257250f1db4ba0def633a9d3,
10000986,2012,1178211,14100,13a2613358d8b726f273be4f7b515c3c80ee8073e150d97ab6f476ba1684b6df,
10000986,2013,1043497,12509,04d65696f5811c96ae78242a3752a20e3ce7b289355b324370c3a2637b8792a7,
10000986,2014,1197887,14346,7f880e6c8b25913e7b4348cddb48e4833c78a7edd32f89862eae76f9d63a1c1b,
10000986,2015,2457897,29366,0af758568045bf0149b462e032a168d6b84ed6680b1c360c2e0db28416a4162a,
10000986,2016,2937027,35133,6b357f9529901c020b32e284967d5c68b3d9f62aa24099955eda6520ffa08023,
10000986,2017,2930091,35047,c6f011d225366d84531cf89060c42814b1600049bf734c333bac9cafd0756be6,
10000986,2018,2919923,35038,40be5e91b1c8b5ca6cbdf1aa3077c7a3316f97c42a39aeba12733a44cabd9b04,
10000986,2019,2921884,35044,e850b26bb3aeacba8083a719e060ddb32af19145ee8943b3100a5ee5e67b2e19,
10000986,2020,2931478,35127,d4682a3205881a5f1511348fedfc0a67d6f2d322a5a6c251779409582a67f18e,
10000986,2021,2920907,35035,2765dfcfbb8eaf1811eb0811415a52d710377ee677f915cebb768414c0492401,
10000986,2022,3361741,40342,562fde22247eb85b6034efb8c9b3f7f812096731260ee26b0f913b3c144244c5,
10000986,2023,4385457,52558,d13b4d5218f80f80a02950aa729c401a2e50b2ea88094e9c7e5b511cb3a63269,
10000986,2024,6,0,637b2c8da853bb1832c130f7e3bf70d07d3801190af1b8c77a8346faee3bfbb9,
10000986,2025,3013847,36306,b0e9d843158e4fe8cf85520363faf3f58caa651472e41001ae92d8780e924cc3,
10000993,2010,6,0,637b2c8da853bb1832c130f7e3bf70d07d3801190af1b8c77a8346faee3bfbb9,
10000993,2011,6,0,637b2c8da853bb1832c130f7e3bf70d07d3801190af1b8c77a8346faee3bfbb9,
10000993,2012,6,0,637b2c8da853bb1832c130f7e3bf70d07d3801190af1b8c77a8346faee3bfbb9,
10000993,2013,6,0,637b2c8da853bb1832c130f7e3bf70d07d3801190af1b8c77a8346faee3bfbb9,
10000993,2014,6,0,637b2c8da853bb1832c130f7e3bf70d07d3801190af1b8c77a8346faee3bfbb9,
10000993,2015,6,0,637b2c8da853bb1832c130f7e3bf70d07d3801190af1b8c77a8346faee3bfbb9,
10000993,2016,6,0,637b2c8da853bb1832c130f7e3bf70d07d3801190af1b8c77a8346faee3bfbb9,
10000993,2017,6,0,637b2c8da853bb1832c130f7e3bf70d07d3801190af1b8c77a8346faee3bfbb9,
10000993,2018,6,0,637b2c8da853bb1832c130f7e3bf70d07d3801190af1b8c77a8346faee3bfbb9,
10000993,2019,6,0,637b2c8da853bb1832c130f7e3bf70d07d3801190af1b8c77a8346faee3bfbb9,
10000993,2020,6,0,637b2c8da853bb1832c130f7e3bf70d07d3801190af1b8c77a8346faee3bfbb9,
10000993,2021,6,0,637b2c8da853bb1832c130f7e3bf70d07d3801190af1b8c77a8346faee3bfbb9,
10000993,2022,6,0,637b2c8da853bb1832c130f7e3bf70d07d3801190af1b8c77a8346faee3bfbb9,
10000993,2023,6,0,637b2c8da853bb1832c130f7e3bf70d07d3801190af1b8c77a8346faee3bfbb9,
10000993,2024,1563570,18669,e149c5a0dcc308c10a4fdfd34f57304c0e5dd7c1ec5da12ad8e5aa844cd6780f,
10000993,2025,2934836,35040,42aa580d2eaaba2a2eca34faba05ce2eb5cab21832d07e23fa1f635c53f8aa69,
11000355,2010,1153255,13785,4d52abfbadb48fd1f19e9bbdfddd1a34cf0b5c75401430b85e9545482a301503,
11000355,2011,1420714,16949,05800bf34214e6adfa054ca45d07323dfb7e5ca296f5ba83e00376d8e520e244,
11000355,2012,2410892,28769,bc9e0df01f6183d29fa8872247cb3c47290740603210585fcf32868f2fc2ce90,
11000355,2013,2778884,33218,b4b5a7948a5ed19b7b1bfb8e7c5e29d74ef6545616abf59565f9ec7bf0814a33,
11000355,2014,2824918,33709,b591ff1960c3a3dac6714c96b8151d34de787924a1da52b55143c4f1f7d1f61e,
11000355,2015,2605378,31064,80e51c6d221af9ea3f609c459703df805d6612fc3dd83134c58ff697f0db42a6,
11000355,2016,2944529,35132,501930fecf07465dbd32f68734e1599cce6064c4f246cddb767154c1bddea15d,
11000355,2017,2917651,34864,a20048298063134cc182d0932ca17fadc6d201344e5172147e3342b906f7692a,
11000355,2018,2931702,35041,a67c5cea1c78306069b894dea1ef0a5acd29306a4665de0db3d26d1f1460bd2e,
11000355,2019,2936534,35038,ecc9bcf81833411a5dab01618e4007bf6e80f7bffe379d3117867e3c96f03372,
11000355,2020,2944080,35128,cd5c6763ce2c41c09ae587609fd20d8fee90acb0d9876358dc8ff83145e0ed43,
11000355,2021,2937404,35049,7ab55c62d983fb41fc33bc74a165a73c454960387884a9e06bad44070dc75b82,
11000355,2022,3280023,39220,435208984d772ffff4b44863a68574558f927d41e20e731ceef56d2cdc2d83af,
11000355,2023,4406044,52547,049b45f6228fe1640c5ea0dfd6ca5e61724f99f7da4392d967ef3aba772aa483,
11000355,2024,6,0,637b2c8da853bb1832c130f7e3bf70d07d3801190af1b8c77a8346faee3bfbb9,
11000355,2025,3054351,36546,272b670197c8dc49132a241b3864f428d34dce5c9d51e0f85f0a900b2606f083,
11000356,2010,1482915,17806,59458e6e7083ff098f1dd28a6d810b46bd3c32976caa00b4cdd791f4bcecc5e1,
11000356,2011,1710769,20476,d1cc67741bef575928caeb375fc91b47b0dbab8c628234f50a21ac4ea5648c90,
11000356,2012,1466593,17548,c45f8a340be411842bd6ac127f0d73da90bc520daf76127ce40ddcac49ce9658,
11000356,2013,549391,6577,9137a82161f7c759e7cdc4ace5e375859d199e842a8315e9a99c1b74575c38dd,
11000356,2014,1624839,19434,a9d76182cf921668ba4d1b656e4a7d7f952ef72bda6004ff86d5a49e4b248725,
11000356,2015,2484594,29719,040745554608822f1108edc5a90fcbc3782971083eb0b5f473ec23156b05e2b9,
11000356,2016,2930967,35132,a386cc5b940e58889d2da80cb11a1f5a275f884ec62dde453078dd482d66bc86,
11000356,2017,2779707,33373,97a6b60283e7c9c02ee8b103e33f0afd2d3d85e33b8b490baf06115989bb720d,
11000356,2018,2924970,35036,9a1f7871fca0e0bca076531608cb1cc01596e5b00c2651c99b0ab207d8d76ba0,
11000356,2019,2924936,35038,771da1c4d24df3d41bcfe548d982908bdf14f824bcf82c8de6c13ff1bafbfcc3,
11000356,2020,2894330,34677,e23f8a07d757ab4d4c3033eb37564d1af7ca4d932f8981ac84ce232aaa465561,
11000356,2021,2920719,35000,545f1d42c3327f8e99872787763708edcbcbb6a0f90734c80635146a29d03632,
11000356,2022,3270369,39238,95c47a20942f5972d2bdca1332390b73ecce3477dc045a5e7f68e98b07cf2341,
11000356,2023,4379612,52476,9960cfd8ffa61ffcca4a782fa542d596f1cab80c87091a31331bab06f60dcbbd,
11000356,2024,6,0,637b2c8da853bb1832c130f7e3bf70d07d3801190af1b8c77a8346faee3bfbb9,
11000356,2025,3002181,36126,8220296d41bcb6f34a03a040fb5265db75367e38966bd8961117ee35ab0bb7ae,
11000357,2010,6,0,637b2c8da853bb1832c130f7e3bf70d07d3801190af1b8c77a8346faee3bfbb9,
11000357,2011,6,0,637b2c8da853bb1832c130f7e3bf70d07d3801190af1b8c77a8346faee3bfbb9,
11000357,2012,6,0,637b2c8da853bb1832c130f7e3bf70d07d3801190af1b8c77a8346faee3bfbb9,
11000357,2013,6,0,637b2c8da853bb1832c130f7e3bf70d07d3801190af1b8c77a8346faee3bfbb9,
11000357,2014,6,0,637b2c8da853bb1832c130f7e3bf70d07d3801190af1b8c77a8346faee3bfbb9,
11000357,2015,6,0,637b2c8da853bb1832c130f7e3bf70d07d3801190af1b8c77a8346faee3bfbb9,
11000357,2016,243,0,975505160cbbe5c927dd8948a2b0edc528ac79d53f8fe11c2969a3edb62efcc0,
11000357,2017,2901163,35041,72f8d215c3d716b9e8502a3ff848e5d9a121d4f6be53e494bece6ae7cce1eb97,
11000357,2018,2900206,35039,ecf63048c51b272639bf456f42d469642338fca8be751beda1f403658efc8a2d,
11000357,2019,2911275,35037,6ebd962675f764195dfb5a5c220a20c8c85ddcd7e80f277bdb70e3c9af7017cd,
11000357,2020,2916928,35117,1fa6e36faf1e49f6f7e6d63e5550c3ba9ef1a231a1006f3897df63bad1d77443,
11000357,2021,2904222,35034,ed67e82d6a42f1e9f3a3976923a899d2cccc6dec90e9b802a8c58515f4b979f9,
11000357,2022,3247320,39237,b477b41cb2149ddfb9d226b4a931f6db782a4b14a4ced7509b874420c18881e7,
11000357,2023,4359156,52559,2226e2664a27f194c01fbd8bd8f478348b23bc552ee6f3bf9fff2182101dd8ca,
11000357,2024,6,0,637b2c8da853bb1832c130f7e3bf70d07d3801190af1b8c77a8346faee3bfbb9,
11000357,2025,17981,215,47c8af5492c3483ffb986e5a51edd1814a4fd3634bcb96ff7b966a6963062bea,
13000606,2010,6,0,637b2c8da853bb1832c130f7e3bf70d07d3801190af1b8c77a8346faee3bfbb9,
13000606,2011,1000,9,e4285cef86876ab5550ccf170900c1803f797a4d9274e3e90006937f7a2dbcb3,
13000606,2012,2337761,27969,4fa6ee68b89f1d012b1500279f71fb22ce2d296a83deca197fae78d0eddf0f35,
13000606,2013,2925085,35035,110f44d4de5a4fe69603b51256a9f5005912e2617ddcf052d1b950009e2e75d9,
13000606,2014,2923916,35032,163ff8ad4de0d01e3c12e919f5b3a894ed489a54292f2f1fbd558ecefe8708a3,
13000606,2015,2929984,34980,328287a486b7b931f2e1adb943ff3de7aee3c35607d74dbefa6fbe4b49c4ab43,
13000606,2016,2943652,35134,760974547be3ecfb82c0a01fd8fdecdca1aa13ec3bec83a9ccd0995851bdd94b,
13000606,2017,2930576,35011,f6dd6984d9adbc733eaf6cf9db2a05fd56842240b90e2c13287a88529bce38f2,
13000606,2018,2928885,35036,6e7614404bf297aa71df8d28fba1d221623492581abb2aeca5be948917a38873,
13000606,2019,2930492,35039,9fb540ec70dd61ed654f98997dc37b3a69b3f0d7d8931df74887151dadf12bbf,
13000606,2020,2943249,35127,7ae80488d5f19660225f358a9bd149a6119b18b8a176a90452ed8de9e2c48dd4,
13000606,2021,3210684,38408,2d3d0c73b7b104aa037b68d3ef8a49c8acfc6097d39916bdf888848b61b0d9f5,
13000606,2022,2927152,35034,d37fea343fb3907bd9468791e98c78b3ad6e4d21643d798725e440c45dbda847,
13000606,2023,6,0,637b2c8da853bb1832c130f7e3bf70d07d3801190af1b8c77a8346faee3bfbb9,
13000606,2024,6,0,637b2c8da853bb1832c130f7e3bf70d07d3801190af1b8c77a8346faee3bfbb9,
13000606,2025,6,0,637b2c8da853bb1832c130f7e3bf70d07d3801190af1b8c77a8346faee3bfbb9,
13000612,2010,6,0,637b2c8da853bb1832c130f7e3bf70d07d3801190af1b8c77a8346faee3bfbb9,
13000612,2011,6,0,637b2c8da853bb1832c130f7e3bf70d07d3801190af1b8c77a8346faee3bfbb9,
13000612,2012,6,0,637b2c8da853bb1832c130f7e3bf70d07d3801190af1b8c77a8346faee3bfbb9,
13000612,2013,6,0,637b2c8da853bb1832c130f7e3bf70d07d3801190af1b8c77a8346faee3bfbb9,
13000612,2014,6,0,637b2c8da853bb1832c130f7e3bf70d07d3801190af1b8c77a8346faee3bfbb9,
13000612,2015,6,0,637b2c8da853bb1832c130f7e3bf70d07d3801190af1b8c77a8346faee3bfbb9,
13000612,2016,6,0,637b2c8da853bb1832c130f7e3bf70d07d3801190af1b8c77a8346faee3bfbb9,
13000612,2017,6,0,637b2c8da853bb1832c130f7e3bf70d07d3801190af1b8c77a8346faee3bfbb9,
13000612,2018,6,0,637b2c8da853bb1832c130f7e3bf70d07d3801190af1b8c77a8346faee3bfbb9,
13000612,2019,6,0,637b2c8da853bb1832c130f7e3bf70d07d3801190af1b8c77a8346faee3bfbb9,
13000612,2020,6,0,637b2c8da853bb1832c130f7e3bf70d07d3801190af1b8c77a8346faee3bfbb9,
13000612,2021,6,0,637b2c8da853bb1832c130f7e3bf70d07d3801190af1b8c77a8346faee3bfbb9,
13000612,2022,6,0,637b2c8da853bb1832c130f7e3bf70d07d3801190af1b8c77a8346faee3bfbb9,
13000612,2023,6,0,637b2c8da853bb1832c130f7e3bf70d07d3801190af1b8c77a8346faee3bfbb9,
13000612,2024,6,0,637b2c8da853bb1832c130f7e3bf70d07d3801190af1b8c77a8346faee3bfbb9,
13000612,2025,6,0,637b2c8da853bb1832c130f7e3bf70d07d3801190af1b8c77a8346faee3bfbb9,
14000382,2010,1309948,15627,f277ed78323d83bc8ea4e99a3e88a5b93fcdb55dbcf71c82fb5906130cbf551c,
14000382,2011,1621503,19343,feaf519c4975a5f55db3feb0d9b8686329655eddcbedf05bc6deda638f7d9197,
14000382,2012,1658788,19792,e2d1a2bd4a5887405ff489e5580fff1859b3cb82708446fa19681c414d965129,
14000382,2013,1446992,17265,d05e516f2ae4f59146c181a6d0385ec5a7fd713b4d921f0bb893550a6947d7aa,
14000382,2014,1211936,14458,cf18121b25371364ea3836a74d3c1ac1f8ebcc529fb435c999898faa70bab00c,
14000382,2015,2736326,32649,1f44c99dfc8a8da6cd8d2cb58dbc7c7b5291c092cb02671f34429d550bad11b6,
14000382,2016,2944458,35134,cec2e01183edc83a6dc569f70be6a1525792125c373465da40ab3562a4195a5d,
14000382,2017,2934062,35008,a8a483042cf1b33e8e248963ea16d14553c058df1c8196dbb18a9243aebaecfa,
14000382,2018,2936752,35042,67971c4f90b6c81ec182425e8b9397073f030ef3957435fb60cef0b710cd00ff,
14000382,2019,2936382,35036,40915e8e2f6a868e5245ab2dd334cdb5ec1ff303e55c3164fbb11773be1dba01,
14000382,2020,2943576,35124,00ef4af3fb505388d194eb4a1a86fd88355d37330e2ba11b2e6fe241d8c7f238,
14000382,2021,2912512,34754,208f15ed6ea693223f00e3a565ca335d3292cd3218c7f20878e745ad422c7977,
14000382,2022,3400852,40580,54ccd725525ee1a5b62ae04582613fa82bb764b2cb1f39d1ad5d415956daa7e4,
14000382,2023,4404628,52557,1442fbeac223b308b9c5b93050f597dd17785b09def5d6baf29706a271c70a21,
14000382,2024,6,0,637b2c8da853bb1832c130f7e3bf70d07d3801190af1b8c77a8346faee3bfbb9,
14000382,2025,3194458,38111,1f67cf0edb494dc3c50d7ebd20cbb8c617c8ea37d54b3dabc35527bc6d63dc1a,
15001088,2010,1866229,22467,64a74923069c45ed9b636eb7b7fb50b01b03db05a9730f3d685b9040b9384851,
15001088,2011,1996183,24028,397d06f2a1216e5087861e4274c68e72d82199a0f52648019d24c79263cc8995,
15001088,2012,1911061,23011,2199efb99c03ecf1636212840c357463c6c9b13f5e6183f47dea210e259ba8b8,
15001088,2013,483655,5813,785d8d08d587a13c30130b07b27b6cf8eca95dc0e20a3b981bc1a8c949f42327,
15001088,2014,971957,11685,3fc161827a3598a6afcc080f79cb6498bfbdd746e61545ee7b75e1f676cd16c6,
15001088,2015,2732458,32871,be7a3b165bdfb9229afe7d508a126bc42b2a8bd01ddbe67a21411bb5a201269b,
15001088,2016,2919722,35131,971dd9c223e249b409721968fe38298fdc1def451d9ebcbc91ee1cc9edc6e49c,
15001088,2017,2914695,35042,e47e67ff44184952d8c183faf4fbf87a2b58fff169f20be747b53b7172233fef,
15001088,2018,2908436,35040,d02f3bf6ef30cbe639a51d7a7ea6512ac74065720682b0ae5d7fb4e93323e2cc,
15001088,2019,2912745,35034,7e805bde320dc7c64e49d52fcb1b75079d983c185ae71ec7b63401c2e766ca58,
15001088,2020,2914322,35124,a5f35db28365de5ce2c0339c72101759399d23356234aed52de552c4fbe85540,
15001088,2021,2904326,35036,b0e10a8aa4e7d721eafe110c11da069a021e9102482461ff9b21c1e29e1c85bc,
15001088,2022,3366751,40577,be63bacb2affd46cd3af8f8047069b407efb52d0982e62bb125236a74ee8b81b,
15001088,2023,4192644,50391,124aa1704d1928617e564d0f812b3a8f687fb95021bcd52a81be6d6cde56374d,
15001088,2024,6,0,637b2c8da853bb1832c130f7e3bf70d07d3801190af1b8c77a8346faee3bfbb9,
15001088,2025,728255,8783,47f0d80cd3c84be58a318eedf33f4242e42d5c3d1a446549c928d503cb708452,
15001093,2010,1023773,12323,7fc732f08ef595b424e421cae091e0c7e416d273997ef98817c8a1a6422bf81c,
15001093,2011,1172720,14129,8a023e50524a334e44feac1fe745f3a582aa33c814a21bab19f7b1c7b70cdcc2,
15001093,2012,1260986,15185,775f6992d0e9a403bacc8de15006d2810ed36d406e4eaa40a3c390a11b7f0348,
15001093,2013,1046689,12615,2c1715f0242852c8aed70a9589b1bc7b66c170504fa0fe56d7455b978dd34945,
15001093,2014,909947,10949,05f230a994f67ef6f1b70045bbbc8b3d832cf97702a5614eff1584ab0a4ae95b,
15001093,2015,2635651,31737,597011d0eba7197d668ee008a802924d5a70e17e0054101a552a0abad8a384d7,
15001093,2016,2918168,35125,3370b552bf1184851c241db781f262701b5cac2bd4c094f3fddbbf26a7d17552,
15001093,2017,2906866,35006,5c825bdaf0775b9f34bfdd63ebc7550eb8f198fbcd7fe8cab484da10acc1d8bb,
15001093,2018,2907667,35035,7e4f588f297fb3858b74b7fbb7edd518945eefaf6b754f97f7636391ca9f0a65,
15001093,2019,2908190,35037,7459fe60ede75428478c9d36bd17f6c87924944057f6938a4c1f29e6da7eb980,
15001093,2020,2916033,35123,7500d156f0da8fcdbde3a2a5afb5b48db870cbd93d07efc0e92fdd5898d65300,
15001093,2021,2691755,32476,95233371a4aabbc005e6896a11a14cf10b786b34476d222acd3d3bdae8fe30ae,
15001093,2022,3349828,40412,5cfa987949e5cc850c8db628fc66b458e6d95a1629394437c22738f13960828b,
15001093,2023,4338141,52250,7491f339cb19902bd4e4fe059d32de6de6f1507d3db5296ca445f7809514d7be,
15001093,2024,6,0,637b2c8da853bb1832c130f7e3bf70d07d3801190af1b8c77a8346faee3bfbb9,
15001093,2025,727793,8783,23e142d47d2caab0db08adc8166849d3c48678db79da6c0006da287f7a648261,
15001095,2010,6,0,637b2c8da853bb1832c130f7e3bf70d07d3801190af1b8c77a8346faee3bfbb9,
15001095,2011,93544,1121,310a9650d34eb138c6461ab2362007c4ef7a6c3798f29fd4e730b4431f81651d,
15001095,2012,802201,9663,e3aade25918ad18937b5d5a96d619cadd0f795320f63e91b0225f51413b6155d,
15001095,2013,965090,11639,afb2c8701fea109048f1589dacfc2a2b2f38dbb23d20310bd5048dff41d28d03,
15001095,2014,1244713,14987,fa3318c6aca41a9d8e4b637763fcabbb6d79bbe983b186dd5f71de56b9433cb3,
15001095,2015,2254161,27160,1e65621a9846bacab0afa82b20969024455f6e64e7d86a56f74199f5f80fda42,
15001095,2016,2913528,35132,657344797ace6cc2844a4c0f9cc613b88bdbd1db5487d006ee759601287869b9,
15001095,2017,2905967,35031,f73e4d1cd4be46d0c763b7e75a53207ba3a0caf7dd9b0f91532e7f8d4571e1bd,
15001095,2018,2848821,34369,aca3cad787d6599d449dbc8d4e41330b5c2a16f753863bedffe7171d9c01618b,
15001095,2019,2906575,35041,f7f201850d3de511fa68a70ef51f34025072b463df8534b1b8021755564b2229,
15001095,2020,2912308,35126,cea07a15358fb05f4a9724411b2d97f57deb7d9a3236ac71cc16e4f52fdc94c7,
15001095,2021,2903388,35038,e6df55432aa49a6a6e3ea5f8c0e2ffc8a5d99581650bfb874b948d0abf5066ed,
15001095,2022,3361989,40578,9248ab14b60e16aa14cebb267a7380491998063c0f2d7383e21f698596b6acc2,
15001095,2023,4360665,52557,11f29748d2511dd8bd52dff24a87e5a928422b9f19a75e85c6f454f32906c987,
15001095,2024,6,0,637b2c8da853bb1832c130f7e3bf70d07d3801190af1b8c77a8346faee3bfbb9,
15001095,2025,2815286,34001,8b25f90aada4a07a266da306326f7ea2ffab38cf77b3a6587f3553cf45ce9acc,
15001098,2010,696276,8305,3554fbdc6ce1c2fa11ef4cb5357d15b94848e421bdbc65d6417b2f44efc054ff,
15001098,2011,970004,11574,fd112f0f98995c4d53e6f3f46e827bd197612920e52b11e0980912596deed5d8,
15001098,2012,981616,11712,b224215b6e897eee55ae81fc8ee87bd758d1278edbf6c00f125a389d5f9850f7,
15001098,2013,755288,9012,e080244b82705aeba1461ff891570f4b2a59d2e2cbbbd918015f2885ff98ec51,
15001098,2014,1084460,12939,e0e5da407be0d4dc603f918212d86f8c64cd840e310651759dde003d7a58e641,
15001098,2015,1935578,23095,09bd04b625aac0c7427c4b2e47254a2a3f2ddf848bb262a05376b82f6b0d23f0,
15001098,2016,2943790,35126,7805330254828e7c246e9874f3eceb65416fccd5ea69b87453ce099740f6c048,
15001098,2017,2936650,35042,1a3a5a408dc70809bdcb6d3354597489365a32ea7e899a6f0b4d863f425ba96d,
15001098,2018,2936662,35039,804219509621182129cd45fc1665893c6cb26eb49ccf56c026a3e5682f7e1bfa,
15001098,2019,2936494,35038,b2442edc5a3cda091e93a66473712db8b79a0279ec49d2fa32c4eaea2511cfaa,
15001098,2020,2943920,35127,685cb7b50eb466bedc691dd2a0ed6373d52ebcd61011fc84875cc0c8b08f0a59,
15001098,2021,2936546,35040,c7afee3e996dd85b474eee6d698e69bfa44031a8e06c71bd44f7916674789261,
15001098,2022,3400624,40577,579df040d7f2080b6bf02619924aaf8665546de84252e74ccad42843fe9507dd,
15001098,2023,4404520,52556,8f5a4f61466c87afaba02a9054f7966b06d6ac5e43bf15b802b3030bc7ceea8c,
15001098,2024,6,0,637b2c8da853bb1832c130f7e3bf70d07d3801190af1b8c77a8346faee3bfbb9,
15001098,2025,193222,2303,34df7e03afeb63b1903da34579ce51aebfcaf50b79d4a1f4ac9414577278bc77,
16001369,2010,2257719,27266,207d7f5442f29f6070abb5794f2a501ae689a0819d8d83ea226ba4dcb9c0db25,
16001369,2011,2820194,34056,a62ee073480daad43c2fd0af90587735b18af06ad42a5709dd71518924ed5656,
16001369,2012,2908348,35136,1176e9c4fb866ebc8d1b2dc5d99c168086969b2bd4e41689484769a9bd38c116,
16001369,2013,2892284,34930,69edbbb02f11f2fc280d9834568c50905106047f88582ddaa86af280ab7b4c2f,
16001369,2014,2714788,32801,980d80f00d2ae043e0ed5ce18efefeb9ab3346f7ab5b4c78bd51ec05351da022,
16001369,2015,2900732,35029,f6dddff7bd0a480442ccbe1632f0beadf53505562b5a77f9bccfdd0b59cef2ce,
16001369,2016,2909342,35135,6870a7526bc5f3d7f701a21430e8a3cc38920a4b2bd5fd13b0400ad2bd95e8fa,
16001369,2017,2901567,35039,49c298b7e2768e7af8907f391a9aa3ca3c54447fd169956ec877323aa146b592,
16001369,2018,2897520,34993,80602e0df51c9d842bd6096713b503c74bfa373589531ef2f20c1347e97741ab,
16001369,2019,2901120,35033,cc7851c11770391c72104e5ea1753c1c75387c3100756c64779a07ab41bb20e3,
16001369,2020,2908428,35121,2e204be1d85f7c29a8d18918acc645a66cf6bc12aaa9d1a4786cb02abad652d3,
16001369,2021,2900793,35030,62b450fd62dae71f14d52000d04aac156e172a039742752afd46fa963b398b95,
16001369,2022,3891858,47003,72b1b7e3f0c9199294e0fbb06e8c20e1d774d9b3a62233b1d6830c650b569cab,
16001369,2023,4351773,52555,097b62990dbdedc688d5854f26adfb6a59e873c5dcd39daecac1a5daa0682c50,
16001369,2024,6,0,637b2c8da853bb1832c130f7e3bf70d07d3801190af1b8c77a8346faee3bfbb9,
16001369,2025,727204,8783,e65180cf7370074b5457ddf9e4264d19915624b6a2bb149129d7fd4d7fd9f2e1,
16001374,2010,1744615,21055,91ccf9ccf8d0b7bd0748f949779ec30a58f1b362182fd6a5f80a698cca0ab87a,
16001374,2011,2125827,25671,e2003965cf2bb58ce22935fceed65fa9af034351830f2dd30468c5ad48077af0,
16001374,2012,2736645,33021,6a1f6344f975274dc155e68705b3f68d063d8cd20c8789352f1c1c08a319aa77,
16001374,2013,2203453,26590,66c7733ca54c48999ad7f6d01413244c0a8869c0354c45102834ed3949beeb70,
16001374,2014,2886810,34828,074f6b93c50478017cf30eb7b9a68ab1c5c0618833f62a72cbc411263d72af85,
16001374,2015,2897426,34953,99ce0855b175e7e34812db8f2718fa127f61a18e6997d7e63144c15868e412d3,
16001374,2016,2909822,35135,371b412db7ffc35be304869b07771f70324ed8854eabd03f3d8e68ce963e2f2e,
16001374,2017,2883206,34804,e3c10c7fcc60904dae1f03454ba9bbab940215f06e20f8b9205d74940cb0843f,
16001374,2018,2859933,34558,d0a3198e23244a568b47c66206c4e5d9d211db5bedca2cb032559260418ae710,
16001374,2019,2898547,34960,550c57aad94370842d047717a82fb13cacc487239cc113d3840ca7bc8dc41536,
16001374,2020,2900235,34994,f91fe8164faf3c3f4214c1645f110764775e55c1fb0942eb9a82ec468c021fc8,
16001374,2021,2901900,35029,d1bdfc2613e698e56810f5ab89a7a3436a71cbb18f0839bb7f89ffe2ccbd9c02,
16001374,2022,3890561,46962,78e9ac3ceb743d31c89932d9dbd8d6c4f7f17818c66a02c37b27a3d335cde975,
16001374,2023,4356310,52559,0ba04bd660f5a88562e4ca1815c260cdb1a8cce6f96e9674e1719fc9d8c59260,
16001374,2024,6,0,637b2c8da853bb1832c130f7e3bf70d07d3801190af1b8c77a8346faee3bfbb9,
16001374,2025,1048355,12657,f55d5889ea5913ac185fd0ff8437192cc34f6418db4975e4786f2e41cd13f54b,
17000028,2010,2686588,32056,cf7a90e0e71f0cd503bfa63f0d8c7bfe46bf3f435204ac574cc3c04cdd76dbc6,
17000028,2011,2313540,27602,55e2b5f4bd56dde196be0a818908a7d260b46dc196f95ebed6d0cfca10598e1e,
17000028,2012,2904776,34663,c0ac6eec1e8a0948c5c639a2e9552453667109b124b726bad2448093baf38154,
17000028,2013,2936250,35038,5205708826d56b5a85bbd5934338ebbec8b21e9177da1c94cab3ca3232f0be21,
17000028,2014,2936430,35039,4c48b7f8b582d383ef75c1df0c7ba5004612f3e72f381d1b4927552af1a18b63,
17000028,2015,2936074,35034,58be3b573c8534c6c26f4f908c2022a449e207cc98aebeb259f641936211ee13,
17000028,2016,2928580,34942,07d6a0008175676c0f11ade4551e720447181036a89248c1e1ffda1af55916ae,
17000028,2017,2936506,35039,973c07540e373dedf07f5ac7a17cc7b91a0c3738db421def95ec4c656c02ffeb,
17000028,2018,2935948,35034,f577c71f32c78995a899f83ccd8b1e7c8f2d851609c6e78fc86f1627415f078f,
17000028,2019,2935754,35031,3b73abfb31e11d1d9742bc92d1929d1f904aa44eaa25a384c837100d71e21288,
17000028,2020,2943354,35121,db9ca47b69b913db79a8ed27098fb62e1fc5ba1410656b5b0285eb838dcbbc06,
17000028,2021,2935832,35031,fee3a7c7b609eb0dfe8e7335d912577ab0846859ea0ce0f5b16ab33119c67e84,
17000028,2022,3882930,46333,b0e9900eb7136e2ee42a41fd0dc808dcd92be99fa31155a2629ec7f12aee99ed,
17000028,2023,4404820,52559,662683e68fe95a16171c65bea9ced3abd82a35b0d4b5bcedb17f62458a688993,
17000028,2024,6,0,637b2c8da853bb1832c130f7e3bf70d07d3801190af1b8c77a8346faee3bfbb9,
17000028,2025,3196721,38141,c1af64ef2e7f19556f6e9791b4ff04a676653643ca0c21ce6c1a67028f270b35,
17000029,2010,6,0,637b2c8da853bb1832c130f7e3bf70d07d3801190af1b8c77a8346faee3bfbb9,
17000029,2011,6,0,637b2c8da853bb1832c130f7e3bf70d07d3801190af1b8c77a8346faee3bfbb9,
17000029,2012,6,0,637b2c8da853bb1832c130f7e3bf70d07d3801190af1b8c77a8346faee3bfbb9,
17000029,2013,6,0,637b2c8da853bb1832c130f7e3bf70d07d3801190af1b8c77a8346faee3bfbb9,
17000029,2014,6,0,637b2c8da853bb1832c130f7e3bf70d07d3801190af1b8c77a8346faee3bfbb9,
17000029,2015,6,0,637b2c8da853bb1832c130f7e3bf70d07d3801190af1b8c77a8346faee3bfbb9,
17000029,2016,133476,1590,0aaa25f524207fd7d190dddb61c12413bd440591fdec9898513c9d6ec7f47558,
17000029,2017,2936600,35040,791937ceaf39a722373f66829e8fda77839fa8cb12ac8a20da0cee8049b5d462,
17000029,2018,2936079,35037,0123e39b279222880fd83d0d3dc0d92532acf92a1839dd1c3c08fd3d4225dc86,
17000029,2019,2933333,35038,8b7af2606b6bea268425bce8d0b4fcd861a8082289a281a5ee8ecf5903839f60,
17000029,2020,2943986,35128,edf4e90425bcbc74ac25ccd599f844cb14d009d7a6bdb00d1c3053f16cd0ed9f,
17000029,2021,2934338,35041,f47262d643b20d49397ef2231afff96568c8adc12bba54a19ab0c8b64b2ff809,
17000029,2022,3394727,40536,72e9ffa4a8da68ba4ac6c95576f2bfadd026051fa51bdb68fae86dd9c7fa199e,
17000029,2023,4399341,52557,97f4200b17142cb3f397efc32eae7c4edda0ccf180c045e7eabff2a8c0a073e6,
17000029,2024,6,0,637b2c8da853bb1832c130f7e3bf70d07d3801190af1b8c77a8346faee3bfbb9,
17000029,2025,6,0,637b2c8da853bb1832c130f7e3bf70d07d3801190af1b8c77a8346faee3bfbb9,
18000263,2010,6,0,637b2c8da853bb1832c130f7e3bf70d07d3801190af1b8c77a8346faee3bfbb9,
18000263,2011,6,0,637b2c8da853bb1832c130f7e3bf70d07d3801190af1b8c77a8346faee3bfbb9,
18000263,2012,6,0,637b2c8da853bb1832c130f7e3bf70d07d3801190af1b8c77a8346faee3bfbb9,
18000263,2013,6,0,637b2c8da853bb1832c130f7e3bf70d07d3801190af1b8c77a8346faee3bfbb9,
18000263,2014,6,0,637b2c8da853bb1832c130f7e3bf70d07d3801190af1b8c77a8346faee3bfbb9,
18000263,2015,6,0,637b2c8da853bb1832c130f7e3bf70d07d3801190af1b8c77a8346faee3bfbb9,
18000263,2016,247258,2948,8189d3aa7bdf5cbd862f0e969e3d655bb7f3d8470f004c6aab32756ed6525934,
18000263,2017,2928290,34941,4142f79c5db1e534e21d7fe19c263659318b8c1a841e17a42b942d2bb9fa2b5d,
18000263,2018,2936236,35036,483fa6b978e7b2b647cb0442968277338018267e11c86abc0adcad403996bceb,
18000263,2019,2936186,35038,3fddbb322f6b49ca08c6c6092f30976257e597e3b486bbba537292587965fe29,
18000263,2020,2943522,35123,fd1d57515adea398856e5ba65a6ce0c7d50c7e4817554e8236ef42773e0945f7,
18000263,2021,2936358,35039,b712d6a8abca82776319aeb288cd292cb0b6699eacdf27dd2631dcac13659344,
18000263,2022,3397736,40542,442f8f6c6add5883402d46e3ac272fe0975289c98589c89c9e1d5aa30ee62954,
18000263,2023,4404276,52556,ba7e4d5276103a0a2dcc349f3658674c3da6dc1d5474daa5fe0e59473f5f3c20,
18000263,2024,6,0,637b2c8da853bb1832c130f7e3bf70d07d3801190af1b8c77a8346faee3bfbb9,
18000263,2025,6,0,637b2c8da853bb1832c130f7e3bf70d07d3801190af1b8c77a8346faee3bfbb9,
18000264,2010,2471718,29495,fe5aaf6cc1d85eb5097d4902aca21522291f54c2076932ad946f04a4c4a08309,
18000264,2011,2085662,24884,b25e5b575c76efa41751d03213706357e258ea348068a4433ce42af7ac2729c8,
18000264,2012,2944648,35135,d3c7f8b54e80ba147379da858174c9b5cb434cdc1b09ea17a6dbab2f7484688b,
18000264,2013,2936380,35038,aa577048c552887db4bde29681d9897b56cccce6e02b5ae72ce413b7bdfcc2b4,
18000264,2014,2828454,33752,6f75f08aa0ce31b7f41c56cdd90f3ce5d2331c0be6bee346e0fa19a378e3571c,
18000264,2015,2920068,34841,8d106e05c232933fd4232ba58670f0001a9fc5fb8c7887a3d9645c62c709769b,
18000264,2016,2944913,35134,71a30cfc553947cc1ce85a46e1f960ea3ee4a37a1a332c536caa30874ec35a97,
18000264,2017,2922568,34875,cf04bf0b8bc52a5e08ff4539069bd5e79d94fcf3627585f69e24626f5c0f5ce8,
18000264,2018,2911936,34745,2b01571340e5b968851cbf3753814d07b8177a73769be4e82a8c3eea52977f43,
18000264,2019,2934946,35020,fa9d2ded9dbd9ff6c907cb506158a5bc374373f4fbff0abaa8a7a2a8b7cfde3e,
18000264,2020,2945605,35120,bbc76a6b7e86cb0b5ee01182454cffb587668be154644436a9ed9307d55616ba,
18000264,2021,2931564,34982,f12413ac558496bc6146d1687ecbb96a481e9d1184e17931be266849db6252e9,
18000264,2022,3802653,45372,8874d4d105733eba7011492859179295d90fce371b30f45e4bf874acd55ed9c7,
18000264,2023,4406056,52557,f0ed22a61d6f732709e8fe137b5571436945360b9b73f10307cfeaa92df861c8,
18000264,2024,6,0,637b2c8da853bb1832c130f7e3bf70d07d3801190af1b8c77a8346faee3bfbb9,
18000264,2025,3083016,36788,29496ece710b9c4c8c6af06b49284c7299f50c6ca7521bdfac96b3a8e0b9f839,
19000466,2010,1783796,21414,f43f310b22705d068f86187c8229fe8b6d5af26bc2a9bab1806c584c32ba0f8d,
19000466,2011,2182887,26198,0f9417424db4a928b68a60cbdaf6da3e2f4a152292080c7e8ba06556d3179a3f,
19000466,2012,2875434,34445,e1a2d040f5af7406c5d7442905ce4ba448a22de4a4d7fe70451208f56ea432c7,
19000466,2013,2923335,35035,06664947ebc3421d37e686d8107f18b349a12af174362a9436cfe2ba96583d93,
19000466,2014,2925959,35037,ba62360963535b91baa065d7a64d1a696f4a2c8fd46e55c2d09364d3851292bf,
19000466,2015,2376188,28402,00f85c8287241a28d930ea30cb12db26e157d0cca16b29b180eb77d48e98f140,
19000466,2016,2345562,28071,ccfa339f6149a05deaee768cfdb2509a2f42bf1ddf869638ca22142cf402f869,
19000466,2017,2929728,35038,001f487571ba5a59011610f492cf364edee4f7fdde82c02558463acd5965b54b,
19000466,2018,2924083,35029,dfe32fe87b2d2d5aff08511990e2a1b9b15dea0d11dc53f231b2c2701645bcde,
19000466,2019,2922672,35030,7df0a4591c84d5279fed84b8dc79497d7b0137d1667c277fa47abc7892ac1cea,
19000466,2020,2935497,35031,7336a3e11273e0554526f097ad0e297d4672d0f4da712b03245840737131640c,
19000466,2021,2930900,35030,d7abff9edc054c27efc294d4125ea3ba456f9e4a2da566214c04badbcf99beef,
19000466,2022,3907756,46791,4e8348010559f5b0493011fd5f8213473d90e4c1f293a47ca3f6535cc29156e4,
19000466,2023,4395282,52559,56d182eca9e9c7de3239f6ba5bea7da047979800873d642fd8f4fec3887ad635,
19000466,2024,6,0,637b2c8da853bb1832c130f7e3bf70d07d3801190af1b8c77a8346faee3bfbb9,
19000466,2025,3180008,38086,ef1fc3cd7cf6157d1cac50dfa84488970b6a66ea59e75b9bf2a89b04175c5cc8,
19000467,2010,2252880,27510,f57808c7352d339a3104291aaf75d1904d79458bf37665ddb816f1ca35f63518,
19000467,2011,1765615,21546,e30996e5ae99a3b9d29a9248c8292f90db39114fed249e6dbbfa2b7c747d9f3f,
19000467,2012,2878939,35135,493cd1ad51927906900939edc64f57de6c2fe5d55eefe5d3db97e36e5580266f,
19000467,2013,2871457,35036,6e9e6c7ae4e8946f870f371f54bb976a113ef78972acc58abbebb03251bcd40e,
19000467,2014,2874370,35037,6c75923ce5b9fecd65b8bbe2059856a438f1ae342083ce715ebc55b7d423de73,
19000467,2015,2845822,34598,750c4748c85d6db5589189deb2f6bacb9a5e6ade7b433f5c08f298d93c16c6f4,
19000467,2016,2772818,33701,55288da92b933f110dca459e4ada3016392a48e2698b9304bdeccd970446df7f,
19000467,2017,2876743,35037,adad8029cd194d094bb3cec9691a2ff85836e795ae06ad1cb87d5928af759385,
19000467,2018,2700398,32936,6b39e0a7101555c6067062627fe60ec9c25f344890f3a6b9634a21e7ffcd9925,
19000467,2019,2876219,35021,2d1a2366ee2998f387f4088b3f7fd4423906732e1badc069998ad2284b27a7f4,
19000467,2020,2881651,34998,84c63ee47ceef6de106691a79909400d769ab827674efe0043b984e2d64dcfba,
19000467,2021,2872679,35024,7eb60271287a30e6c220af771cff2a4a6df698a4d86fbcf7ea1c7e6adce39acc,
19000467,2022,2873556,35034,96b0aab06c912921c08de136ddd6731c99d9d933ac97df5f358d2280d70d7c1c,
19000467,2023,3607698,43936,d54461f919e0a6ce96a08f4a5358fd300bb41712c8ed84c7421c66a2b67721f3,
19000467,2024,6,0,637b2c8da853bb1832c130f7e3bf70d07d3801190af1b8c77a8346faee3bfbb9,
19000467,2025,6,0,637b2c8da853bb1832c130f7e3bf70d07d3801190af1b8c77a8346faee3bfbb9,
19000468,2010,6,0,637b2c8da853bb1832c130f7e3bf70d07d3801190af1b8c77a8346faee3bfbb9,
19000468,2011,6,0,637b2c8da853bb1832c130f7e3bf70d07d3801190af1b8c77a8346faee3bfbb9,
19000468,2012,6,0,637b2c8da853bb1832c130f7e3bf70d07d3801190af1b8c77a8346faee3bfbb9,
19000468,2013,6,0,637b2c8da853bb1832c130f7e3bf70d07d3801190af1b8c77a8346faee3bfbb9,
19000468,2014,6,0,637b2c8da853bb1832c130f7e3bf70d07d3801190af1b8c77a8346faee3bfbb9,
19000468,2015,6,0,637b2c8da853bb1832c130f7e3bf70d07d3801190af1b8c77a8346faee3bfbb9,
19000468,2016,6,0,637b2c8da853bb1832c130f7e3bf70d07d3801190af1b8c77a8346faee3bfbb9,
19000468,2017,2492484,30028,f3a19e64fda749737828f4179c7abc98886989d5c897fdf2a80daa4a4315c04c,
19000468,2018,2905893,35030,b8bfe0074c9b8733689cb67ce40ee800feb9ec5a241886bd19c29138d20666c6,
19000468,2019,2908971,35032,a18479aaa3db15d32765f6323c7034737d96e94832cbbed038012b534b37cca6,
19000468,2020,2916813,35078,34c32a2168aed1af3fc4a31c7d808c61135a588b8255c136dea1b29007148c41,
19000468,2021,2907455,35031,b0c7d5ff9f2852dbff361e46660f0ed2bee2bbca5ce4961e23cccd4f0fbc56e3,
19000468,2022,3892124,46912,633b66f8c83c1a2d1c3172c8335c90108027d9e9e4826f404226d38180057ad6,
19000468,2023,4373189,52553,312b2ea5482dbd56f7c0bed1de4cc987b6a8f9008471b4fb67e794e9964f9bf1,
19000468,2024,6,0,637b2c8da853bb1832c130f7e3bf70d07d3801190af1b8c77a8346faee3bfbb9,
19000468,2025,6,0,637b2c8da853bb1832c130f7e3bf70d07d3801190af1b8c77a8346faee3bfbb9,
19000469,2010,6,0,637b2c8da853bb1832c130f7e3bf70d07d3801190af1b8c77a8346faee3bfbb9,
19000469,2011,6,0,637b2c8da853bb1832c130f7e3bf70d07d3801190af1b8c77a8346faee3bfbb9,
19000469,2012,6,0,637b2c8da853bb1832c130f7e3bf70d07d3801190af1b8c77a8346faee3bfbb9,
19000469,2013,6,0,637b2c8da853bb1832c130f7e3bf70d07d3801190af1b8c77a8346faee3bfbb9,
19000469,2014,6,0,637b2c8da853bb1832c130f7e3bf70d07d3801190af1b8c77a8346faee3bfbb9,
19000469,2015,6,0,637b2c8da853bb1832c130f7e3bf70d07d3801190af1b8c77a8346faee3bfbb9,
19000469,2016,243,0,2f77d6b551e8dfd3a9c9c85df83e5cea1326fca90f7b8c639a8f8f0d73cd2b44,
19000469,2017,2901162,35038,ced9c18338ab4d7c1b9db56d480b16fb2e787a26598b1478215d69e70fc32c0d,
19000469,2018,2893699,35032,f941ba2154fa189f8e70377bfcb715342f7ba5936686228986c7a2b82af8aca5,
19000469,2019,2899901,35032,b0c74e4894294b00ee12705e884fe92ac544875cca1896faab2152a3aff3bdf6,
19000469,2020,2904846,35079,bc85ea7be1373e719d668b3704fb642c3925088ce1855ad5c07bd195f02c56f0,
19000469,2021,2817058,34086,8ab8316e7d7552c853a7a8edc87d5f9e4c7cf8c94eed674e54830bfb0ce34062,
19000469,2022,3045582,36896,2c3aeb7cdddf243bf81485291f27c6aa5f842e2c76ab9cb6b11c8475124b7981,
19000469,2023,4250351,51428,f490e827fe95ea5b7bff56739805ebffcaeb6d002e304e04ef344e9c1e6a34f7,
19000469,2024,6,0,637b2c8da853bb1832c130f7e3bf70d07d3801190af1b8c77a8346faee3bfbb9,
19000469,2025,3136035,37996,c7fe96d109a0addb93b55833d470bd26539a11d5a6817b49e70d812a18099949,
19000470,2010,6,0,637b2c8da853bb1832c130f7e3bf70d07d3801190af1b8c77a8346faee3bfbb9,
19000470,2011,6,0,637b2c8da853bb1832c130f7e3bf70d07d3801190af1b8c77a8346faee3bfbb9,
19000470,2012,6,0,637b2c8da853bb1832c130f7e3bf70d07d3801190af1b8c77a8346faee3bfbb9,
19000470,2013,6,0,637b2c8da853bb1832c130f7e3bf70d07d3801190af1b8c77a8346faee3bfbb9,
19000470,2014,6,0,637b2c8da853bb1832c130f7e3bf70d07d3801190af1b8c77a8346faee3bfbb9,
19000470,2015,6,0,637b2c8da853bb1832c130f7e3bf70d07d3801190af1b8c77a8346faee3bfbb9,
19000470,2016,6,0,637b2c8da853bb1832c130f7e3bf70d07d3801190af1b8c77a8346faee3bfbb9,
19000470,2017,2795502,34427,27af875885dd59bd7e02a8ffe9e2e8019161b39ab62a356a5b36b17198c4bf03,
19000470,2018,2839415,35035,9a63590c74bb7c73747435fd72ce4a5e2303cd76766ff950f3e167e43cc0bba7,
19000470,2019,2848084,35030,5ec11d50519d59746c8d5b23e198ed8d7cb8a1705434ba96490f1312dfb6d7da,
19000470,2020,2848719,35083,74dd5fc6bb4a1f7602508e338e71dc8ef5eb403ac61907bc451cb8541ecbf0de,
19000470,2021,2842471,35035,f7ccd08b2b487defb3f3d75e26fdb5019a58e1a8eda3d886bd965bc99c0fd553,
19000470,2022,2836645,35017,7842bb7ee6348552147ba23761f751eb80139d1fbbd96f9518d342247b31f122,
19000470,2023,3573520,43939,7ace97cbb61088a8560ba1eddfc7ef61889730622227aa875dd31add9b065a5f,
19000470,2024,6,0,637b2c8da853bb1832c130f7e3bf70d07d3801190af1b8c77a8346faee3bfbb9,
19000470,2025,6,0,637b2c8da853bb1832c130f7e3bf70d07d3801190af1b8c77a8346faee3bfbb9,
20000910,2010,2135192,25465,6060d96fed14ccaca57f9531ecb96b9678013e8aeea5b4ee11f5fa5625b10911,
20000910,2011,2694542,32138,ec9efa9b34a5c7101e75f6e7ec877fe11826b1de74c2cf881fd33f6eea0fd473,
20000910,2012,2703752,32200,63bc77308c1be23ccc95500226139734ad64808d1a3600cf0b1432cdbad15c80,
20000910,2013,2941863,35038,f27c79b77bc88082094da1754b2e4abec29b7b259caf4e71efee12303dfce363,
20000910,2014,2942298,35038,d3cc4266100883a0ffced7e7d79f88c0e2cf7356fff4e8312ea5b09f364ce586,
20000910,2015,2938713,34979,9ce42eb79bb3548018296200ec9a7a7d2054f86efbd3ad434a1c79705ad0c8e2,
20000910,2016,2949006,35131,e5fdc1ac43fea0d5405e40dbc9389c08e00caf60806cf2f1d8abe5a00beec5e8,
20000910,2017,2937627,35010,5ff30343d248b8774d874f9c96452ea8cd2e0774e2b6520893a61b9e750f6902,
20000910,2018,2937815,35028,b60f5b4d606e4e3cced9b61c5317693f3471aab4ff591ee5738ba9c6336adf19,
20000910,2019,2940401,35029,603c8ad7ddae452b12a3bdf8c1631cd7ff5f28e1d1eaf8bade8149fad908c4db,
20000910,2020,2947732,35078,9431c2ea009aa37ae0d12655ad4776252b4c1959b7f0ca1648361b1a9ed6f604,
20000910,2021,2938193,35033,948e3343e2d202bd1b724ec5de4fb06f1b05eb95bc88d76d710367395fd1fe79,
20000910,2022,3882367,46294,2d1b1956b8acc2f32005f09faebdb2b7729bcb646ddd01ded7da37d9c262b2ea,
20000910,2023,6,0,637b2c8da853bb1832c130f7e3bf70d07d3801190af1b8c77a8346faee3bfbb9,
20000910,2024,6,0,637b2c8da853bb1832c130f7e3bf70d07d3801190af1b8c77a8346faee3bfbb9,
20000910,2025,6,0,637b2c8da853bb1832c130f7e3bf70d07d3801190af1b8c77a8346faee3bfbb9,
20000912,2010,2936738,35040,c6dc96f9bfd8e3f351e3328fdcb8c060dd8a50faae7fbd28d7a9bef5735b2bec,
20000912,2011,1964670,23437,e17a31e09c6ab58d1af84c2aef5aacbab577d5241825b851c0081fdbbf807b50,
20000912,2012,2945274,35134,f0d1a3c91b8ee08000048fff3e4e9e0a3f3e6d45cd4d424460015d64fdab589d,
20000912,2013,2938276,35038,b01c68d4a540f76717123e536d5d795f08d44c16be9c167284a4024e78dde6fd,
20000912,2014,2938882,35038,2c566217575f1faed4f6b52301507afd494ab7bf1c823d161afb3855158db3d2,
20000912,2015,2867198,34166,1b5417c41e2454d195f0b63a034667d3f938b83633bd2ef84d11f36dd7b6e1d9,
20000912,2016,2945244,35122,237c1848b10041a6e236443ad27fa41eee93cfc5158b5116854a6a931888ccee,
20000912,2017,2936625,35039,ac68143e84b971f20255acd397b9e254882ace222e268714096426ef2c939d4f,
20000912,2018,2935324,35017,48584677655b10dccbf931af7357459cf192e2a8542818da578633b89b41097c,
20000912,2019,2936967,35034,3b9bedfbbee298cfa8001dbf198f806b2c1d9fe8567ace989cda13c40c31da1f,
20000912,2020,2946880,35109,1e52562f0c6e24c78c8a913415fdec945adfec54f5b2271c4fbb01f1611a2b3f,
20000912,2021,2936425,35031,c8fe0909199f21e9bb07aa4576552c23a72d576aea7a88f7627d97da28a0aa08,
20000912,2022,3880592,46287,dd61debe8a4a762b99da3ee84e7a005e6b4da680c47a1205886b71d5fa5d710e,
20000912,2023,4409052,52555,81777c0ae92f5bbd213f98aecdc79c423b3f95f369b9d8865c514759fb3bbc94,
20000912,2024,6,0,637b2c8da853bb1832c130f7e3bf70d07d3801190af1b8c77a8346faee3bfbb9,
20000912,2025,3177856,37926,c543c7245081716e2f42d43e9223d4d4990e03ebeb31a19191d026f52a0b565f,
20000917,2010,6,0,637b2c8da853bb1832c130f7e3bf70d07d3801190af1b8c77a8346faee3bfbb9,
20000917,2011,6,0,637b2c8da853bb1832c130f7e3bf70d07d3801190af1b8c77a8346faee3bfbb9,
20000917,2012,6,0,637b2c8da853bb1832c130f7e3bf70d07d3801190af1b8c77a8346faee3bfbb9,
20000917,2013,6,0,637b2c8da853bb1832c130f7e3bf70d07d3801190af1b8c77a8346faee3bfbb9,
20000917,2014,6,0,637b2c8da853bb1832c130f7e3bf70d07d3801190af1b8c77a8346faee3bfbb9,
20000917,2015,6,0,637b2c8da853bb1832c130f7e3bf70d07d3801190af1b8c77a8346faee3bfbb9,
20000917,2016,6,0,637b2c8da853bb1832c130f7e3bf70d07d3801190af1b8c77a8346faee3bfbb9,
20000917,2017,6,0,637b2c8da853bb1832c130f7e3bf70d07d3801190af1b8c77a8346faee3bfbb9,
20000917,2018,6,0,637b2c8da853bb1832c130f7e3bf70d07d3801190af1b8c77a8346faee3bfbb9,
20000917,2019,6,0,637b2c8da853bb1832c130f7e3bf70d07d3801190af1b8c77a8346faee3bfbb9,
20000917,2020,6,0,637b2c8da853bb1832c130f7e3bf70d07d3801190af1b8c77a8346faee3bfbb9,
20000917,2021,6,0,637b2c8da853bb1832c130f7e3bf70d07d3801190af1b8c77a8346faee3bfbb9,
20000917,2022,6,0,637b2c8da853bb1832c130f7e3bf70d07d3801190af1b8c77a8346faee3bfbb9,
20000917,2023,477969,5638,9eae6c4662455667af7c0e28be27873b2204998dd8c74ee1cd2db1e206aaf6f1,
20000917,2024,2965810,35129,c964ea2a9798fb2cf199f196b11efebda9a08155f82fce5a7344b822fb69e9db,
20000917,2025,2926563,34961,df4b6732f737a722f2952692f35489d61bc367f63a0597a8cb75d644d6198468,
21006839,2010,6,0,637b2c8da853bb1832c130f7e3bf70d07d3801190af1b8c77a8346faee3bfbb9,
21006839,2011,6,0,637b2c8da853bb1832c130f7e3bf70d07d3801190af1b8c77a8346faee3bfbb9,
21006839,2012,6,0,637b2c8da853bb1832c130f7e3bf70d07d3801190af1b8c77a8346faee3bfbb9,
21006839,2013,6,0,637b2c8da853bb1832c130f7e3bf70d07d3801190af1b8c77a8346faee3bfbb9,
21006839,2014,6,0,637b2c8da853bb1832c130f7e3bf70d07d3801190af1b8c77a8346faee3bfbb9,
21006839,2015,6,0,637b2c8da853bb1832c130f7e3bf70d07d3801190af1b8c77a8346faee3bfbb9,
21006839,2016,242,0,e9683ebb5df151ab199811c3f87b79eced8da80c63be9dbbd9e8787754cd769e,
21006839,2017,2869850,35006,5f05dc372921eb0e015433eb7cb0e4079bc184a7a300ab0e18713757e35fc8f9,
21006839,2018,2856978,34886,2c213c7df889e8cdd9760a1ed920ced37d2a55fb4fd95d8dbfe0ec326aac1d0c,
21006839,2019,2874302,35023,c245665410ac12ae0cb8b2302c9abe412ff816cfa2b3eac35f2a904d4482e658,
21006839,2020,2877823,35078,ca6b2ac1fff99343e42241e79456a1a45c64b7c8334b4f9fd30095698ad65e0b,
21006839,2021,2869618,35035,6be88bce05aa57956bb8ecda19d1fa91d5a6e6442aac17261c3669656d7878b4,
21006839,2022,2869292,35034,715cee53ed9a97f5b941b0fff6f47d6f0b6f3d11b3d804110bba19075ef73679,
21006839,2023,2876055,35039,d1e8888a047f976740ffd372980ede57c9d73acfae5c5d74bb0e942cd222599a,
21006839,2024,6,0,637b2c8da853bb1832c130f7e3bf70d07d3801190af1b8c77a8346faee3bfbb9,
21006839,2025,6,0,637b2c8da853bb1832c130f7e3bf70d07d3801190af1b8c77a8346faee3bfbb9,
21006840,2010,1587844,19203,a2effe11e20e3443e610f9812e818854b1561a15986c2cf512972e46c0de22b4,
21006840,2011,983975,11895,2ec9552a9646fb95a83cdbee4a4c79b9fe6368d434f66d84173129685b6c3b9f,
21006840,2012,2853919,34550,06d87733f37e35f218fc9272f9d01425ad10bb7ce6cbbed435b6e141c445fc53,
21006840,2013,2816585,34148,3834ceffa85ed455790d0fe58c39384468bca832f218b0426bf4b204724ce7db,
21006840,2014,2885406,34997,b595d6c171889fade387d71bef2d35fb181e2a0fb286d335fd0640fc40872805,
21006840,2015,2867199,34663,c7eef25192a56a24cab76bdcf17573798df93e49df7d0c73c8e774a310a586d6,
21006840,2016,2709962,32741,3a581234220b9626f96bf0678abc512baeff66f5a81130ca20c4fdfb90879bfe,
21006840,2017,2891996,35027,2826992fb9c8c1f7efc9b690739755bcccb8832da2a63034afdc4b116e9b3c23,
21006840,2018,2882768,35030,e807b11c5e5eb25a2fba8a406803f880a1e853e7274c69eddda9878522a9fa96,
21006840,2019,2893571,35032,672cf30d26a1d7d0cd23ee6b6f3954a1987e28e2b94fecf369700f158b01266d,
21006840,2020,2890133,35091,368f72b7872e4c9f867e379e45fc42b5834fed3bf914b1f1fe5d28ebea374042,
21006840,2021,2891779,35036,027f50321cd709f39d38eb7824ffc6f8fe9f5dbcfc0aad64e68d90179d0171c7,
21006840,2022,2880010,35037,a4685eccaf97658a2f1c229de6a0cde73d9c5a659c7f6e10431a3e83e3ea3282,
21006840,2023,3387869,41049,3f8e8b55b9d558cfc40e0b9fc791cd90ffa788ea3f4555db1fd970adf5ece534,
21006840,2024,6,0,637b2c8da853bb1832c130f7e3bf70d07d3801190af1b8c77a8346faee3bfbb9,
21006840,2025,6,0,637b2c8da853bb1832c130f7e3bf70d07d3801190af1b8c77a8346faee3bfbb9,
21006841,2010,1429381,17276,0fdf2b3363c2c29685e703647f606d668598a6363ec3d02342c6f6030fba5214,
21006841,2011,1601330,19412,9959b2b767d2fbcea868225f0266e389768b351294f9906007d844eb24d161d1,
21006841,2012,1336114,16177,3115dac756d4fce4130598563ba1d5b0b22b544f19db7e889c31bcbb20ddd266,
21006841,2013,2818354,34276,64b9f07dd076854f88b6194269582408908dd48d400248e23b013c6356c01b16,
21006841,2014,2830942,34391,8ee594ecbaeb0a0e18df8ac5825f2a66354685f5e538a74c70b4f1a903833a74,
21006841,2015,2885890,34911,0f42a9aa6adbb9e3a299b3f86271b4ed48897081f42f0e706977c486490dd312,
21006841,2016,2905439,35133,f9eab277bae21188c581d19408fa04a43a9cf93865d7e6c7223dec3d7490b147,
21006841,2017,2891492,34974,a6b11461173b2f6366a93d7b537ebf6426be862345374baa1cf45eedb6c5744f,
21006841,2018,2885109,35028,815095946c6d84c8ad1d733364cb568f2e2c3e134c8ddadcb014ac1741d2300b,
21006841,2019,2889852,35034,bb300aed2508254a042b26e55661a639aa3757eb872e43da6bf58f087c38e0f3,
21006841,2020,2844509,34506,4ff5715725c67afdbf37cacb2f2de3d7d1390b0c491e4005859f2d1ce5b8b9f3,
21006841,2021,2895081,35036,763486b73333e887d122151769db6c2830f32d7c846e2e19cc78d5c361fcbb3e,
21006841,2022,2883998,35036,2185a712fbd879db82f44c487a5708354c7afdbda95568ea5504e6d0e38163e5,
21006841,2023,2889059,35037,855e579e9bf664912d5e55b18b28ef37412512f43b273e2988a05559c39e6df6,
21006841,2024,6,0,637b2c8da853bb1832c130f7e3bf70d07d3801190af1b8c77a8346faee3bfbb9,
21006841,2025,119402,1439,2ac3f905519ab6f14fa7f6c6bd1ec6a51fa0ae3070890f1cb0dacf3ffeab322a,
21006842,2010,6,0,637b2c8da853bb1832c130f7e3bf70d07d3801190af1b8c77a8346faee3bfbb9,
21006842,2011,6,0,637b2c8da853bb1832c130f7e3bf70d07d3801190af1b8c77a8346faee3bfbb9,
21006842,2012,6,0,637b2c8da853bb1832c130f7e3bf70d07d3801190af1b8c77a8346faee3bfbb9,
21006842,2013,6,0,637b2c8da853bb1832c130f7e3bf70d07d3801190af1b8c77a8346faee3bfbb9,
21006842,2014,6,0,637b2c8da853bb1832c130f7e3bf70d07d3801190af1b8c77a8346faee3bfbb9,
21006842,2015,6,0,637b2c8da853bb1832c130f7e3bf70d07d3801190af1b8c77a8346faee3bfbb9,
21006842,2016,6,0,637b2c8da853bb1832c130f7e3bf70d07d3801190af1b8c77a8346faee3bfbb9,
21006842,2017,6,0,637b2c8da853bb1832c130f7e3bf70d07d3801190af1b8c77a8346faee3bfbb9,
21006842,2018,6,0,637b2c8da853bb1832c130f7e3bf70d07d3801190af1b8c77a8346faee3bfbb9,
21006842,2019,6,0,637b2c8da853bb1832c130f7e3bf70d07d3801190af1b8c77a8346faee3bfbb9,
21006842,2020,6,0,637b2c8da853bb1832c130f7e3bf70d07d3801190af1b8c77a8346faee3bfbb9,
21006842,2021,6,0,637b2c8da853bb1832c130f7e3bf70d07d3801190af1b8c77a8346faee3bfbb9,
21006842,2022,6,0,637b2c8da853bb1832c130f7e3bf70d07d3801190af1b8c77a8346faee3bfbb9,
21006842,2023,389452,4648,4708afec0da6e1b79c8dd5b1dacec835b218b0c4c0d7e95b99d7c3db2b03ac6b,
21006842,2024,2803672,33496,9ccc3aff1bbf708e3a96d1778428668e28e852e3441902589cd7144dfd9a9536,
21006842,2025,2625103,31522,2546d0ab54cb50fba5a4782f3ce288450abb92a5f26b1470c7ffa8536a79886f,
21006843,2010,1651748,19707,ca4f221d0d14cbc87ca697defe094382e335a071eb0c4791ec3301c535ff569f,
21006843,2011,1932186,23054,3d94b421283e4843de2472c937e2c78a96bd3c1b33ae6a2e5fb8e9b14182e59a,
21006843,2012,1788750,21343,8480d57924c562a2cc96954d917006e246efb90f3504a1013b78fdf7c1765b33,
21006843,2013,2911508,34742,59e8bc68a60695fe32640403720929bb1cec53766aba7914e556bae55b29d595,
21006843,2014,2936624,35039,498ea00ca20882ab7fa77cf70418db59409b2c85c1111e58c76d0a57d0bd83b6,
21006843,2015,2936522,35039,c9ec9673cd81fe781acefb004225ec0a5106cec62fcfe38f0d5299b5307b4aca,
21006843,2016,2668790,31843,d6eb1997ce6bf4f1a65d5f978c5eee7d560611abbec23249b31b4d7398592bd4,
21006843,2017,2935646,35030,36a4084f0f5b903ad23c7d30385675256265922163de0b884fb7acad5a16b5ce,
21006843,2018,2934512,35014,00e6a3a22caa5694d0208575ad9132b3d8ae389e8ba915ad0da455262bb3ae24,
21006843,2019,2928514,34944,45ae77c731dff78858648a04050da0ddbbc765ea7d7a544a9a9fc2ccbc9c1c73,
21006843,2020,2894156,34534,19266651bb470a5ddfdc1dde3fcb139a2acfca7de1ac359daa3ddc92e4d432ed,
21006843,2021,2772086,33079,287eab594305016b6f703f5b5b5ddff6c333afd2defabc33252d009366b01845,
21006843,2022,2930196,34965,1e3216a0b0d9c99c124c6810c82e90db135b04b76997dc68ed6710bb201e9b12,
21006843,2023,2936210,35038,dd01df7f12d7252c2a1fe30be7dade34ea41fcbf3bbba0a7dcc941d5c1a37298,
21006843,2024,6,0,637b2c8da853bb1832c130f7e3bf70d07d3801190af1b8c77a8346faee3bfbb9,
21006843,2025,2066521,24657,49eaf3d7fb8845c741d44b70e24c2fd331e0ac5c162435066506f5689fe394af,
21006845,2010,1938613,22862,2f8c6fd32eb0b4adf6bdde0d20a046604bff6d60f4771e3ef8050775addde755,
21006845,2011,1844188,21746,8df79a629cb806dfc1a2a02072a1701500eb7f2592de2d9e55bdfe14460b0230,
21006845,2012,1941711,22911,b6b0f6d5db75f6ab870f7042b837d437e2a7ee6804091bf738a52ee74c3e701f,
21006845,2013,2965072,35039,155f379d6c416ef2938e3bc4d2922e983857a1f22701b2b513528b291c4f110b,
21006845,2014,2967561,35035,bf950b914c3aa491b5d8bf9fe501df24970e686db2686b5baf026db557bd0a69,
21006845,2015,2479689,29241,1f42f14e938adf256641ad9e6a4a1dbd9c4d2c30a6b5241375d8e3a7df7059c4,
21006845,2016,2586215,30494,1d870d05b4106777dd04715eaed8d85a9fe61490511c8b9ba6ba5c1b7691c847,
21006845,2017,2968350,35008,f151fb7f302ab0163a0268f4f0ec57c49262a589497e35b8db20b482bf8e44d8,
21006845,2018,2966196,35034,21ca5a8e279766a7f13a3b713a38593792416033a42797494a87f0ffecb307af,
21006845,2019,2964648,35031,1f7ea874154f8eaabc5e9e64475f7ea39feeea3133e74a6bb49fafa5b7459530,
21006845,2020,2972806,35084,ae233a9621af433534bdcabebf41269dd8a83c6e8bdf5d5b505b4532095fefbc,
21006845,2021,2968908,35035,e6b7f910f8e1838e9c484179f35bc5c8d368d784afa019e97a018793fd20a4bc,
21006845,2022,2961299,35037,064d7a87de5f1411d7991a859b0595bbb52f519c8d78fe86069ef8fc5be6853e,
21006845,2023,2926673,34559,60d7d3a9fc6659eb1c9900fc6a42393b4afdec15b32a1f6dcf39758181d4987d,
21006845,2024,1433220,16905,c613462e6f01efc52965aef34439bf1a19c594867318b4c2a32858ce4006438e,
21006845,2025,2947429,34883,b53a60b7bac3dd7eaec5426fee545a40889b342e09388226f8a9361678773901,
21006846,2010,2544797,30398,689e5397227feacb683dfd6d82cdaf0dc508ffd121211bfba2afd6b90c9ffa22,
21006846,2011,2936286,35041,7eb94da495ee7aaacdcc0be4536a1659954511412a604d2e53e91c6af8743ce2,
21006846,2012,2944284,35129,37ceea0212efbddce6d610dbdf6f2dc0822cb09fb0ab0478105338a856d6d62d,
21006846,2013,2929283,35039,1db3fcf69e286a570e088b3e56a6b073d79b3a2c7e8a01585b49f403f6f342a1,
21006846,2014,2935762,35036,3c237a027734232e3543a0bc04001ef86e1de85ef986a89256eb7c7fe1db6114,
21006846,2015,2864483,34163,459f396b0148eb6e97e7dcef55703014d5b9c487077d3840c206b9492034a450,
21006846,2016,2441103,29128,e5043976c45b76f8c8bc56b11165edb451f7c51a5d6e224a003d647f80cc86e3,
21006846,2017,2929140,34950,4db0c036143e0c4529350cef7da6cdbb3547c4c58cb5e77d7e83397df3898cc0,
21006846,2018,2930847,35029,4aac669a961e94cb172d4a768653e00e35f94287c05d996877659ac3c18fca15,
21006846,2019,2848801,34032,2ab506f33b785889d6b88ee1e111ef80f7206dcc9c1b17402929e98f30144eeb,
21006846,2020,2940167,35076,2dab6fd65fa0352a879a6af9b27fdbd7940384687f4a9b4c186e9e0bcc7b642b,
21006846,2021,2935112,35036,ef1b3f8e768f5fd8ee6932a4f111c64ff4e968ffdb0700f44f799ff5ce8ad155,
21006846,2022,2931422,35036,bbca1743df6c7be0653512a31c260ba72db9a31169d0ee5f6736552952bcca09,
21006846,2023,2935283,35031,bac656c5543a661fe4d61c23d012bc64499f636b5f9664c3782dfb327bcea9de,
21006846,2024,6,0,637b2c8da853bb1832c130f7e3bf70d07d3801190af1b8c77a8346faee3bfbb9,
21006846,2025,731174,8723,79597afbc19735f8fb875d228c6265627293593d867a33eb47ce154fccc30ee6,
21006847,2010,1113577,13281,a5e265d9991c3f558da1667008f67d5b3b4e5dbb4118192704f4a53b393086c6,
21006847,2011,931363,11099,31c2c7000b1e75637c883d192009c722d1f8f51285b7611ecb1234394ea66444,
21006847,2012,934893,11143,fd290566551cf8ba9ca4098feda14a24e38ad78c142d007335c2699857fd6dbc,
21006847,2013,2977859,35505,0a22fd8fa590ac53b6d551127e961b10cdc709d1ca44f63ea9539be2eaa7b207,
21006847,2014,2884214,34381,e030f7cbb5090ff1a516aa4349591c84e6a59e4d892d870bf76ccf5f35b5effe,
21006847,2015,2900538,34529,20cfed0e442b399be123f1367aa313d77a0229e03a58e09cc0cf5d06b8fd3e73,
21006847,2016,2937950,35014,eae15b1485d5cd7b240b093d16afb09eb59a554a4ecec4fd09c0cdb245da0828,
21006847,2017,2920909,34839,d44cc51a68a57d5f51b09d0fde735205827c936156f173140e50bc9af3a07122,
21006847,2018,2354899,28078,9cc9d629422ae34cd48a36285d300f0d0df66c9f2461330074697e34fbe82867,
21006847,2019,2936483,34999,1fc66ad0017705e2d2d65d6f2e7918388893c2c76c4033001750e7308a200b7c,
21006847,2020,2929343,34915,97e0b398f1edc4d99691643f879841636f259409218dca002e0185bfe34f859c,
21006847,2021,2897558,34560,2ec297e20226db09a1ad04891b8f3669251f8143fb7d8410d4a1ba22cdb3e985,
21006847,2022,2934947,35002,3b2109439feba603abe8f760b329eb33e3bd497a8b79a528f61e3e03dc892513,
21006847,2023,2932361,34903,8b16244855ca8a2f31e3b4cf8b70b00acd7f168b1710188a9a06048fc5a0f52f,
21006847,2024,6,0,637b2c8da853bb1832c130f7e3bf70d07d3801190af1b8c77a8346faee3bfbb9,
21006847,2025,3085691,36810,be76c1935934dda804a2286c6678acb0da69c080bc332a8150e3d5f1189f95ed,
21006851,2010,1202030,14373,0bf10383fdbde0c6a2b834aec86960f7ba6d84b8402f073a5c3c31ea78a95ac2,
21006851,2011,1276771,15249,0902e318f438da6743cad462d4784f0d2f990e1c42bb4006a01d9016b94326b8,
21006851,2012,1601878,19134,8aeea75d24d1feca031c81d03162450b5b9499c3db05c9efbee7cdd1f3b483be,
21006851,2013,2909483,34872,0ac8c10ac051d4f4c6da087662266b16c8c21343bfc2ad065935e84f706ee4be,
21006851,2014,2892607,34655,ae5e8c153e3462a0944cff231937014b50aeaace55061b16ecbea2c6b31b6b84,
21006851,2015,2931331,35040,011d03609b5b5287e19876cb693e7db2edb0140a8f38973999076ada5837ec55,
21006851,2016,2942222,35134,0993d137f71eeabbff0749a110a741d38eafeb8270d334e5aeaebcafa5a661e7,
21006851,2017,2927871,35007,d588dc608c6bdda5d66c467ebcd2129a04d2294504bcaf3936bc8be37b9f2b8d,
21006851,2018,2920192,35030,5dc1c3a22e34617032dc3ca4d8a7c5afd249dd02200105e431eab44775b91e89,
21006851,2019,2927389,35035,5f895ed1944d21a00940eb8959c175fdaf9f7c2530c1e74b0520aaf8f8569533,
21006851,2020,2928178,35075,9a105cd121730ec5d137f2777ee77232fa4d6caf09135d8678825cb7aac59fbd,
21006851,2021,2927818,35035,5e9ed068e1437ad6403ea3f0bbaca40f2cfb4103cb270d1a3b0ae7da0b13c628,
21006851,2022,3930931,47199,ddfa98935d9690f6e1f56d80783ce261a1b9b9277ff54dc2a07f6d52f9dd9631,
21006851,2023,4394206,52546,5077f09860d07b06788c55e46ed7e9086353e5bd9db5a91b7d291a729194a4ec,
21006851,2024,6,0,637b2c8da853bb1832c130f7e3bf70d07d3801190af1b8c77a8346faee3bfbb9,
21006851,2025,178844,2159,570985f2300587c854ed67e253d7ea20ab47d8b408b202fdaf823acc68d4f344,
21006852,2010,6,0,637b2c8da853bb1832c130f7e3bf70d07d3801190af1b8c77a8346faee3bfbb9,
21006852,2011,6,0,637b2c8da853bb1832c130f7e3bf70d07d3801190af1b8c77a8346faee3bfbb9,
21006852,2012,6,0,637b2c8da853bb1832c130f7e3bf70d07d3801190af1b8c77a8346faee3bfbb9,
21006852,2013,6,0,637b2c8da853bb1832c130f7e3bf70d07d3801190af1b8c77a8346faee3bfbb9,
21006852,2014,6,0,637b2c8da853bb1832c130f7e3bf70d07d3801190af1b8c77a8346faee3bfbb9,
21006852,2015,6,0,637b2c8da853bb1832c130f7e3bf70d07d3801190af1b8c77a8346faee3bfbb9,
21006852,2016,207225,2496,fd3b255dd0949af678870436540699d3775cec2f285ee94fde7c90b697713605,
21006852,2017,2847193,34348,c3f7561456310075bc8d9e41f669dcc46cb3eb18e1cf33d263f44a60b75a59cf,
21006852,2018,2902350,35028,673b9c969661498edb7d5d4a8bdcdbb114c32268030981f4392a00ab5fc6d93d,
21006852,2019,2901328,34978,a71a0e2c1abd4377b24519ab8f808925285b6277d866c5a6dcc2f66a0f61bccd,
21006852,2020,2906876,35063,09efa8fb697e554bc7a352f2ad0ff879a2cb7bf15818f67220da470c7ee76c49,
21006852,2021,2879519,34759,2929105927111bcd6fdcff3b595b14ce88dd8ab82c2e14555579e539d8deddff,
21006852,2022,2894639,34929,72a7e631aae276238ccf4de2279fcb005496c2fcd2f58de66211e79e2ddafaae,
21006852,2023,2907904,35036,27fc6bbe3e1a3ce948a50f8b913d2c37e8adfe594b18a3ff0464e52a4fc8bd88,
21006852,2024,6,0,637b2c8da853bb1832c130f7e3bf70d07d3801190af1b8c77a8346faee3bfbb9,
21006852,2025,727144,8778,b73d2890967837f38a730c406636ce8f13952a086bd30ec9893edb18f821efef,
21006853,2010,1893075,22322,ad8cf96967e89cc69789ec3ee324f9dce6e91f57a77411e2f78377cce934efcc,
21006853,2011,2765241,32606,0698c03080ad5cc51573d1d6bc2f3f877f9431215c9585987759b07597c1aca3,
21006853,2012,2691453,31741,0d54a978aefd2d5221e57d24fe7df0d89f8fa642312225ae5b9544f8b7be2572,
21006853,2013,2901184,34224,343634a2ba1fd2b57abab1b04612ccead14f5b8fbf456e02a7b869c4d1078580,
21006853,2014,2940757,34680,fc8f721181b23fe98aa26a056c109960a273bfd428ae9318623285b1816024a5,
21006853,2015,2971719,35038,2a50816b43147e679628f8041dd5509d38295c34a01ceec0a6c56e47dcdb2385,
21006853,2016,2979826,35135,6b2a173a49473862bb0c4a1bfa2aafe6e29fd634da35fb88b1a08923d52af364,
21006853,2017,2969119,35010,755f7b68e5fe01aa7a81ec6c159462ce42117e5229da3c1bbe705b6b65369007,
21006853,2018,2966185,34985,636b70b13dc8989f228b3ac934bed7bb61946946b75d9a53d50912b4c474a818,
21006853,2019,2968927,35031,30dc724c78df0f730098eb7528a3ef2134e3e34d69887d02a50e234c9f5b2ad6,
21006853,2020,2975050,35081,58ecf0acf1e99da1342c44309c9219b199e3a791ff81b2f242d9764042c59151,
21006853,2021,2971287,35036,6a13c6bfea5b3a1d15787dbc009a5ae35901adb5111ebc4846e612554d3f0e60,
21006853,2022,3798286,44797,1928d01bbb3bbe88ae1ae046974651697f1fffc42d793dd1df2c7b9fc074e43b,
21006853,2023,4452179,52557,9625db5d11268c0881b202f6107c2a4dbbd80fc91b23f070433baa7b412ccacb,
21006853,2024,6,0,637b2c8da853bb1832c130f7e3bf70d07d3801190af1b8c77a8346faee3bfbb9,
21006853,2025,3211394,37875,69562d25c3e3759109f3ddcaf320a283dd4bfe3ce39fccf79aea1451bddf32a2,
21006857,2010,1715783,20710,75580b495647d1034dd9af5558779632954ce0c36053b59f23319c26e8281ebf,
21006857,2011,717795,8660,d6e0d38b271f0ecbdae41bb0eae068d57ccec9d92ec7fd665cec8f69abf5fe9a,
21006857,2012,2818313,34030,a44993ffd749c0e476cd115d16f57edb67c4ce190a5d155516c26cbb83c682c2,
21006857,2013,2901845,35040,723c892a1806c99375dc3969b8def38cff3b1ab0d4db88939871f5fdd02e3a52,
21006857,2014,2697477,32562,6ae59f66facdd87f00c1c238d3a39127abd35d50b54ee9ba08f6afe23e45e4cd,
21006857,2015,2586516,31182,7172cdfb5ecc64624c299c61ee3cd38bf8e3da986c18398c41eb474a7851f309,
21006857,2016,2874515,34697,1da9d9b64177decfcc050a6a058ffc6da88021f2c9b07ed382169e363501f5e3,
21006857,2017,2902481,35022,2d72d068e0c71ca66502b221bd18ac47eaeffce19321767c32e69162eb7f5bfd,
21006857,2018,2903481,35013,f85bd5d3f874d719e72f797ca126af71b5cbf094bf8997eff6d11ebf857b2f86,
21006857,2019,2902797,35030,bbe0e147e0d942891da3ba122f5eaf44fa1383360b6f560a99932378e3f3df5c,
21006857,2020,2812893,33947,614eec7c244f3b16a6af47a719bcf10303e190141afac60c6fabdd70d08dfcfa,
21006857,2021,2458412,29678,c4f4b3adf732b33b7b0fcfbfb513c925e3edbac60a44d2cae3b973d5ec9c0ca3,
21006857,2022,2708513,32699,113027f69ba091c585f08a8d06652e7430a12f8ffe100d01f8eabd20aeaff98c,
21006857,2023,2899955,34997,a3b3b07a089666b54b1255dd3e801af5e0db5856ed98891cbaca6fe8abac0f35,
21006857,2024,6,0,637b2c8da853bb1832c130f7e3bf70d07d3801190af1b8c77a8346faee3bfbb9,
21006857,2025,1097139,13242,f15c0bfd9e5245e54e4fdba26fec8024c2b67416b5e837f102e962025f18c2f3,
21006858,2010,2143300,25569,5ccabc969e1b27e8d1b1a1e89ca87ab952847b3a06d41d5afad175d61d05bf4f,
21006858,2011,2000073,23864,059343b925364212ad28f84399d44179c547469037bf7988a4865c9ed3c21dea,
21006858,2012,2871469,34258,b2d4f34c1c9f34e71ffc6006f9cca0342fecae40be13cc60bd3ec4517569b34b,
21006858,2013,2927860,34930,6791faf3731da951a4f4ad800fac8ebe0bb92d084eb7cce33cc3d7b628f21709,
21006858,2014,2905248,34663,80ea04efba129c3ba7c5c4a2f60dca4a6a5dbc52a59f5c1f286e621bce340c21,
21006858,2015,2933867,35002,a5fc3d1f948a6a7731b74ffc81ca7d5feec10fe4e1dbe70e4b7e1725619337d7,
21006858,2016,2930313,34963,4fb34101e66d31ca74aeee4ea2d57ac14b27601cb65d63f5f733ee821137bf97,
21006858,2017,2934872,35018,2a821c0a627eb0ec309d9245b430953e223ddf46f4250b5137cfebcbcb553b8f,
21006858,2018,2936273,35029,ad5c99e99b3b824fb5f9932149cb5d1bb7200765989eeb6b5e095e16242540a0,
21006858,2019,2936525,35034,c3264c0e3ace99ca5b21120d92034bee9d6bcb2cae6add07b20964ec7c6a113e,
21006858,2020,2937305,35032,631a83a1dff391a5f00791a925209dee5556a6108bc2e4b4a3dba60ac2c1da2f,
21006858,2021,2913032,34759,433752796619172cef864cb339945d228375d9386d7fb6de4ae3fbefc77e330b,
21006858,2022,3225951,38491,f566d735124ef6240593e38c42f03ab174e0378f8b8f9edcff400dc80b7544e3,
21006858,2023,4407385,52560,8655855e50da44b2109b68893a5f7f9e72380115c2d9e26d38f0218f0f65fb46,
21006858,2024,6,0,637b2c8da853bb1832c130f7e3bf70d07d3801190af1b8c77a8346faee3bfbb9,
21006858,2025,731709,8733,cc829a40f77a498a3983ca81397689cd68a1b7223d539f7bf1fd85622b2cd99a,
21006860,2010,6,0,637b2c8da853bb1832c130f7e3bf70d07d3801190af1b8c77a8346faee3bfbb9,
21006860,2011,6,0,637b2c8da853bb1832c130f7e3bf70d07d3801190af1b8c77a8346faee3bfbb9,
21006860,2012,6,0,637b2c8da853bb1832c130f7e3bf70d07d3801190af1b8c77a8346faee3bfbb9,
21006860,2013,6,0,637b2c8da853bb1832c130f7e3bf70d07d3801190af1b8c77a8346faee3bfbb9,
21006860,2014,6,0,637b2c8da853bb1832c130f7e3bf70d07d3801190af1b8c77a8346faee3bfbb9,
21006860,2015,6,0,637b2c8da853bb1832c130f7e3bf70d07d3801190af1b8c77a8346faee3bfbb9,
21006860,2016,6,0,637b2c8da853bb1832c130f7e3bf70d07d3801190af1b8c77a8346faee3bfbb9,
21006860,2017,6,0,637b2c8da853bb1832c130f7e3bf70d07d3801190af1b8c77a8346faee3bfbb9,
21006860,2018,6,0,637b2c8da853bb1832c130f7e3bf70d07d3801190af1b8c77a8346faee3bfbb9,
21006860,2019,6,0,637b2c8da853bb1832c130f7e3bf70d07d3801190af1b8c77a8346faee3bfbb9,
21006860,2020,6,0,637b2c8da853bb1832c130f7e3bf70d07d3801190af1b8c77a8346faee3bfbb9,
21006860,2021,6,0,637b2c8da853bb1832c130f7e3bf70d07d3801190af1b8c77a8346faee3bfbb9,
21006860,2022,6,0,637b2c8da853bb1832c130f7e3bf70d07d3801190af1b8c77a8346faee3bfbb9,
21006860,2023,471683,5639,6568f74247d4a8adb047fb842952bbd87810f977d3a11626dec779d72aba63a7,
21006860,2024,2916338,35125,c19375e441ee34cbc12f7bdce054aa07d27816296cd45baf2ac2a9e1dcc122c4,
21006860,2025,2553646,31323,5ccabc04ddd0c4509b36b93010260d6ad0914e8a11fa018f429dd67022cb6047,
21006861,2010,6,0,637b2c8da853bb1832c130f7e3bf70d07d3801190af1b8c77a8346faee3bfbb9,
21006861,2011,6,0,637b2c8da853bb1832c130f7e3bf70d07d3801190af1b8c77a8346faee3bfbb9,
21006861,2012,6,0,637b2c8da853bb1832c130f7e3bf70d07d3801190af1b8c77a8346faee3bfbb9,
21006861,2013,6,0,637b2c8da853bb1832c130f7e3bf70d07d3801190af1b8c77a8346faee3bfbb9,
21006861,2014,6,0,637b2c8da853bb1832c130f7e3bf70d07d3801190af1b8c77a8346faee3bfbb9,
21006861,2015,6,0,637b2c8da853bb1832c130f7e3bf70d07d3801190af1b8c77a8346faee3bfbb9,
21006861,2016,244,0,9f03e5756787c156f20fe4f4bfa8de1134d67fa3dd8635bb037d29e9fc8ceb00,
21006861,2017,2936348,35036,44c3d6d977e4649dc983369da065084a448ea463a94f4c6bd0b68fc280a29989,
21006861,2018,2935620,35029,9a72ca437c7d22a03063bebcfde52b592c35819f1acbe9d8eb561ba285a08dfc,
21006861,2019,2934402,35013,10233391c775f9eaf011222337d3f7899ae4be363cd9b8ae25bcc95295ce2b70,
21006861,2020,2939830,35077,5dacb22261ac2e41534e70c2efe0aba549a166c1a12d8b30e0169a9ce664a9e4,
21006861,2021,2935666,35028,4e28be7eeaff4362b3bf783954d0287c341d4b9e58dfba536cce8f234855c466,
21006861,2022,3672512,43821,b0531052834f2b21aaa6ed0a203da8f8e3954b7542a83b33c1337707dbe0af2f,
21006861,2023,4402496,52534,1c86fab40bbcc55dcea2a60820a3fa8b4546134804c7ffb9538f9d5aa4f61108,
21006861,2024,6,0,637b2c8da853bb1832c130f7e3bf70d07d3801190af1b8c77a8346faee3bfbb9,
21006861,2025,6,0,637b2c8da853bb1832c130f7e3bf70d07d3801190af1b8c77a8346faee3bfbb9,
21006862,2010,6,0,637b2c8da853bb1832c130f7e3bf70d07d3801190af1b8c77a8346faee3bfbb9,
21006862,2011,6,0,637b2c8da853bb1832c130f7e3bf70d07d3801190af1b8c77a8346faee3bfbb9,
21006862,2012,6,0,637b2c8da853bb1832c130f7e3bf70d07d3801190af1b8c77a8346faee3bfbb9,
21006862,2013,6,0,637b2c8da853bb1832c130f7e3bf70d07d3801190af1b8c77a8346faee3bfbb9,
21006862,2014,6,0,637b2c8da853bb1832c130f7e3bf70d07d3801190af1b8c77a8346faee3bfbb9,
21006862,2015,6,0,637b2c8da853bb1832c130f7e3bf70d07d3801190af1b8c77a8346faee3bfbb9,
21006862,2016,6,0,637b2c8da853bb1832c130f7e3bf70d07d3801190af1b8c77a8346faee3bfbb9,
21006862,2017,6,0,637b2c8da853bb1832c130f7e3bf70d07d3801190af1b8c77a8346faee3bfbb9,
21006862,2018,6,0,637b2c8da853bb1832c130f7e3bf70d07d3801190af1b8c77a8346faee3bfbb9,
21006862,2019,6,0,637b2c8da853bb1832c130f7e3bf70d07d3801190af1b8c77a8346faee3bfbb9,
21006862,2020,6,0,637b2c8da853bb1832c130f7e3bf70d07d3801190af1b8c77a8346faee3bfbb9,
21006862,2021,6,0,637b2c8da853bb1832c130f7e3bf70d07d3801190af1b8c77a8346faee3bfbb9,
21006862,2022,6,0,637b2c8da853bb1832c130f7e3bf70d07d3801190af1b8c77a8346faee3bfbb9,
21006862,2023,478059,5638,3470e1b49beeb57de43ca8693d6bce8de5db610aadd9688990f58246d87cf653,
21006862,2024,2848025,33665,38291ab4c3921dba21dc9c3a73cd802936ef00d49a9b24a4eccfccaae7438282,
21006862,2025,2812770,33440,fd28252bba9687c4d4839dad9845a0ab58bb5b6e6a223734f9638b573bfb129b,
21006868,2010,6,0,637b2c8da853bb1832c130f7e3bf70d07d3801190af1b8c77a8346faee3bfbb9,
21006868,2011,100355,1219,36291d2acab809ebfda7433db62729d4bd9506a63da212a920074a5350a488ca,
21006868,2012,456961,5558,0818b96249dd8930da507913c8aa56f53814dfb23e2962b0ed7741ef031b9e80,
21006868,2013,2620580,32098,3fb5192ac8b8469ae77f3050e61700b7337aa7aee846192b439fbc908c85826b,
21006868,2014,2823508,34517,54e2610fd765e4b39eb25bc164f4e81cf1cc89c02d5b46c7b296601c6c718752,
21006868,2015,2858484,34846,1851d5309a2bf2985ff7fbe3d592b42c24b14cf5d4681b34a2db0bac85149df9,
21006868,2016,2137491,26077,a9ab8b46954d993ddfc78d4f9684c581152a68b4dc896a74c85c98d3185d6b4f,
21006868,2017,2841645,34706,75f8c48f25d794c65e5afe265ab1aa215c4413b1cc44934eb70ff0c69dc2d0a3,
21006868,2018,2861052,35016,ba6a634eb347280013558e7e9042351e705417250c30fa8cb98110cecf19cc21,
21006868,2019,3280620,40031,4f71d41b70a8d176bb7c02d1451e1705920e4b342648840cad5e128e8aa746d7,
21006868,2020,8627003,105345,af9c5cf72bdd558428180a2f6e514f7abacfb792b9da76d776c5ae9324cf80de,
21006868,2021,8594663,104999,95ce8a5dcbbc055cb8309cb97545a2c099abe9868089f00045e5c02c53ed409f,
21006868,2022,4635677,56608,cdca3a1a396013c92914773e8e8fbcfcd06734819bda3059c88c33fd5af97376,
21006868,2023,2738889,33435,2733bf5185df6a6281b06cb9bd51ec35dbd6f225b1db12ec7e3cdeb4ef5ec857,
21006868,2024,6,0,637b2c8da853bb1832c130f7e3bf70d07d3801190af1b8c77a8346faee3bfbb9,
21006868,2025,6,0,637b2c8da853bb1832c130f7e3bf70d07d3801190af1b8c77a8346faee3bfbb9,
21006869,2010,1257902,15351,a52c8d50445a6881681160902e6de47ec4bf3e2462c7026ceb3bfe8ab8716d18,
21006869,2011,1882881,22989,11b6415ee8b15fddce7e25597956a2253b5249842d5e9bbcae5f39c560904702,
21006869,2012,2879795,35134,b0e6693ec71e608c85a0452598887b966d4481fe188cdaaa7f6bf9b6f24960a2,
21006869,2013,2825980,34578,3252477131cebca7c4ce2185d76de557afdc174c2d7779701547c4bee0ce300d,
21006869,2014,2862072,35039,3f85569a70caa88ca2b5184a56201f908a93cc0677154e269a9afc9e7b559e28,
21006869,2015,2875440,35039,5ee8989e66ac67603832ddb2c4f375fb0c20aac0208cf9da36537832f746d113,
21006869,2016,2788897,33976,4b4e9ab7a46103927c7c81464d309a74fe3677e26ed118b1f151bfb4eaf4458e,
21006869,2017,2873084,35038,ccc7e86caad4ec201078d82b031c50b969e3342f8f8c4c50b94cdd6da40622eb,
21006869,2018,2865368,35035,b4b1f59e24bec24d1db98f4fa106c50f65d4dc0947370d992400e6645a09aaf3,
21006869,2019,2872432,35029,a6487a8cb3ef49a24b8c736c5d654131668e0749ad29b444cef21759c7570728,
21006869,2020,2875357,35081,3e47727301182ca8ba96e291b4a61974c52e0b20595674bd4f0850d68f7a1a00,
21006869,2021,2817630,34435,ebf08c8aad3ad5bd9ab55fd480011820322c8beb7bbba4c51fcc088023a93706,
21006869,2022,2852315,34886,0e64ffdc85f9b0f52785847b2ce2860a5670e650c4a51fc21a746d000093dfc9,
21006869,2023,2872693,35039,52c4f3525e35d4e3ea15d5a14023f45a170f2705febb81526ff330d17494c112,
21006869,2024,6,0,637b2c8da853bb1832c130f7e3bf70d07d3801190af1b8c77a8346faee3bfbb9,
21006869,2025,3063468,37470,c08cdfe58659ebe80254efeee1fd5e19d3b454e645472104fcdb9621cabed2bb,
21006876,2010,2896212,35040,64f650fb0e23906dce23ce5d271c8feedd49c9ade0fbb6109dc8ff9cea130cb5,
21006876,2011,2895262,35003,c9418ba6c0470449004e54d2a73d92c8d8925837baea0b4ff8870822b81541e0,
21006876,2012,2893984,35064,dd7716009c8bdef5b91cf0e3a7f198525bc0a8c30152e812127174019cda27d1,
21006876,2013,2880344,35037,602ae97e34379eaa0dc75d8596beb9bd0a9543a4078fa6e12a582aacce5762bb,
21006876,2014,2884635,34982,67aedf255c3b0a6809b448764db357a705f6b7b9703dc46d00198bdb4536ab8e,
21006876,2015,2740100,33119,604f24d8267a03185fd98d89ca71523e4e4873ee34b700357d5741d714b17e23,
21006876,2016,2563936,31118,9c9abe70565c7b5c5fab8bd501c1b537e4b1c46c342ee33bd5b55ac73592d566,
21006876,2017,2891384,35030,514aa73a6ba6de46d0672018df913808586b03d2054ca1ea4874b32f9e15cf99,
21006876,2018,2881111,35033,62052a61940ad6efdd722eae6d920aed45d3fbff7b1302bd55ee96d42bae3822,
21006876,2019,2888166,35035,49f352990cbdbc3fbfaee667b58f2838a342b0ef072481a6a6e3670b1f5be757,
21006876,2020,2890338,35078,37c7d942c50d39b1c009ff27aa4444ef1cfea404fd02ffc28d5499aea85e4f0b,
21006876,2021,2889185,35036,2efe899092583cc50f392d4126351ff073cc59903c71c4af3985cab66eb95a94,
21006876,2022,3971157,48355,8a25ce462d828be1e4b0eb26504e8d38517ba8b4420e33f4e9740896cf5d7bdf,
21006876,2023,4105764,49751,8d5c00e92685087947befb876c41ac1958644a27b5093b88b97de601e718181b,
21006876,2024,6,0,637b2c8da853bb1832c130f7e3bf70d07d3801190af1b8c77a8346faee3bfbb9,
21006876,2025,727296,8782,b6836458e6d11873b8c928109a4b0a7bebd51da0a6afb860e3d027df16c7001b,
21006878,2010,6,0,637b2c8da853bb1832c130f7e3bf70d07d3801190af1b8c77a8346faee3bfbb9,
21006878,2011,6,0,637b2c8da853bb1832c130f7e3bf70d07d3801190af1b8c77a8346faee3bfbb9,
21006878,2012,6,0,637b2c8da853bb1832c130f7e3bf70d07d3801190af1b8c77a8346faee3bfbb9,
21006878,2013,6,0,637b2c8da853bb1832c130f7e3bf70d07d3801190af1b8c77a8346faee3bfbb9,
21006878,2014,6,0,637b2c8da853bb1832c130f7e3bf70d07d3801190af1b8c77a8346faee3bfbb9,
21006878,2015,6,0,637b2c8da853bb1832c130f7e3bf70d07d3801190af1b8c77a8346faee3bfbb9,
21006878,2016,140142,1679,66e851fa560f7b1f9583882f706706aace75389c4d26f65a7dd8280079a61d0a,
21006878,2017,2915299,35034,67d96de1ea7091d8a76ef918e371aa888896015c8146aa511121fa08c9ee05f9,
21006878,2018,2910762,35026,93fee2192a6c1b22302993aa43aeb8a541527c979b7b4ced0f916993f9a0fa0f,
21006878,2019,2913809,35032,2c75d98707acd3e856b1a85e4368cfacf1a70ab5940b7466b22610b86d816cd2,
21006878,2020,2913012,35079,c13fe9baa5f3e26c02568bf7d0b7e66dcb32af6955534282b22a0e74fe70eac3,
21006878,2021,2890160,34811,e49a6acb6f07c9ab4742bb7835c468bf271a2ec4539fead17a4c95955d2f16dc,
21006878,2022,3688078,44468,108aa36456b0027b2913da8e31af09b8b325c5a5456191b8b58c44f4a4680326,
21006878,2023,4376734,52559,134c6e476163b24c0bdc8dc0c34ae9a846067d52e21cb1a4de056ff980b624c3,
21006878,2024,6,0,637b2c8da853bb1832c130f7e3bf70d07d3801190af1b8c77a8346faee3bfbb9,
21006878,2025,686080,8270,52959ecd118ba8363e77e389a2e956e4f8b4f01783cfe1d2994e0fd72e4e5f47,
21006881,2010,6,0,637b2c8da853bb1832c130f7e3bf70d07d3801190af1b8c77a8346faee3bfbb9,
21006881,2011,6,0,637b2c8da853bb1832c130f7e3bf70d07d3801190af1b8c77a8346faee3bfbb9,
21006881,2012,6,0,637b2c8da853bb1832c130f7e3bf70d07d3801190af1b8c77a8346faee3bfbb9,
21006881,2013,6,0,637b2c8da853bb1832c130f7e3bf70d07d3801190af1b8c77a8346faee3bfbb9,
21006881,2014,6,0,637b2c8da853bb1832c130f7e3bf70d07d3801190af1b8c77a8346faee3bfbb9,
21006881,2015,6,0,637b2c8da853bb1832c130f7e3bf70d07d3801190af1b8c77a8346faee3bfbb9,
21006881,2016,244,0,fb0010bf68f6234ad1cd79a1201c9ca8620ef59d3e5317a5bdc5ab6cf1f68292,
21006881,2017,731260,8723,1fa600328b01a830c16da0f152a1a470b2743f2126b04dd7464189bf1d791845,
21006881,2018,2743724,32739,3868102d5c486e56faee00887dbc7a8e963413a3f905224c8b38ae47421b6916,
21006881,2019,2913157,34755,32ba4f6e8d136eda5a5de0cc99e3e13a61cf3c68e8c957a5cc5dd2bc71173788,
21006881,2020,2939336,35055,3f80351b77ae8f08bd5ab2173b1ca6d8f93e3ce9dd4a5f2afbe6efe0038bb093,
21006881,2021,2928064,34938,f95a6fa075e206a9ae922de2e2a92a6c9799a1312d4f708d8e107c476f5d40bd,
21006881,2022,2936470,35040,8bbd1bd25d25c52fdab2f13f8ef856695c7817461e2087d21477fd6d17c38afc,
21006881,2023,2935930,35031,5601516c32b412453ec7c0018a3484f03a7d5441eb59ebf292a55d6c4e3b533e,
21006881,2024,6,0,637b2c8da853bb1832c130f7e3bf70d07d3801190af1b8c77a8346faee3bfbb9,
21006881,2025,6,0,637b2c8da853bb1832c130f7e3bf70d07d3801190af1b8c77a8346faee3bfbb9,
21006887,2010,6,0,637b2c8da853bb1832c130f7e3bf70d07d3801190af1b8c77a8346faee3bfbb9,
21006887,2011,6,0,637b2c8da853bb1832c130f7e3bf70d07d3801190af1b8c77a8346faee3bfbb9,
21006887,2012,6,0,637b2c8da853bb1832c130f7e3bf70d07d3801190af1b8c77a8346faee3bfbb9,
21006887,2013,6,0,637b2c8da853bb1832c130f7e3bf70d07d3801190af1b8c77a8346faee3bfbb9,
21006887,2014,6,0,637b2c8da853bb1832c130f7e3bf70d07d3801190af1b8c77a8346faee3bfbb9,
21006887,2015,6,0,637b2c8da853bb1832c130f7e3bf70d07d3801190af1b8c77a8346faee3bfbb9,
21006887,2016,6,0,637b2c8da853bb1832c130f7e3bf70d07d3801190af1b8c77a8346faee3bfbb9,
21006887,2017,6,0,637b2c8da853bb1832c130f7e3bf70d07d3801190af1b8c77a8346faee3bfbb9,
21006887,2018,6,0,637b2c8da853bb1832c130f7e3bf70d07d3801190af1b8c77a8346faee3bfbb9,
21006887,2019,6,0,637b2c8da853bb1832c130f7e3bf70d07d3801190af1b8c77a8346faee3bfbb9,
21006887,2020,6,0,637b2c8da853bb1832c130f7e3bf70d07d3801190af1b8c77a8346faee3bfbb9,
21006887,2021,6,0,637b2c8da853bb1832c130f7e3bf70d07d3801190af1b8c77a8346faee3bfbb9,
21006887,2022,6,0,637b2c8da853bb1832c130f7e3bf70d07d3801190af1b8c77a8346faee3bfbb9,
21006887,2023,477320,5627,5565d9401f1f91ed14688b12395d38190d2da9fd7f8a0d4528755119f3d5b8de,
21006887,2024,2977844,35132,d4b391d13eb6c8995d20bc7e644d574cbc96940f91f83c9f82a90d758859b633,
21006887,2025,2953640,35039,a8996f0d1c243847df0509407c561f5cc7a73490e68c4b032773f00329cd85b5,
21006889,2010,6,0,637b2c8da853bb1832c130f7e3bf70d07d3801190af1b8c77a8346faee3bfbb9,
21006889,2011,6,0,637b2c8da853bb1832c130f7e3bf70d07d3801190af1b8c77a8346faee3bfbb9,
21006889,2012,6,0,637b2c8da853bb1832c130f7e3bf70d07d3801190af1b8c77a8346faee3bfbb9,
21006889,2013,6,0,637b2c8da853bb1832c130f7e3bf70d07d3801190af1b8c77a8346faee3bfbb9,
21006889,2014,6,0,637b2c8da853bb1832c130f7e3bf70d07d3801190af1b8c77a8346faee3bfbb9,
21006889,2015,6,0,637b2c8da853bb1832c130f7e3bf70d07d3801190af1b8c77a8346faee3bfbb9,
21006889,2016,6,0,637b2c8da853bb1832c130f7e3bf70d07d3801190af1b8c77a8346faee3bfbb9,
21006889,2017,6,0,637b2c8da853bb1832c130f7e3bf70d07d3801190af1b8c77a8346faee3bfbb9,
21006889,2018,6,0,637b2c8da853bb1832c130f7e3bf70d07d3801190af1b8c77a8346faee3bfbb9,
21006889,2019,6,0,637b2c8da853bb1832c130f7e3bf70d07d3801190af1b8c77a8346faee3bfbb9,
21006889,2020,6,0,637b2c8da853bb1832c130f7e3bf70d07d3801190af1b8c77a8346faee3bfbb9,
21006889,2021,6,0,637b2c8da853bb1832c130f7e3bf70d07d3801190af1b8c77a8346faee3bfbb9,
21006889,2022,6,0,637b2c8da853bb1832c130f7e3bf70d07d3801190af1b8c77a8346faee3bfbb9,
21006889,2023,1423841,16786,1960e429104d9ba26f5818acb646cd4d147fe86981fd0d30474db3b777e210b4,
21006889,2024,8731406,102993,a99a3c10aefaa4e0c054730c7fa5d3f9f39d18f283a4d419ce553dc4a80a6470,
21006889,2025,8701375,102604,cfb779f0f46013202fe27a73e4f23e47125f94b14af8ba87e2f8a852760e6da0,
22001654,2010,2806980,33176,d303b579d67703b48cf6c270b305aecf1f1aa0ac8ffe69eba19a2fb008ed7a0e,
22001654,2011,2967119,35038,85f1fc3297c23a1671256eea9bce801edb19e11fbf620bc8c7c24cb344c43cbf,
22001654,2012,2865648,33790,b7e7d8d1b1d70b934c51b6c206c90b90c18214d2076b88d5ae8cacccb129c4e0,
22001654,2013,2850955,33722,8b256db006d14cc28f70d81a55c1e1e5ba1dc40b05b37501edd4bd7998c76b0d,
22001654,2014,2968315,35038,9190c605f0935d02e2f7c5edac2f1b25b44d9f4fba303a29b2360877f0c7b65a,
22001654,2015,2892749,34116,1b1b4cb065cf6957a01caaee9aa4e05af1c9aacd9249050e284d0421c936caaa,
22001654,2016,2962920,34937,5fa5f55a99cf274a08b2f5a33c96ecec5a490c2a30d8d43867f9f2da32743279,
22001654,2017,2969244,35035,bf6fcef307906b3ea836554f71431326f38474cc9f61503c6d54cf688379348a,
22001654,2018,2963876,35025,2a4226d9bfdfa51c36c759a3a0f1b246b2beecc962f233318627ca84ea0e7db5,
22001654,2019,2966056,35033,7c2b5e70c90ae756e50c7028b5caf33e302e6362f3c51d52ecb4a47cec51de51,
22001654,2020,2977902,35124,c2120ca681e0b01b1726df7ae64deed4764419af5071fcc502d83a0384b1d35d,
22001654,2021,2968330,35032,698113169b9c1576163b9f205af5ac88bed6d4aa0372c2943dca4afc2429e1a7,
22001654,2022,3857179,45591,816c82baaf7242e4b1d536b27b26960ae18feddf28b310f55856e1035cda1747,
22001654,2023,4451735,52553,6295daf6e41cf6cbe6a8097755c34b8c00d70dc7e0c48cb7f38a9019b767f441,
22001654,2024,6,0,637b2c8da853bb1832c130f7e3bf70d07d3801190af1b8c77a8346faee3bfbb9,
22001654,2025,3223150,38134,f02e3b287c751f0066f4119f93d6f048f11f65cd779c4be80f6dd1216b603669,
22001656,2010,2795301,33302,d24a8a6a5ef523c43237d06c89ad030509eb3d600fb24233bd32b612c644a81e,
22001656,2011,2941015,35036,e1f3272622e9d923a35421dcff793139d113162dfa0ffe7873968ccb891a4bf6,
22001656,2012,2956845,35135,07b25bafc1ffb92fca5253e68278c57f801d3b34aa6793dfb2e0b24c20de2658,
22001656,2013,2945902,35036,a8f44ec327a75b1660e82438f562f2009c83d3d90ad62d946e279061744c5cc1,
22001656,2014,2946258,35031,2b1299e74788fa027ac93450c64623addc5fb938f5069d5e3757da81e005f84a,
22001656,2015,2950522,35036,6a6b13605c4bdee1a19bdf552b3fb7fdc6c161d0b0cbcb7b0171ff2fe9ad4efa,
22001656,2016,2070817,24565,a9acbe68cedeb19f844c1b2f42d24177932ffef354dc6f8104be9b109ed498e9,
22001656,2017,2947009,35018,5bfe9ab0a4fdfa86f34ea47079d0c118a28f65b1ca77336b90618a6e3991c3cd,
22001656,2018,2243114,26690,469a9d2692af9d650b1fd4c148693ef5f13d1a72b4b3fae5cdfa81d6970b5eb6,
22001656,2019,2947651,35030,dae3e6b84e0c91ef2302acb2379142313912efe18769de034993329fddd882d1,
22001656,2020,2951871,35076,44d439150f579a8cdca357321313e9866d51860970aab445e8a2f1f3e308b0b4,
22001656,2021,2945514,35030,42969b790e269b59cf22109a455d882c49aa8d1d6802cb7237c164579bcb0307,
22001656,2022,3247461,38649,f4fc32f790bf9aff2af48ad2ceb6674824702dcc8258d0758115d8d6d4180c57,
22001656,2023,4428480,52553,f2c20394bfeec7199ce2becbd0c98f89a81cd4771d9e4019945b4e59dd3833d8,
22001656,2024,6,0,637b2c8da853bb1832c130f7e3bf70d07d3801190af1b8c77a8346faee3bfbb9,
22001656,2025,3190136,38037,6fbe74746829829ce9d7adb2d48f2aeb49e14f38e04d8dbfe922b3947c3cb16d,
22001667,2010,6,0,637b2c8da853bb1832c130f7e3bf70d07d3801190af1b8c77a8346faee3bfbb9,
22001667,2011,6,0,637b2c8da853bb1832c130f7e3bf70d07d3801190af1b8c77a8346faee3bfbb9,
22001667,2012,6,0,637b2c8da853bb1832c130f7e3bf70d07d3801190af1b8c77a8346faee3bfbb9,
22001667,2013,6,0,637b2c8da853bb1832c130f7e3bf70d07d3801190af1b8c77a8346faee3bfbb9,
22001667,2014,6,0,637b2c8da853bb1832c130f7e3bf70d07d3801190af1b8c77a8346faee3bfbb9,
22001667,2015,6,0,637b2c8da853bb1832c130f7e3bf70d07d3801190af1b8c77a8346faee3bfbb9,
22001667,2016,6,0,637b2c8da853bb1832c130f7e3bf70d07d3801190af1b8c77a8346faee3bfbb9,
22001667,2017,2326392,27586,fd25869fad9eed4e7f97b926f52266df9e230788c58d515fb7d004677affba68,
22001667,2018,2946893,35031,b0b36e2288a7ef0e32fb6e007ade97a6ff61987134b2cf083e2a01b28f8e1406,
22001667,2019,2951735,35035,00ab7ed477a467b16fc2fe6f840671a4e524eb267af4641d859f4616aa0f1f82,
22001667,2020,2957768,35078,d23b0b6256ca534ae03b29f73a2f3c8d578447f037d5301093c2f5e3cb0a9419,
22001667,2021,2953634,35029,5586f968ec3a9858805f53ac83f7d982496a93d10cf022134f8dfe13d34cc602,
22001667,2022,3832062,45594,31c1ba20eee364a796b2ea3cee469b1f7efa6c1f795014ecadc8d3108103ae83,
22001667,2023,4436247,52558,eebc0e1d4bb83751e1347df127a187dc67c6923cf0b3f5f07d1fb92a80751fba,
22001667,2024,6,0,637b2c8da853bb1832c130f7e3bf70d07d3801190af1b8c77a8346faee3bfbb9,
22001667,2025,3193750,38038,67ea33cd7f3e11a50123e2a4e01f9d80810ec222d0cde71f84c334dff3ae3fbe,
23000179,2010,6,0,637b2c8da853bb1832c130f7e3bf70d07d3801190af1b8c77a8346faee3bfbb9,
23000179,2011,6,0,637b2c8da853bb1832c130f7e3bf70d07d3801190af1b8c77a8346faee3bfbb9,
23000179,2012,6,0,637b2c8da853bb1832c130f7e3bf70d07d3801190af1b8c77a8346faee3bfbb9,
23000179,2013,6,0,637b2c8da853bb1832c130f7e3bf70d07d3801190af1b8c77a8346faee3bfbb9,
23000179,2014,6,0,637b2c8da853bb1832c130f7e3bf70d07d3801190af1b8c77a8346faee3bfbb9,
23000179,2015,6,0,637b2c8da853bb1832c130f7e3bf70d07d3801190af1b8c77a8346faee3bfbb9,
23000179,2016,6,0,637b2c8da853bb1832c130f7e3bf70d07d3801190af1b8c77a8346faee3bfbb9,
23000179,2017,6,0,637b2c8da853bb1832c130f7e3bf70d07d3801190af1b8c77a8346faee3bfbb9,
23000179,2018,6,0,637b2c8da853bb1832c130f7e3bf70d07d3801190af1b8c77a8346faee3bfbb9,
23000179,2019,6,0,637b2c8da853bb1832c130f7e3bf70d07d3801190af1b8c77a8346faee3bfbb9,
23000179,2020,6,0,637b2c8da853bb1832c130f7e3bf70d07d3801190af1b8c77a8346faee3bfbb9,
23000179,2021,6,0,637b2c8da853bb1832c130f7e3bf70d07d3801190af1b8c77a8346faee3bfbb9,
23000179,2022,6,0,637b2c8da853bb1832c130f7e3bf70d07d3801190af1b8c77a8346faee3bfbb9,
23000179,2023,6,0,637b2c8da853bb1832c130f7e3bf70d07d3801190af1b8c77a8346faee3bfbb9,
23000179,2024,1628553,19662,5c794a1159ff33ce22c27f03f8e0bcc95a6251b45e50e7ea941147b831cc96dc,
23000179,2025,2900263,35039,77325867816c71f19e8cee7ab8ad6e2bcbe0b3438e1c767f5950732d4f24e2ee,
23000182,2010,6,0,637b2c8da853bb1832c130f7e3bf70d07d3801190af1b8c77a8346faee3bfbb9,
23000182,2011,6,0,637b2c8da853bb1832c130f7e3bf70d07d3801190af1b8c77a8346faee3bfbb9,
23000182,2012,6,0,637b2c8da853bb1832c130f7e3bf70d07d3801190af1b8c77a8346faee3bfbb9,
23000182,2013,6,0,637b2c8da853bb1832c130f7e3bf70d07d3801190af1b8c77a8346faee3bfbb9,
23000182,2014,6,0,637b2c8da853bb1832c130f7e3bf70d07d3801190af1b8c77a8346faee3bfbb9,
23000182,2015,6,0,637b2c8da853bb1832c130f7e3bf70d07d3801190af1b8c77a8346faee3bfbb9,
23000182,2016,6,0,637b2c8da853bb1832c130f7e3bf70d07d3801190af1b8c77a8346faee3bfbb9,
23000182,2017,6,0,637b2c8da853bb1832c130f7e3bf70d07d3801190af1b8c77a8346faee3bfbb9,
23000182,2018,6,0,637b2c8da853bb1832c130f7e3bf70d07d3801190af1b8c77a8346faee3bfbb9,
23000182,2019,6,0,637b2c8da853bb1832c130f7e3bf70d07d3801190af1b8c77a8346faee3bfbb9,
23000182,2020,6,0,637b2c8da853bb1832c130f7e3bf70d07d3801190af1b8c77a8346faee3bfbb9,
23000182,2021,6,0,637b2c8da853bb1832c130f7e3bf70d07d3801190af1b8c77a8346faee3bfbb9,
23000182,2022,6,0,637b2c8da853bb1832c130f7e3bf70d07d3801190af1b8c77a8346faee3bfbb9,
23000182,2023,451542,5598,6311a42dd550353950840b108e001290bcc7c835d65a3b607c34f44d8b11cb72,
23000182,2024,2496806,30409,d4a436a88fb1e5aeb06672fc373d1ee292e276cae60043dd2d4b15a4a1544b3b,
23000182,2025,2791170,33938,340c3fca032e0d2ad4ca728fd1436835b3e51fd9fa7bac464d12c21aa7bdedd0,
25003908,2010,6,0,637b2c8da853bb1832c130f7e3bf70d07d3801190af1b8c77a8346faee3bfbb9,
25003908,2011,1203270,14356,d7e4d0f7e2feead27f67cd2024cccf1c773f7b69c6327211e4390ae7188e8b94,
25003908,2012,2944452,35134,f95cebf36e83811f0a0113a289f95c0368420f4e1479cda50d11a88beb45c4cb,
25003908,2013,2935818,35038,82b12668b21b51c9d436aac07cf1ba3c398ee044c9113017baf55922f5310a64,
25003908,2014,2936376,35038,a70fb0a0ced8621c30450f6e0ff59935571ee6c12abab91adf5a834e6d228fe7,
25003908,2015,2933122,34997,dc8d638ec88172f7b9d8a89b41719dae6e2df23d13cc829de98247bfe65b4a4e,
25003908,2016,2822698,33683,ae88b3322aec1706773063421168682ce54604b7977aa344353fbb46c69a54af,
25003908,2017,1359424,16221,86880078a484442389a1e3d8a9a823d3b1263ef5900a58c74c9529952a460edd,
25003908,2018,2533814,30233,653048e151af95b02dfffda147c795598edf33828c1e0dc7e927ea360c658f17,
25003908,2019,2935704,35031,897ff2eb0126337e875e16d24b7fe911fe709b28194c82425bd6b79f9376b54a,
25003908,2020,2939756,35079,07c588745912dc7d58fba334c3a1caa730b9e464fe7e23a9d840124d2d1277bb,
25003908,2021,2935728,35031,c4b954ca95409a26ade2f2e33e7a1aecf2a0825899b5a9a70f005072a9ec7d69,
25003908,2022,3239850,38658,5706a189744999c6fb5389326f7b88d5e638b0a093c5ca450386522daeceb0b1,
25003908,2023,4402727,52549,ab9e2598c0959c8d294779fab923253bb804f607ee7bb3eb9f18d751909e288b,
25003908,2024,6,0,637b2c8da853bb1832c130f7e3bf70d07d3801190af1b8c77a8346faee3bfbb9,
25003908,2025,6,0,637b2c8da853bb1832c130f7e3bf70d07d3801190af1b8c77a8346faee3bfbb9,
25003909,2010,6,0,637b2c8da853bb1832c130f7e3bf70d07d3801190af1b8c77a8346faee3bfbb9,
25003909,2011,6,0,637b2c8da853bb1832c130f7e3bf70d07d3801190af1b8c77a8346faee3bfbb9,
25003909,2012,6,0,637b2c8da853bb1832c130f7e3bf70d07d3801190af1b8c77a8346faee3bfbb9,
25003909,2013,6,0,637b2c8da853bb1832c130f7e3bf70d07d3801190af1b8c77a8346faee3bfbb9,
25003909,2014,6,0,637b2c8da853bb1832c130f7e3bf70d07d3801190af1b8c77a8346faee3bfbb9,
25003909,2015,6,0,637b2c8da853bb1832c130f7e3bf70d07d3801190af1b8c77a8346faee3bfbb9,
25003909,2016,196970,2358,cae299484fd164f3c142a60fa5ac62ca17f9f06f849b39bd32323483b5084036,
25003909,2017,2917123,35040,93abc86b7b50ce01c07c135f29ac77fe477a8fd868027217345db96415f95e4c,
25003909,2018,2908944,35034,5224063cd12fe874abd950eeaffa99837f4959cda1a493f1923c17609ed06f7b,
25003909,2019,2907461,34933,a7f2fdebc87d3b27249907d682a88c16970b08711bebfc44d512ef2af7a3703f,
25003909,2020,2909720,35006,932d24cda25077b4e746d0b4dcb078b267fe842720c56ab3b16d590b022069c6,
25003909,2021,2911604,35036,f98073ea4710b7f9bea4d2855d696514108b04d672cf48127d3b1a3e1eb0c5ad,
25003909,2022,3682010,44369,cff46e64a4c6fab487986198c57fdce5ea2489285b9f236db204dc4dd99f30a2,
25003909,2023,4148825,49816,d31232510a390ea93ec4ef08784c0f8a19418e1c67dc2b9e27552e7396a4e342,
25003909,2024,6,0,637b2c8da853bb1832c130f7e3bf70d07d3801190af1b8c77a8346faee3bfbb9,
25003909,2025,6,0,637b2c8da853bb1832c130f7e3bf70d07d3801190af1b8c77a8346faee3bfbb9,
25003910,2010,1304585,15644,bed8e34611e7c90c622a75f532f7420530a67f97e39ef56784b1b7a067195224,
25003910,2011,2157855,25820,87097b8b2abdc38a8f8786b6d5a10671d3056cb6818b2a1cef25a8b80c5d20cd,
25003910,2012,2938328,35136,198db0d50b6f81534cae4aa78bdd455a59030ee73531a86e5bffbe0cd0d807cf,
25003910,2013,2921873,35038,3fd8bc396fd8214e53f55558935f6a9fcc6a792f6d2a10354c78843ffc11e78d,
25003910,2014,2924433,35038,3b28ee479779d5b6706589e9a6a5fa19ab52abfe76619668e4c7f2f10185c7f9,
25003910,2015,2931042,35037,914f264e870286dc9889be4d5d7a1b8972b75971f5e0a13328d222c371cec963,
25003910,2016,2941229,35125,7068227f8b900d19b749c40926cd75d9a4d34a363f87c1c341b57c7421330d65,
25003910,2017,2933069,35038,5f44a23ec7c731f4d793c620a97769e16573237747f619202b1fa1b86d690d28,
25003910,2018,2918748,34986,3b67708b189a28a25d210f098c487f47ddc66c72682a35bb64faf63c0a45aa48,
25003910,2019,2928107,35030,a181c1514b186d2f58fb8b88f887dd910f0d3adf57ae4955840a0e6b3be72227,
25003910,2020,2937964,35077,219eac3fa2fb3cd9859c4807ff31bf2b7bafb28bc3b96a275a7a5a80a154f892,
25003910,2021,2931271,35032,f95e8ed15d5066e1410656bbfbd62b2b29cdedd5acd16b4081c04c125b2574f9,
25003910,2022,4029204,48281,e75deeba227154bc7f4ba1f267ff3d03a95475be17d9c01e3b4ea47c3eed4ff5,
25003910,2023,4393395,52555,a5bde1beaa246c22ae56bafdf29a4bee34fb725c2d55097abfbe9076d7b81f9e,
25003910,2024,6,0,637b2c8da853bb1832c130f7e3bf70d07d3801190af1b8c77a8346faee3bfbb9,
25003910,2025,3171426,37965,7814b0a527118274f54e59eba9551669d96e200c64295ae07cb3b39abcd3ba17,
25003914,2010,2939627,34734,080c54287b9ff7d8b83d87c5d1798c2c38a6b625b112f381ad5182b1547a11be,
25003914,2011,2968995,35038,a9020ef133b8271a3160bf53593b52ce0c7b1b036bd5be868e5e86f8b2d1cb94,
25003914,2012,2979524,35133,1e399d2072e7a6daefe1461b1c0c1dc775b4fbb7382f2eb2848f78cd9179491e,
25003914,2013,2956238,34969,526d9920e41acd8136d797d99259d216d88e5b1287dec76ea45e153205a28063,
25003914,2014,2950118,34846,0b1b951761c383904b95e0ac491eff4191d4f778ae3ec170a84c856aaea3ef27,
25003914,2015,2946722,34753,d4d0bce5cc993c76c204d11ca318970dbec82611b53c0ed12098f2866efceb0f,
25003914,2016,2979744,35135,1742782269ad616a12a47453f68d8a01be83539351e2123cfebdce81d9279992,
25003914,2017,2954828,34861,837a6d8b9aeaab6a2f3d78ca527ba25b5c914698a8039c3dd21b0664c677f667,
25003914,2018,2962826,35033,fd4b5e513d76b24901a5fa4da117a037d6fa46151fa50ee865b67b31fe8832a9,
25003914,2019,2966786,35032,fcb940ae6c22b58abe79f956abe2eefc8917a50c5bf54f47590726103f4df8f7,
25003914,2020,2978491,35120,e4b06320eeb174d75227b8e74b7df6e718b3e1f519f63796d71e7eba0a1ca990,
25003914,2021,2970789,35033,93a802479cf738d57c00f6583a5e37a4e3ba19aeafa7e521c0568a118dc6c9a7,
25003914,2022,3780490,44633,5202b3e299f6d534bffe0aa0bfab35beebb68858313d0e7972a62f2eb985ec66,
25003914,2023,4455937,52552,9896ade80cb69f6ba612e03b286f76108fc67287d9158b14ef48b38384fdafd2,
25003914,2024,6,0,637b2c8da853bb1832c130f7e3bf70d07d3801190af1b8c77a8346faee3bfbb9,
25003914,2025,3220660,37986,9c7466e8eda44b7a220dc99264155fafc108f9ff0f6dcc50ef2ff0113d74396b,
26000766,2010,1113840,13334,532136d3071eb20fe72581431adbade45b8e31c174636f2872e522d2064038a6,
26000766,2011,1076802,12925,eecf8c1ad21b64267ba235edc38a4abb51762b2aebf8a2885e27daa92ff859bb,
26000766,2012,2349857,28199,3a76492b0035fa86332e35e8aec2faebc9a5a59c8ecaee4c85caaa13125d1b75,
26000766,2013,2909586,35039,f5681b234995d3c71368da11ad9e0460b88d4f5f778a9922f0a817dfed7fc51c,
26000766,2014,2914152,35040,19a49f21c2fb88ce7d0cb9ca158be08b8715a3b35c6426fd3af6c6c9b1e33e47,
26000766,2015,2922064,35040,959f19fb90c5edd00426f93f6ac1f2e95da97c4a8999a1a0bfa4e15a6bd9c7f3,
26000766,2016,2923772,35046,7ae837c835f7ea7985c66663e6455df7a966f588a36648660a553dde2b5e0acb,
26000766,2017,2874299,34494,50c6085c2d131aa7e28d739ef4c10ee86d09ff4248ce8e7d8cefd1ae290148d2,
26000766,2018,2912513,35034,368a4cd43c8cdc8a4a839040606271efa91f5b21780028a06118b24313fb0253,
26000766,2019,2917655,35030,fbf6892ff4495b96546ba8ccdfa9d2795a304f7136cb9235fd72b510e20a2900,
26000766,2020,2918464,35123,eb79eb845b305c0e72bc5e2604d09ad00039d9b29520d029f776c59e544cdb6d,
26000766,2021,2890821,34740,9dece9729dd2d4ecb98c35968b5c06782bc37d9edabe19f8303fe5b666c08e67,
26000766,2022,2969608,35723,9590df6c6e4bf448b59d0386e04bf2b1c89b2e1515c6031da92529e30cbbd769,
26000766,2023,2921319,35037,11f4758fe8ceabfeeb93627c21fd9ae71c84ebb1bdf11a4b03b6f4191495622f,
26000766,2024,6,0,637b2c8da853bb1832c130f7e3bf70d07d3801190af1b8c77a8346faee3bfbb9,
26000766,2025,2095382,25283,7118d9f3b86c031877ca688a0afdc051533724e413dc36ad281d18f7d1bc1907,
26000768,2010,6,0,637b2c8da853bb1832c130f7e3bf70d07d3801190af1b8c77a8346faee3bfbb9,
26000768,2011,6,0,637b2c8da853bb1832c130f7e3bf70d07d3801190af1b8c77a8346faee3bfbb9,
26000768,2012,6,0,637b2c8da853bb1832c130f7e3bf70d07d3801190af1b8c77a8346faee3bfbb9,
26000768,2013,6,0,637b2c8da853bb1832c130f7e3bf70d07d3801190af1b8c77a8346faee3bfbb9,
26000768,2014,6,0,637b2c8da853bb1832c130f7e3bf70d07d3801190af1b8c77a8346faee3bfbb9,
26000768,2015,6,0,637b2c8da853bb1832c130f7e3bf70d07d3801190af1b8c77a8346faee3bfbb9,
26000768,2016,6,0,637b2c8da853bb1832c130f7e3bf70d07d3801190af1b8c77a8346faee3bfbb9,
26000768,2017,6,0,637b2c8da853bb1832c130f7e3bf70d07d3801190af1b8c77a8346faee3bfbb9,
26000768,2018,6,0,637b2c8da853bb1832c130f7e3bf70d07d3801190af1b8c77a8346faee3bfbb9,
26000768,2019,6,0,637b2c8da853bb1832c130f7e3bf70d07d3801190af1b8c77a8346faee3bfbb9,
26000768,2020,6,0,637b2c8da853bb1832c130f7e3bf70d07d3801190af1b8c77a8346faee3bfbb9,
26000768,2021,6,0,637b2c8da853bb1832c130f7e3bf70d07d3801190af1b8c77a8346faee3bfbb9,
26000768,2022,6,0,637b2c8da853bb1832c130f7e3bf70d07d3801190af1b8c77a8346faee3bfbb9,
26000768,2023,413138,4927,762579007e42deceb83832ca80fe5abc35f633499746a9c94490e65be10fd720,
26000768,2024,2931913,35128,3a2bb324d41d43593cbde3d123f25bb416466780e777f0e2ab0246d428ac28a9,
26000768,2025,2911951,35034,68e7966548119d03a5c19664b1a24a33b765a12e3a035135e2ab842d7a694709,
27001035,2010,1004328,12147,4cab8084751e11807bac055cc568b0bbe0d4d8f393c9a77d1677df3cbe254431,
27001035,2011,596700,7207,a684868f8aa1e11cb6db50eb4d497905f7e10770a3a112ab1f649702f87f3209,
27001035,2012,709763,8581,942ef577a442cc1873063abae5ecdf085c4ac0cfca9903dd72c575dcd799b17d,
27001035,2013,331228,4014,14a58f497ae4075d8ba1be176d1fda2873f5616a3105ac578ad5193cb53da6dc,
27001035,2014,6,0,637b2c8da853bb1832c130f7e3bf70d07d3801190af1b8c77a8346faee3bfbb9,
27001035,2015,6,0,637b2c8da853bb1832c130f7e3bf70d07d3801190af1b8c77a8346faee3bfbb9,
27001035,2016,222778,2688,f8902ea9dc5dbb768c4c6e768382a6ef626436eca177cfad13a0738383c034d1,
27001035,2017,2888137,35032,bb949149c5b0fb53aa2f811685714d439bb2a166a0f8b4361fbcd36840f9cbb1,
27001035,2018,2879138,35029,8f68f6f64dc12127a55b1990def33ea4e38a54c4942854f973d8e026214776b3,
27001035,2019,2883962,35035,ca55bfbe21ef698eb16bb1b57d27c62e13d8bcceb67aa55e82dfc2ad1378ac5f,
27001035,2020,2817687,34329,a501170d2fc9b2c8e2b99667de7a0c91a2477057f06ef78090e07a4d8f466266,
27001035,2021,2855296,34715,1194327e7603228e16059a6d5110682d3d0b600cc3189eb9a13299f49dd240c6,
27001035,2022,3873030,47205,b7f5e12725c01f168998043b9b984ac9e835e21b278d5a76eb627e9d27979dc2,
27001035,2023,4329617,52554,5dd4f6d328e9c018b2726eac069d5215fd2971b1a0a631de7526318b6fe39237,
27001035,2024,6,0,637b2c8da853bb1832c130f7e3bf70d07d3801190af1b8c77a8346faee3bfbb9,
27001035,2025,2761938,33708,a1e95c34fe09af6234536bda06157e5740e8584c5e0210497f69280900c72ab6,
27001106,2010,6,0,637b2c8da853bb1832c130f7e3bf70d07d3801190af1b8c77a8346faee3bfbb9,
27001106,2011,6,0,637b2c8da853bb1832c130f7e3bf70d07d3801190af1b8c77a8346faee3bfbb9,
27001106,2012,6,0,637b2c8da853bb1832c130f7e3bf70d07d3801190af1b8c77a8346faee3bfbb9,
27001106,2013,6,0,637b2c8da853bb1832c130f7e3bf70d07d3801190af1b8c77a8346faee3bfbb9,
27001106,2014,6,0,637b2c8da853bb1832c130f7e3bf70d07d3801190af1b8c77a8346faee3bfbb9,
27001106,2015,6,0,637b2c8da853bb1832c130f7e3bf70d07d3801190af1b8c77a8346faee3bfbb9,
27001106,2016,87695,1056,5df31867bb2ae1bd9ef24176ba3943e0fa1d70551cf8dc382a26c99d363f6996,
27001106,2017,2893623,35035,37cd870780da162eab758bee4826d65056d0f1d58245c3048c792acd7b2707df,
27001106,2018,2887329,35034,e0c2b2db645fa1815eea228e2a8de3fa9741b9dc3462d0a818cc44062c916ec1,
27001106,2019,2891080,35036,ad9dad5fd883cf2fcf5210d8948b6bb6949530238b53990272dce63f0e0e0875,
27001106,2020,2889387,35103,3f8eee6fb071c8c7532a8125ad089240ba342a427c2141227f96da4d8fc9f4f8,
27001106,2021,2890990,35036,537f51d559bb76570692440cc750ea90aaee1869a5222dc1b6e3b5fdb228f033,
27001106,2022,3890316,47250,a9b4c7ab79d1e5c587b597723f6dc959ccad8906bccad5c0f528e34f668bf6d8,
27001106,2023,6,0,637b2c8da853bb1832c130f7e3bf70d07d3801190af1b8c77a8346faee3bfbb9,
27001106,2024,6,0,637b2c8da853bb1832c130f7e3bf70d07d3801190af1b8c77a8346faee3bfbb9,
27001106,2025,6,0,637b2c8da853bb1832c130f7e3bf70d07d3801190af1b8c77a8346faee3bfbb9,
27001109,2010,6,0,637b2c8da853bb1832c130f7e3bf70d07d3801190af1b8c77a8346faee3bfbb9,
27001109,2011,6,0,637b2c8da853bb1832c130f7e3bf70d07d3801190af1b8c77a8346faee3bfbb9,
27001109,2012,6,0,637b2c8da853bb1832c130f7e3bf70d07d3801190af1b8c77a8346faee3bfbb9,
27001109,2013,6,0,637b2c8da853bb1832c130f7e3bf70d07d3801190af1b8c77a8346faee3bfbb9,
27001109,2014,6,0,637b2c8da853bb1832c130f7e3bf70d07d3801190af1b8c77a8346faee3bfbb9,
27001109,2015,6,0,637b2c8da853bb1832c130f7e3bf70d07d3801190af1b8c77a8346faee3bfbb9,
27001109,2016,122694,1492,d6a82a90ca96397a9a2bad9bc6cf1a2c73ae24e257e73db11ef9261768e6ab73,
27001109,2017,2879316,35039,604b50c36ba1e2c4195f4525d2bd7f57daf8668c38cdcdb695b858684dca5727,
27001109,2018,2816879,34419,be3196d1a0bd1e46d4e9a2d22e9a2dc98997b5a9a10830e1103ab57397eeaa83,
27001109,2019,2876855,35036,fb38d7b1435f4583c17629e20c0cba9fd7a71fa61eca699c54334ef8e0422751,
27001109,2020,2869038,35075,af13ece2a28f52f2283dc5ad1b104e6e56256bc5b9fecdd2847c0464f3720ba1,
27001109,2021,2851212,34788,042e0030aedbb464502b909c31ddecb0029d17f66f711129589fce854423f5d6,
27001109,2022,3831104,46835,63157a826d63935ca7c86205341648ee46e95db6d8a7c218ef0f466cc8aa9b71,
27001109,2023,4317498,52559,cbcdfaf01a45306db5b68870bec1efc7d34867ce82add02a6359cfbe47ade7ed,
27001109,2024,6,0,637b2c8da853bb1832c130f7e3bf70d07d3801190af1b8c77a8346faee3bfbb9,
27001109,2025,600597,7328,d072f1127f33726bea68c572ba79fc4fa843cd54bebe45d46a90a5866348e4a1,
28000260,2010,2918744,35039,0bc60371ad6033bc981f23e610a89fdf5e4cab2dc285b67d76a1ee547f06889f,
28000260,2011,2919888,35040,50fa6717dcd4abfe8869d5ebfcdabe217ffea30b29668cb9eec04ada82096c25,
28000260,2012,2662973,31957,7f65f63d010d0c7920647775c43153136403997e1d42b0fbc7aa3a59e62db4c9,
28000260,2013,2908783,35002,a54e2f858f910bdbb352d89f77b2d87076e8fe6715ef989e5d4927ece96b529a,
28000260,2014,2905255,34881,fc1878c9424f63a39686146921f8e4453e9510c88f3d3f384f1f02442ce72d0e,
28000260,2015,2753513,32987,f2d32f2fe1ba8e9e76ef86f4c1155130bf23f8e31770980200432481349a62dd,
28000260,2016,1172462,13990,99f6b59df84e90093f23e8ed72c1f0ec41c409c73fae6b9f95f0f06b0ebfa41f,
28000260,2017,2839015,34038,39b79a6d207d3142c595ecca82c58fb2a56219b33a49cbfd1d23c9bc8b37e56c,
28000260,2018,2913398,35031,e8c59740f073459d8b1d0c54aa9da2703c5d77d0e6113268cc45f3f93540495b,
28000260,2019,2920364,35035,028294dca6a459ec0054aae11a5c55c6f863dd0b4e20220cf8b2d6c9c48f8ae0,
28000260,2020,2918387,35083,875a7a3f2f6e01260ad98bc2cb0fdcf21966abd9bcd4e33e46cd3035ad29fde1,
28000260,2021,2879356,34529,ff8df2ab447c8b38a5a2ea0b2b94e2adb86cd482194c08a6bc00cf763f35a594,
28000260,2022,4021464,48362,9850a59cbdb2a6174457a17a1a360f275317b2685c4103f7922fd0bb85ef50a3,
28000260,2023,4386598,52558,6cd81215299382c409d7151c2ebf4f0589ae2cb01bb2faba14c8483e190b4a37,
28000260,2024,6,0,637b2c8da853bb1832c130f7e3bf70d07d3801190af1b8c77a8346faee3bfbb9,
28000260,2025,3128421,37634,968d7b3042357dbcff9065130500e036ba108151859ce0263418042f3d0f1b82,
28000262,2010,6,0,637b2c8da853bb1832c130f7e3bf70d07d3801190af1b8c77a8346faee3bfbb9,
28000262,2011,6,0,637b2c8da853bb1832c130f7e3bf70d07d3801190af1b8c77a8346faee3bfbb9,
28000262,2012,6,0,637b2c8da853bb1832c130f7e3bf70d07d3801190af1b8c77a8346faee3bfbb9,
28000262,2013,6,0,637b2c8da853bb1832c130f7e3bf70d07d3801190af1b8c77a8346faee3bfbb9,
28000262,2014,6,0,637b2c8da853bb1832c130f7e3bf70d07d3801190af1b8c77a8346faee3bfbb9,
28000262,2015,6,0,637b2c8da853bb1832c130f7e3bf70d07d3801190af1b8c77a8346faee3bfbb9,
28000262,2016,6,0,637b2c8da853bb1832c130f7e3bf70d07d3801190af1b8c77a8346faee3bfbb9,
28000262,2017,6,0,637b2c8da853bb1832c130f7e3bf70d07d3801190af1b8c77a8346faee3bfbb9,
28000262,2018,6,0,637b2c8da853bb1832c130f7e3bf70d07d3801190af1b8c77a8346faee3bfbb9,
28000262,2019,6,0,637b2c8da853bb1832c130f7e3bf70d07d3801190af1b8c77a8346faee3bfbb9,
28000262,2020,6,0,637b2c8da853bb1832c130f7e3bf70d07d3801190af1b8c77a8346faee3bfbb9,
28000262,2021,6,0,637b2c8da853bb1832c130f7e3bf70d07d3801190af1b8c77a8346faee3bfbb9,
28000262,2022,6,0,637b2c8da853bb1832c130f7e3bf70d07d3801190af1b8c77a8346faee3bfbb9,
28000262,2023,473393,5639,4a56a4638474e8f1028ad8dcf8870a6e30dafcf2e6a07ec58fd5d0186b8c9e97,
28000262,2024,2877175,34400,3b899068c71ee87a012f7e68d2f67c749eebda7dfdc86fb12ff78ce752e73f4e,
28000262,2025,2778501,33360,98b8eb8bba84c1fc537144f4842b1d0a23f64a40ee671de99b2a9608c8f956f0,
30000681,2010,2056788,24625,a60ba5abe8184bfb781a0f608c6edb5d7ff9c80672036ef525719bdef1f60f50,
30000681,2011,2930962,35035,8d08f3b2c55870c9cb9ee33b57c0acfa44f642a92174383e196294ce8c337b43,
30000681,2012,2936530,35128,78f3fa4f2524bf1e98f27afc0c284651747cb0ba1b59f3afbf2a6dec31bd8a93,
30000681,2013,2931000,35036,0238470a6ff4e166df34a0cadc71ae0f17830fd36266d1cf42dbd5473797a58a,
30000681,2014,2926229,35035,c6b712f4913bd6ad4ef960ea6b98ccc62cf1c35bc70fdd68a5803d6e851eb02a,
30000681,2015,2929046,35027,9d8d26fc669a6335fe7f289fb0a38b08d46db28025d462591b1f506290275064,
30000681,2016,2941273,35134,110407cf494270cca2fa4e839f3c65c0a0148cd922b4093b567376014a85de89,
30000681,2017,2928426,35017,23c1ad4c879e23f32480b09bd30263941f4b4eba59cf7c4708c46eb85d86427c,
30000681,2018,2925905,35027,d185dbde0a522faa7b35e1c19178cf98ad035453954fbf87f48c7848efcdda16,
30000681,2019,2925303,35035,e5378f1c6ada9f3e131ab82a32469f1291f01c92820bf554207ebdf1d932c77a,
30000681,2020,2938652,35114,11d5a7c999fdecac620ee23535d743036c56297fcd5ea04cd6aaf5bad6b31e21,
30000681,2021,2933611,35036,4fb215500c7cf6b2de08625468ffe2b7774bcb1f1ea43431bdbcfb12c401d9ba,
30000681,2022,3705762,44377,6edc58eed7eb522863cb4e13380292aa3f9bd202b60a9ed2243874c1797d8e1b,
30000681,2023,4396481,52549,a45ee1529cb82fe3a5db7d56ee3dd023bae32fd1a4f33d1d93f71a3eba0f6c5d,
30000681,2024,6,0,637b2c8da853bb1832c130f7e3bf70d07d3801190af1b8c77a8346faee3bfbb9,
30000681,2025,6,0,637b2c8da853bb1832c130f7e3bf70d07d3801190af1b8c77a8346faee3bfbb9,
31001396,2010,6,0,637b2c8da853bb1832c130f7e3bf70d07d3801190af1b8c77a8346faee3bfbb9,
31001396,2011,6,0,637b2c8da853bb1832c130f7e3bf70d07d3801190af1b8c77a8346faee3bfbb9,
31001396,2012,6,0,637b2c8da853bb1832c130f7e3bf70d07d3801190af1b8c77a8346faee3bfbb9,
31001396,2013,6,0,637b2c8da853bb1832c130f7e3bf70d07d3801190af1b8c77a8346faee3bfbb9,
31001396,2014,6,0,637b2c8da853bb1832c130f7e3bf70d07d3801190af1b8c77a8346faee3bfbb9,
31001396,2015,6,0,637b2c8da853bb1832c130f7e3bf70d07d3801190af1b8c77a8346faee3bfbb9,
31001396,2016,6,0,637b2c8da853bb1832c130f7e3bf70d07d3801190af1b8c77a8346faee3bfbb9,
31001396,2017,6,0,637b2c8da853bb1832c130f7e3bf70d07d3801190af1b8c77a8346faee3bfbb9,
31001396,2018,6,0,637b2c8da853bb1832c130f7e3bf70d07d3801190af1b8c77a8346faee3bfbb9,
31001396,2019,6,0,637b2c8da853bb1832c130f7e3bf70d07d3801190af1b8c77a8346faee3bfbb9,
31001396,2020,6,0,637b2c8da853bb1832c130f7e3bf70d07d3801190af1b8c77a8346faee3bfbb9,
31001396,2021,6,0,637b2c8da853bb1832c130f7e3bf70d07d3801190af1b8c77a8346faee3bfbb9,
31001396,2022,6,0,637b2c8da853bb1832c130f7e3bf70d07d3801190af1b8c77a8346faee3bfbb9,
31001396,2023,6,0,637b2c8da853bb1832c130f7e3bf70d07d3801190af1b8c77a8346faee3bfbb9,
31001396,2024,6,0,637b2c8da853bb1832c130f7e3bf70d07d3801190af1b8c77a8346faee3bfbb9,
31001396,2025,181206,2159,4157a0159e7d3405d6725bc05579ee669e89e05eed1806ab951fec35b86bc90d,
31001398,2010,2945346,34906,afeb6d5d6c0dabec37e9561e7fac8bab5ad89971ba8c81b96d36937a0a557d01,
31001398,2011,2951893,34984,50b0c5d2c52493a14dab053f6762feb6bb47475f65770a8e289f230c29f3e2a0,
31001398,2012,2969477,35093,031f45ef70b5d905a656ffc86c6898602c96437be0e8166a83631eaa7d5781ad,
31001398,2013,2956082,35036,19741eb3c0833af855c6b5c0159d57d32e10a8783aa58e7a567b84cc10dde93a,
31001398,2014,2957150,35036,4d4c763b8e2d87121a4a83283f1b0d36b80b2e299bbb9d7fa7fcb17248d1f334,
31001398,2015,2964982,35035,305f6c3fc5c98686d85aa0d66ce1a35c246a0fc1cd6342e2444656cce3f11720,
31001398,2016,2968311,35136,1baf044a2fe2e0c32793d7fc1335ded45127eea327e314fb4946b004803a9223,
31001398,2017,2958885,35018,f3493e5cada552027ba38147cebc7518ab820c60f17f34142777f48a106ed2a2,
31001398,2018,2953832,35036,7524a3f6f89061dc9e625cfd969a3af99c8fb4e760352988333cbd25ba9dc584,
31001398,2019,2958282,35036,1fcac0d8c5dbd6fabdb103f913d42734f505af61604e98e05744b8927286ab1f,
31001398,2020,2970774,35118,6a085b20df826dd7c4b6b289bda67931bd9f35b4fbc03d0c679d941cd9a36fb2,
31001398,2021,2962261,35033,41e107598340f015d580ba9b71da84fce76aa8be4b2ee508d0e8f5537299b524,
31001398,2022,3734519,44375,d154ae207068094f2140aacf133d27f5c4e3738c64ff18ba66f18462bf221403,
31001398,2023,4442304,52560,bc8160291d9e5087e3ae990a1c92a1b77dba8d878445cdb0776c6085e57d1634,
31001398,2024,6,0,637b2c8da853bb1832c130f7e3bf70d07d3801190af1b8c77a8346faee3bfbb9,
31001398,2025,3202189,38013,c268fa72ce3ed5ecd1aad5322d354d4c90d12af4acfeaa3ef5a2e8524750763c,
32000997,2010,2936366,35040,fcb1d02a66de1ddafe15eb102a9cdae3655bb4f1709befb56b4454e23ab5c111,
32000997,2011,2442621,29145,a639e6634f73b1e68ed006a86074ba016a73ad3cf0b9b0d15677768834f9443b,
32000997,2012,2944520,35132,2f34a0f81d8f0f112a824a9dc9d66070f1ef8ac75edaf13d977d1d393a1e2129,
32000997,2013,2936219,35035,c79bd44262eaf0b349509078e63be91dd6b29b93213e4ae8b975fb8cbddd7124,
32000997,2014,2936934,35035,36668f9929efdb1c2dce9f9d7e4d64c2538e9d84bfe36d53bdc93854633a3737,
32000997,2015,2936835,35035,082bb5b4f450ad9015a0b0f5778ea3fc29647882e31429ee53df4d8b63189889,
32000997,2016,2944722,35135,33f2e58cfe3f6d91cb0ea4758db02a225cb3b7d39da17c7fa8e08744e9847a1a,
32000997,2017,2934795,35018,c24a148367c58ad83690e42d85994ccbb06aa0c2b465d71e8c28ee35ac3ed9b9,
32000997,2018,2936455,35035,c484510b414e63a050935ad396faeb309d12ac3623ec916e4c0aafee698beeb1,
32000997,2019,2936989,35036,9bc84560fe265222244ed99808e6f700f483c07946a7f17b9592fb2855a4a6e3,
32000997,2020,2944957,35115,b204b360c5ea3925c30cb13133e4124871f177ca04c9f81f17135c5ef605f7c9,
32000997,2021,2936570,35036,0e0eff139dbbdd33b993fe5390ea180093e13e2ab51a83c8d2111515f017ffb4,
32000997,2022,3715317,44322,db1674920d235cdae38f345a569fb16551383f6f997b0086925959a677fcb350,
32000997,2023,4405045,52541,215075db8604906d8498dddc1c7a42d99a70d3626cdff370bdb5197dade25fd8,
32000997,2024,4418598,52694,543d1fb48c24a893beed82aae92ab9a5d35e88b3b81de09401fcc51193a4aad0,
32000997,2025,4404461,52550,dd2e3a2a1af1e8ce222847c9d0d98a6af27cffa739069f88f9e5d7de9d76a93a,
32000998,2010,2907089,34908,b3a4cdc50b47db38eba21aaffe0c0b39ec4c5172f45a4766ef2f376c47cc148c,
32000998,2011,2914030,34982,20902051634bf72c5e4fc84a2211d1eed928d80d5d23dc45ce928a960e643939,
32000998,2012,2923557,35075,75c584df6d4080574d1d7cb2395b0c44e15940923ef89cb42f0621090698c013,
32000998,2013,2890665,34751,06e1617ffe653f364cbb39a34378ca236e16f39509449d2c4d12224c37ae5197,
32000998,2014,2916495,35016,458947d2ef097797dfe170d182ab7247b95b22eecd8895db69afad07be2d5553,
32000998,2015,2918845,34998,f5fffd1a1734903447c38a79b43ddb4a016360e66f71cbc68dbc7a9539ed601f,
32000998,2016,2928583,35124,6ad7eceaf58212eab9ab98bb78f6e0cd78e64dec4c632bcce4271a5533146892,
32000998,2017,2917247,34955,da6b372cdb631f9ef002dbdd1a5b00f93abe0937a230f5301591115f88e9b5a8,
32000998,2018,2908751,34959,4d376162a5a071955f6c26bae0fa66e5f1868cfb24267eb86c6762457ce4c850,
32000998,2019,2914580,34977,dce385c4f4a1055121535a39f8db62f6c4bb588c1ce6bff129865fa8fceadcc2,
32000998,2020,2922229,35082,6c993d908964e58087f2189381243d528b86b1b277abd47ba6c8e5832e4add37,
32000998,2021,2917096,34955,134b19ec0bb707d5b859e84713230552be7ed00f76720619c19f5b4038d63e8d,
32000998,2022,2899357,34850,e9c0501a14dd32699dc87f3c953012d91d1083e3c3fe5d81791b66fc34e99b44,
32000998,2023,2920593,35015,76e4b696e36574cc0d07f9d9a53feb8df5b7defeb3d279a02e1735398826ad5f,
32000998,2024,6,0,637b2c8da853bb1832c130f7e3bf70d07d3801190af1b8c77a8346faee3bfbb9,
32000998,2025,6,0,637b2c8da853bb1832c130f7e3bf70d07d3801190af1b8c77a8346faee3bfbb9,
32001001,2010,2902901,35036,325af2974c1c99b8974be04ba5907c403c0faa1971a740c04dcc679381a25965,
32001001,2011,2903416,35035,2fce59400ea27a4bc408cd5f5de7023232bc6d87cb437aecb39e0b03bad1c973,
32001001,2012,2912162,35125,510f983e3e8ff82d543ea43da398bfdfe6a5cdfbc647d72d384530d9426f2e31,
32001001,2013,2902580,35032,cc9eca5a5e30e26c04884b066a909b8f3e04b38780940bfcabdd0d9808804575,
32001001,2014,2899605,34989,238455c6178b3fb6dcbc911c5f95cc199a55ae94d19f15bb4ad0130c75a18614,
32001001,2015,2875154,34676,8b7fb8f5a9ca10682f226e7d9213f80d0afc925268c04311ff6a4a98e6bc3fac,
32001001,2016,2912347,35136,a1d49e003309bbaebcf5a2b5ee05305a22ae351b2667b034f65649a50c89f92f,
32001001,2017,2900168,35010,390cb0384346192c99c0f066d64b5409b005fb2167f3750044f54962accf9212,
32001001,2018,2903159,35036,602e5ae1d4e588607379d5632abcd320edd864d16f6ebefc83b2edd5d75fd1d8,
32001001,2019,2905262,35036,87d3dadb42d829d31b6433caa2bafbee25a7cffabcbe4c341426a6ca23e46029,
32001001,2020,2911449,35108,e9c0aed960087b5084c28bf09b1a727d4884381e1a4acba700399d137e2647c8,
32001001,2021,2903244,35036,6566c8f81638fa9e8dff48c7486db2e647a406187a33105c81477bced8631cd2,
32001001,2022,3669382,44325,8a79c384b48c0ed759009453b9bfc0e82489678b90b5fdd41141e4ba89733b94,
32001001,2023,4358920,52559,b64e883cf4767d64e63ff9134ad2d6faa24c3dfe67dac38cc841d948f20fafd9,
32001001,2024,6,0,637b2c8da853bb1832c130f7e3bf70d07d3801190af1b8c77a8346faee3bfbb9,
32001001,2025,179052,2159,9a380f0797971a1921e087ec71c5777b2965e00a855588f5a8e1e6842c6cb36e,
33000333,2010,6,0,637b2c8da853bb1832c130f7e3bf70d07d3801190af1b8c77a8346faee3bfbb9,
33000333,2011,6,0,637b2c8da853bb1832c130f7e3bf70d07d3801190af1b8c77a8346faee3bfbb9,
33000333,2012,2907552,35058,431df6b0d5d4ec94e710184c1adefb0e9d2ab78807963eef4d255e0d775748d1,
33000333,2013,2902929,35029,bd446dfc82c8887f47d6da9fd61c5148726375e6f1e56bad6530f7b651c451d5,
33000333,2014,2905740,35035,d83d6380ddb9b210653ff1c10801ff8edfba74900c64b2e14c596ae5a0226cec,
33000333,2015,2866590,34548,fcc2dc7554139f1cd19fc6b7e9372d4c84d2bba6c3c7f7823843d41333b2514a,
33000333,2016,2856847,34483,fb5f6e13846c6022aad7b1502ced6abb939a6170e9b3c20e20c100aee49904e3,
33000333,2017,2904009,35017,5a261957fd9bf8ac328cbbf42d54ab5032dbcc5d02e032ca4c7bf2dd91093758,
33000333,2018,2903408,35035,f37ff69a35146cc805b15e50b96c336571944910d20ceaf30629c1a7cfc01726,
33000333,2019,2907026,35036,714f72ddbec0f395e296d8e425c4845113680cd290b4bb08b9f6524f92c077a1,
33000333,2020,2914752,35128,774560d97b445bc33c4537e7643f851ddc10f7da5e9bdb162f6744a46de09fca,
33000333,2021,2905271,35036,ea28ef840916411a4cefeb8f973fdabce048142fc2cbb8c1c765551cedb12781,
33000333,2022,3673870,44326,9a3a96abdcfc48a350214ecfed3b465d34052cdac505eb82408a7847651cf473,
33000333,2023,4364423,52558,0f98410cc72b50fcfd09885a10bddf9e9376b855bab0ee908a37c0a72655e653,
33000333,2024,6,0,637b2c8da853bb1832c130f7e3bf70d07d3801190af1b8c77a8346faee3bfbb9,
33000333,2025,179000,2159,603d56eda4c480243311c2f7933e06634f7ba4fb2aa4345d16320fb1d13bafeb,
33000334,2010,2905646,35035,f9ba57533d60b539fb75fb4807c04c29f1fced449773f2641c139b54570164e6,
33000334,2011,2907967,35037,274cdd13b130332e1f09e239d8389d15f6f28b4a8a4c9c9f4fc19399cc2cf371,
33000334,2012,1862481,22401,6d00d24233a388bde43b14fb171eb4b571338092cd8a9753669aa9b6170c9d0f,
33000334,2013,2905882,35036,01ef850f6d8010d08c82ffd18ec17120a05dbafb333d096ba9555da28e09ac20,
33000334,2014,2907768,35036,f9d4e8f97f92e913e365abfe7fb9f024de2ccb557c99f542749816b178e72e07,
33000334,2015,2911067,35035,f8836baa7e46f9b6075c33f35ef9b32eaf444c599600ad8acf3b0f7715359906,
33000334,2016,2916279,35131,850a404723a6f30b2771261692c50891df0cc0523d8b1ce7af43ea9447c16640,
33000334,2017,2907868,35012,e11c86a57338cc2ca80d329d66e2a81496ceb0d665f2007a418d38942eb0fd0a,
33000334,2018,2906737,35036,9649b252de3c56a8f7dbe0bfba9fbafa2995d84fca9f4acc3b16f12b8bedc6f4,
33000334,2019,2912224,35032,f743a200ea3b06e9dcadf2ac00e1c957c90f0a1e7ec0f426bc55250ee5db9787,
33000334,2020,2915512,35116,418afc0fe41a940583f3fcd5b55d9e3f4b80007216cfb99c61d3a915987a865d,
33000334,2021,2908169,35036,1977860884bcd4e3a6ca7f4f4b0e6661b699f9f84ddf0ba9b40d1f2ae65ad7d2,
33000334,2022,3676148,44327,93555c20f47b8d002904d5175273bde7af8666c164d8d9dad88d7dd1e5e5451c,
33000334,2023,4371401,52560,e14f6c27b62158b72638c39e4e531815531bb0b7f64e2e041bff63376f1d59a8,
33000334,2024,6,0,637b2c8da853bb1832c130f7e3bf70d07d3801190af1b8c77a8346faee3bfbb9,
33000334,2025,178948,2159,8c3067656eee3d445b66fc285aa66cd4418f51828b5f0e8b58bb6f5ab765cb27,
34000514,2010,2931096,35034,8292af19d14de5c618ccb119102830e56328c581f7ff4347f59e7d277db971be,
34000514,2011,2434121,29123,733cb9bac8bdf0f8a466adf0bc2dd2c532a2920222cf5e4636be640a04136d7f,
34000514,2012,2943516,35125,6274361e193db200a30e77cc45c1778bca029baeb9f49708fb3a3cb883d85fd0,
34000514,2013,2929785,35036,35ef4a5a9f0c4254a1876a6f5babf62976f3159b8234f66e0568fab222a4709f,
34000514,2014,2932583,35006,b09069b4a25a2057c00edb7816aacbc1f9d537928a2a19698432e1b1ddd4b13e,
34000514,2015,2934528,35028,fdbf597b20f44a69a0363838816e35d2fb187511550855eb37a7472a49a9bae6,
34000514,2016,2944754,35136,00fede7086363ec61a12d24bf7dd2bdc34099bf5527d3e70f76cf9d1e95c5e29,
34000514,2017,2924890,34900,6150d0de5aa13c726a62c735d9aedd810e28537fc332d0afaa942270eb792a3a,
34000514,2018,2548242,30480,797056546ad18c542ad4cb076ad7244090be1bd3554ebc56d6b8b6b452533001,
34000514,2019,2928627,35036,104f4a0fd9d4b702c5deabf32a7ca417b7cd39e03c0f7fd28248effe7215c110,
34000514,2020,2596527,31004,553c58d2df6acb3310e43d6ad8845854b93b9cac3bb3775f27550a3759c38f42,
34000514,2021,2934603,35021,2dd9fad740488ac6a6fe3040825286c2449f2c9692ba6912a439eb1a5a1f57a6,
34000514,2022,3734608,44702,cfa9ebbd0af44240d6b6d628f2c3f72a95991fcc876ea76938ecb797de72e78b,
34000514,2023,4405771,52559,cf7d7b6d668edb8f5a5bea274a2b5abb598d7ef2abae754c87950f435f63fe5b,
34000514,2024,6,0,637b2c8da853bb1832c130f7e3bf70d07d3801190af1b8c77a8346faee3bfbb9,
34000514,2025,3183797,37989,528a3471d1a8bff3a14a2f260e70353afa6b6fd677eecff6aeccf0d548f634fe,
35000722,2010,2937049,35040,a43561cc517ad79100b98d94313eb5717403de0d1b588578440cd8b7ccc20c6d,
35000722,2011,2936650,35036,476cf03e067b1a7dd9ba71dd9e95adeb12782bc08bd7407f10e90e5749438b89,
35000722,2012,2940760,35083,a53fdc13155480ed6dcb8db8f8dae740204438b25b89030ee645bea0f14388df,
35000722,2013,2936790,35036,e38c2a4c83a7f90000578b0079428ce86e994a8b41bc3d41cf88f16456b517f9,
35000722,2014,2936941,35036,e2b89c94226324ddc7728cb438528fad0672d266c2c5a7a54cb9d7acb7231f3f,
35000722,2015,2936307,35027,8bffd58a6ec65d744c29acab4fabf9ada69621d64c5aefb85c0c736bab8ef3da,
35000722,2016,2945131,35136,eda0bff63ac35df254626bb14807929ab22c421e0de0b56c2e0af641cf243e1f,
35000722,2017,2934913,35018,2f01703d83917f04723482f20b0c33744f81368a074f02bd07366f5f186155b3,
35000722,2018,2936822,35036,9da4e1814a80a1c37440eb1dd364a522cab390aefe7eb8f0f9b9821eb823b2d5,
35000722,2019,2937035,35036,6225583e7883283650185c7880874c3f238f32f47af79436aaec6ea259677c14,
35000722,2020,2944210,35117,bd1bf88e79d34d677579e64cec1575fe892f8327c9f3babcc9893f485feefa24,
35000722,2021,2936345,35035,d16b24f030141ad07ee20c17d1e1e701aedce4d11be111f2422db03526d2314a,
35000722,2022,3730755,44513,90628af11196c43c24e01818fb8d289ce9046151dca0dc5bc2739dad0a240433,
35000722,2023,6,0,637b2c8da853bb1832c130f7e3bf70d07d3801190af1b8c77a8346faee3bfbb9,
35000722,2024,6,0,637b2c8da853bb1832c130f7e3bf70d07d3801190af1b8c77a8346faee3bfbb9,
35000722,2025,6,0,637b2c8da853bb1832c130f7e3bf70d07d3801190af1b8c77a8346faee3bfbb9,
36000551,2010,2938665,35042,cac5c970c0e3f98614397f1c8bd22cf09117c72e344c1a3b5dd4f1e31d7bba95,
36000551,2011,2943678,35033,0110c90308a8502a5e980c258cee823421455d445326ff77b22410b3b5a7fe6a,
36000551,2012,2027091,24086,deb974bd7fbee29a01a908fc5262a9a48fc582b3e6df8dddcb3d4338df513917,
36000551,2013,2943635,35036,3a6eb072a517c578ebb0cfd548983cfe9cca4366277ff390039d651185ec3e6f,
36000551,2014,2941235,35031,379caea57bd090c2755dad5a3dcac12f75a9243020ba10eee1665f523ff9a0d1,
36000551,2015,2944363,35025,aa106122e8324df086bedf794a2ee6678a33d798d36d89c65f5c6c6aa357cac8,
36000551,2016,2719418,32392,ecd2bea4ee0c61603722554695a173d84f2a4c89dddb556ca396113a1cf37b33,
36000551,2017,2944004,35017,59c5649b30e30aed7a62082c6f52fad644e2f19723740d01dd63f105b67f4a92,
36000551,2018,2940370,35035,dc3e2d1408945bc29281751e4aa012e4f92ef87da1ce437f512c1ddbf8c5b04c,
36000551,2019,2946928,35036,7f05e80ee301dbf92fd3ee4fe72f51f0da38feedc22c6c5c04646e64a6e76f10,
36000551,2020,2950531,35118,a78bffe39828e17c64221312997df3330ee3b001636bb112b2105dbe54013353,
36000551,2021,2941457,35033,d5247e5441fba4981363db3e763b0302449e1bde71d88649afa9607c9be155d0,
36000551,2022,3793001,45189,9377c498eb231b071f5e921d671a9bf6c35eccf20d0cd9197edf9f7987ff19eb,
36000551,2023,4421281,52560,2be1c3ff9752a671aabec52b55e7f7636d220e53cc12a1283a25810ceff8d73b,
36000551,2024,6,0,637b2c8da853bb1832c130f7e3bf70d07d3801190af1b8c77a8346faee3bfbb9,
36000551,2025,3186676,37965,3e05dfe2bc1c4f5bd09ff7b9e2c6da512e03db9f247245f023937f5b2459ddb8,
36000552,2010,6,0,637b2c8da853bb1832c130f7e3bf70d07d3801190af1b8c77a8346faee3bfbb9,
36000552,2011,6,0,637b2c8da853bb1832c130f7e3bf70d07d3801190af1b8c77a8346faee3bfbb9,
36000552,2012,6,0,637b2c8da853bb1832c130f7e3bf70d07d3801190af1b8c77a8346faee3bfbb9,
36000552,2013,6,0,637b2c8da853bb1832c130f7e3bf70d07d3801190af1b8c77a8346faee3bfbb9,
36000552,2014,6,0,637b2c8da853bb1832c130f7e3bf70d07d3801190af1b8c77a8346faee3bfbb9,
36000552,2015,6,0,637b2c8da853bb1832c130f7e3bf70d07d3801190af1b8c77a8346faee3bfbb9,
36000552,2016,6,0,637b2c8da853bb1832c130f7e3bf70d07d3801190af1b8c77a8346faee3bfbb9,
36000552,2017,6,0,637b2c8da853bb1832c130f7e3bf70d07d3801190af1b8c77a8346faee3bfbb9,
36000552,2018,6,0,637b2c8da853bb1832c130f7e3bf70d07d3801190af1b8c77a8346faee3bfbb9,
36000552,2019,6,0,637b2c8da853bb1832c130f7e3bf70d07d3801190af1b8c77a8346faee3bfbb9,
36000552,2020,6,0,637b2c8da853bb1832c130f7e3bf70d07d3801190af1b8c77a8346faee3bfbb9,
36000552,2021,6,0,637b2c8da853bb1832c130f7e3bf70d07d3801190af1b8c77a8346faee3bfbb9,
36000552,2022,6,0,637b2c8da853bb1832c130f7e3bf70d07d3801190af1b8c77a8346faee3bfbb9,
36000552,2023,417755,4932,2bed9373de3e40577529f06a0d6e84a86348979b36f0abc1a57c12ad60a50247,
36000552,2024,2957711,35069,1ff8cda8b90e7039098608f48517814d3bae7423bb284d4edb8a079b306d0379,
36000552,2025,2942954,35038,c93d755790439e454795d6e0a88976cdf52d742a64242f2092cf89a37278a76a,
37000857,2010,2906846,35032,41a88fc9ac146c10e4378b0c4ba5612914608f0310f43ea4bf66c132b7af8b95,
37000857,2011,2909832,35035,544911ef2e7b6ff5ecd5c00ed1cc8a609373b01ebb2791973b2871ab8e6f014d,
37000857,2012,2917967,35122,7c76a464ee9cd4e5873d2a0de2b628e0381a5a99ba66112123596c20e2351cbd,
37000857,2013,2885068,34784,d9ad91a75ec8683d2cd706cb5fd55fd2e602d762ef2a70c845d5acf946964510,
37000857,2014,2905264,35022,df23752f7aa755aeced93097485a1c8fdaedf2110422e743fd72e479ae11c8b6,
37000857,2015,2911288,35035,8894dec57aa608fd70908c359818f47770a01f51975c52895cd1db56a8bb5bf7,
37000857,2016,2915737,35136,101346afd67e786ada2b89becc1f66b24666f1745c6715721f866145623c50c3,
37000857,2017,2908166,35018,1f8b3ad6cf2ff6e561ac15b215c3e0a8cd5546ff5dfb343d48fb0a1d23afb4b3,
37000857,2018,2898905,35035,1b9f1febad90cb79b7a057e83ac954f2c6c3523c4e9c01311c6a3b3c505c1f07,
37000857,2019,2871573,34614,6ff4e32e417290e83a809f46ce5859a20e417ca35fa6214304cc1334c4c08011,
37000857,2020,2862194,34497,0bed7ec53e8bc543e9941cf70a1c55532c4aeb5eca4eaefa36b33df922b107e1,
37000857,2021,2904941,35035,c447ac28852ffbd0a10559a906c9a23f398682feedc07ac4f0565e6dc54b4fa4,
37000857,2022,3694622,44714,5846f585bcd88baa43f1285e3a2bb8772eb66326247c3ab33b6da682fa5503d3,
37000857,2023,4362614,52548,ca4069ee31ca6a09ff98a5abf7375eab1b7b58652808c19d996c669415293ed3,
37000857,2024,6,0,637b2c8da853bb1832c130f7e3bf70d07d3801190af1b8c77a8346faee3bfbb9,
37000857,2025,3148323,37989,9a08f08d1d07e7e3a1b69c2361d1c63d6277430a384d213d86d55f511412d830,
38000861,2010,2876257,35031,40923946510dfb8411890722d1aaeaf46c14250e1162c549cb7962944f413427,
38000861,2011,2882804,35041,cd72d49e7197c416de70a16f29a48ba2ab72ce9c3308faad5bd237a1cf0e4fc1,
38000861,2012,2891427,35131,59eb69c722786f4b4d380725d7527097626df38aa5a7ff3b66b5c5deaf2c1bc6,
38000861,2013,2874911,35036,004a4ba941353eda1d8c88a86b6c7d727f258b4f1050f14c0766452fc40816d8,
38000861,2014,2881512,35034,5d08b378621298bb54abba5c084e6e589e52a18ccb76c1de446cced61dfcdbf5,
38000861,2015,2861579,34772,6dd31332097c4ce4342eda4fda325ce25fa276f16524b0e874378f24e490bedc,
38000861,2016,2885087,35133,e681388cf8a11ffe50b909a117a3eb0b58b04d061bbf8c50703914b1fd607f84,
38000861,2017,2882892,35018,fb76fc9b79d05eefb27fa963b09b81220bf49d33b1d1dce39a4619d852799f67,
38000861,2018,2870257,35035,001ef9409fcdbceaa79ebc7be7e9052ff5b4a042fff81566c35151bac0781b02,
38000861,2019,2879874,35035,89284b43ee3477a7a8f6b7597c10bbcb3ce16d7c4f3504ba9f7fca076586646b,
38000861,2020,2885245,35116,efabc89765d7405af6d64a6a6b1b57d484f432415fd7294bc237726195916421,
38000861,2021,2879616,35036,ee69ea584f07e856b1cf1fe49ae0c3feefe755e4f253820366dfd8810d664302,
38000861,2022,3595231,44020,a656967d068d8a2e4e0ead4bb01a452d11752866ad681439da8bb0ca58b82cc8,
38000861,2023,4328350,52560,366639856c4608921db1814216a94e2db7c894d8873fe2ebad4a20459f92f4e2,
38000861,2024,6,0,637b2c8da853bb1832c130f7e3bf70d07d3801190af1b8c77a8346faee3bfbb9,
38000861,2025,6,0,637b2c8da853bb1832c130f7e3bf70d07d3801190af1b8c77a8346faee3bfbb9,
38000862,2010,2920601,35032,215654f244095e8fd880b11031cfe4bafcf17bf58041fb4c112b286731d53963,
38000862,2011,2922728,35032,32b2322d049ce7eb6acc4d03c1ae8b83521864a9890a54ccf2d1053e2acb4e53,
38000862,2012,2933938,35122,95dc5ba4deec4aaa2c837fb544dbacaa44ad2675e22596465234c32d4bc87592,
38000862,2013,2923236,35036,66e3747c804dd9d86733aa04d8c410856e94f28a69ff3a63804348d85a932926,
38000862,2014,2927937,35036,1602f59247aea3c7c618049aacc89c58726b6a8604168570bf2a3c426f48f51e,
38000862,2015,2928049,35036,ebacc772a9db05d06931f5033a625ffa7e6220e4bdacd667573b14e31840ddbc,
38000862,2016,2931456,35136,824c17f36a93b9dbaf90f31cf32ca8cce6006589e3293b76ca8e7792940c8fd4,
38000862,2017,2923968,35018,6b9f4fba400b92b3647ed5b7c2727ba694f51e9d5ddb47a7e9c237490231a10b,
38000862,2018,2918811,35034,6626dd8643526cdd202a9b8b6b971d0f7766dbc5a17aa2d1d832e261d1d95ac7,
38000862,2019,2922390,35036,a33dba62fde31c3b2111c3e342bf81883ca55426afd7442e80a82d186b5a57a9,
38000862,2020,2933226,35118,31553edeb257fcc501fec09c850b546018fe9264add007c4582be8881ac51992,
38000862,2021,2932160,35036,f4225b9e3a6a5b127e3b06d9b5c7086e4c9326f2deb4ebb7172ecff91e53ba56,
38000862,2022,3765035,45188,5564777c0b06ba67e748a2fc1eced6b4de2b0d32eefe8096336a7c06d1f9f627,
38000862,2023,4392357,52554,bf12d9faf714f6cfeefaaeb59a52ab3532f976f6afb2db9e3addb178409dc75e,
38000862,2024,6,0,637b2c8da853bb1832c130f7e3bf70d07d3801190af1b8c77a8346faee3bfbb9,
38000862,2025,6,0,637b2c8da853bb1832c130f7e3bf70d07d3801190af1b8c77a8346faee3bfbb9,
38000863,2010,2869365,34129,f57cd5dc02013d2abfb298212138010a3269d65693ccfc919856851ef7586043,
38000863,2011,2762098,32812,4db254dee84a06ff991da72c72760adf1d4411ecb0fcd721875fe9cc96ce3c48,
38000863,2012,2959835,35132,70b8f6304616748c27e2269468a31631ba4cf1819a208ae77b8189be90de9a16,
38000863,2013,2947710,35036,e3663ea737a623cc848789b9e23d2576227c354376808b152c61ae245f7bca20,
38000863,2014,2948715,35036,73ae0293ad3385eda3d9fc9d76da18a0a05962aa45c86d7b3991825fa49b3421,
38000863,2015,2952535,35036,d6c722d031abf7e0911ff71b99057579bdc8011d39c02e4873fca4ef86da275d,
38000863,2016,2955284,35133,efec2b4db059aee15344cc0713af045675b43e6c774766745b13fd584a973f3f,
38000863,2017,2949688,35017,61840d77905d6c48a9e8fa44567a5cd106fe8367037c064b501c01cd4fb61ddb,
38000863,2018,2946074,35033,179a2b89134a8d099d045311f26b9ea7848ece3aefcf7066f4dc0c720e1ea129,
38000863,2019,2950042,35033,a5123eea9db865cd7bac12b71587e1e971f08b709a42205359bfb8f683b23fbf,
38000863,2020,2956012,35119,f325563dcd9ea678b842cb8867d3d9ebd94857bbbca107754e6af941c35efac9,
38000863,2021,2948352,35034,b83e50fd37f66587740628d2245b0c28520a993d78f964bb29c23c0ae4198fd3,
38000863,2022,3743696,44561,45818ae2f0bb61873e8de764fef9bf2a925b2dccddcdb90115503bad012da8d6,
38000863,2023,4428536,52558,e211a6faee0ff983120f67982a440afaa4d678d4a12bb67757b8448dd8ac7ca7,
38000863,2024,6,0,637b2c8da853bb1832c130f7e3bf70d07d3801190af1b8c77a8346faee3bfbb9,
38000863,2025,3201771,38109,bf5b77abe34a80d4aaa8f8033b936784beae96b1a5c8d4147f3168adc5374d56,
38000866,2010,2919980,35039,3058b36584926f8ed50bbde233d89e4cc35795771dea45a872e8aa85735222ff,
38000866,2011,2923054,35040,22b713a238874429b61005d46d49a3a80dec3258a153777bb76d9643d01b2825,
38000866,2012,2929942,35128,0621952794b86ae79bf2678303fc50933f9005c3880908c128aa104cd32bbd1f,
38000866,2013,2920478,35036,5f5ef1b8c6a46145f94f5fef316fd9b85ee70dc58322ad4cfcdcbf418dfadabb,
38000866,2014,2929111,35036,9a8ac7b0eeffe58efc2ab37ba4ce6d418584e5fb727f032df6858aa93bff577e,
38000866,2015,2925039,34991,dac1c9f3307e45e3ae3d637c717a6e037e11dbae9009c7cf183c05bfa3ca30ac,
38000866,2016,2931510,35130,bb32b8e660b3e8bb26b7228fabe3adcea3b0656948f29939e1ff0524e230a05e,
38000866,2017,2928481,35013,e3fb1fc23509d886c55ba837ce85d91f565ee21a22a608f19b5e255882d272fe,
38000866,2018,2811334,33788,041db22c5128f36cb308ab1f09462bb2954f2cafd20666f18bddb773221c9520,
38000866,2019,2919674,35036,678bb40825018cb035598e80d916f02e97178b9a8afcc5cf9518701c8be2203d,
38000866,2020,2917496,35016,0d59b71c773251545ca72870a609d9808c398d5fb97fa7ad7a505f6f04d75bc0,
38000866,2021,2866884,34381,122ab6c218d24ace86d5160d684cef4d3cd3f0f2abbd522848e1c122f24385c7,
38000866,2022,3197835,38469,cd0e62b46274d9451a70d22432ff7892236c4a8e7a7c4c34840f1a447c59eb14,
38000866,2023,4383349,52560,c49b65ce406b109b67ec5b7cf5128cd759b1488c5823d0e0ac7818c8d7f3476f,
38000866,2024,6,0,637b2c8da853bb1832c130f7e3bf70d07d3801190af1b8c77a8346faee3bfbb9,
38000866,2025,3154680,37943,5732ff0d28544a4b00c0dde2f482eb3a4b1db2cb811af53111d89f8909beac2e,
38000868,2010,2929119,35040,4d09ab7555fad80591865543616747ef5eb41f3590a7f791052769f7e567400f,
38000868,2011,2937169,35036,8852e22da5035ab7bd5dc7dfe64a3318dfc4e93b0c1bdb15680d4f17a249c1f3,
38000868,2012,647824,7726,4f1d30c01f5a2c02e8bdd4ea1001b5714e7df92b559c298c589a60476ee9ef44,
38000868,2013,6,0,637b2c8da853bb1832c130f7e3bf70d07d3801190af1b8c77a8346faee3bfbb9,
38000868,2014,6,0,637b2c8da853bb1832c130f7e3bf70d07d3801190af1b8c77a8346faee3bfbb9,
38000868,2015,6,0,637b2c8da853bb1832c130f7e3bf70d07d3801190af1b8c77a8346faee3bfbb9,
38000868,2016,269700,3215,214ad93dca08c75dc20d8543a9e47630cb8af61c897b611a386b238a56eb9021,
38000868,2017,2931309,35018,53d2ec329e7e0830ff576c6e655558b63a5796598c55af27ddf5b378388f89fa,
38000868,2018,2924228,35036,4bc5895fa5c907f9cbcb3262cd5accfb88199d06005f1414117e2d4ec30e000e,
38000868,2019,2928411,35036,9e393ecbcaf50cd16f53963b3828e5f847b981c7c2272558f6bbb42793959b87,
38000868,2020,2943815,35116,0c8f2291da95c3cf3a0e4febbda55ccef8aa87a444d20903c1036ea78f65dd8c,
38000868,2021,2931163,35035,ee59f826d61c231716a0e7e5a31156f71032794ae04a2f61408e0a0ffa0e6d05,
38000868,2022,3717567,44573,d261de12145125fe220c46e951ba8ff968ab87768af1cd341ce7d2749f60cb1e,
38000868,2023,6,0,637b2c8da853bb1832c130f7e3bf70d07d3801190af1b8c77a8346faee3bfbb9,
38000868,2024,6,0,637b2c8da853bb1832c130f7e3bf70d07d3801190af1b8c77a8346faee3bfbb9,
38000868,2025,6,0,637b2c8da853bb1832c130f7e3bf70d07d3801190af1b8c77a8346faee3bfbb9,
41000789,2010,6,0,637b2c8da853bb1832c130f7e3bf70d07d3801190af1b8c77a8346faee3bfbb9,
41000789,2011,6,0,637b2c8da853bb1832c130f7e3bf70d07d3801190af1b8c77a8346faee3bfbb9,
41000789,2012,6,0,637b2c8da853bb1832c130f7e3bf70d07d3801190af1b8c77a8346faee3bfbb9,
41000789,2013,6,0,637b2c8da853bb1832c130f7e3bf70d07d3801190af1b8c77a8346faee3bfbb9,
41000789,2014,6,0,637b2c8da853bb1832c130f7e3bf70d07d3801190af1b8c77a8346faee3bfbb9,
41000789,2015,6,0,637b2c8da853bb1832c130f7e3bf70d07d3801190af1b8c77a8346faee3bfbb9,
41000789,2016,243,0,1bed395b414f2346865f4b1c0f7bba764ca4688aea854942736d1dd55132971f,
41000789,2017,2896245,35018,810a22b28000f5c76a79cbce07da1b636d06e15388697fee8e74d1f6e9e569d9,
41000789,2018,2504164,30389,cebfe9c57a5f358b03fb06854b69a21400a3de5ddcd199002469cb616522ef58,
41000789,2019,2891453,35036,3908ffd83d6b5499c65813c88f828cbef405af17bc9d1bc85b64626e54976154,
41000789,2020,2895094,35106,c2c44cbd83086e20fa87327868586f52215b50912f89d9f4486d4d01ee32e8b9,
41000789,2021,2883876,34990,3a91b698965531531e4de7452280d44208e501b0a93f1c48ff2630c268aafb65,
41000789,2022,3674818,44709,ca1f4f8c3d6521a66cea8c47725aef4f4c59a2df4f9cb8e052dd156e599bb476,
41000789,2023,4338356,52560,13bfd0e6b0ff8178db17e10c77b1865a81f842e76c1b6970ce28d6cbfabcb18c,
41000789,2024,6,0,637b2c8da853bb1832c130f7e3bf70d07d3801190af1b8c77a8346faee3bfbb9,
41000789,2025,2776827,33675,97054aa7c5208a928fea23c1278b06907d8ac2aae3fe02ddd50a95905fcdcbd0,
42001216,2010,2946166,35026,00aa3a2c78f8656c46378f7fbacbb8cfce5139983745d0a36fe2b4febdc4d174,
42001216,2011,2471526,29337,38824f07e158fc4b6f305d8d681fbdd79b23088e2fbbab6b96ec545d04d25aea,
42001216,2012,2953687,35117,4c23f0d6ff6e0050b6d4abd412f05b25b23751bc8de0745f80e23973118d7c93,
42001216,2013,2946002,35032,cf9866a74143bac4593e6e1f04622d5beae18d3b72d8c4c1ba6deef9f2c8befc,
42001216,2014,2946350,35036,38c8107b2b2623d243f9c3f3e06165b81f35343acee558cf36317903eba6fdbb,
42001216,2015,2952305,35036,cfa6599d87032491fcc5a2d9dca43db724c04621c764bc49110deea0e9c0fec7,
42001216,2016,2955107,35132,a72b4a4db33be0fd915c74c019fe82c8efb9733a9636ad974f0a5a506b2bfe09,
42001216,2017,2948910,35011,e039d9a9fe87e4ce93a77b196458bb0e41e60ac77d350a4e7914967350364dbd,
42001216,2018,2920652,34736,28e7e25fadb59c84c3048162406589f87df3bd234ec0cdea093dafbea31637c6,
42001216,2019,2947985,35035,6e25d6f8f83f38d1dcfd7f826227b889158eea87a0c6cf691cf1fa2b2795de02,
42001216,2020,2952257,35116,5ada044bf78819d6e5dac4e2785e76f5fd4678190f4c57da3ea041a78054023c,
42001216,2021,2944043,35014,69928f6e0a833aa54c6c3ce17a207d95977260fda1c864334d01d265ff53bf0b,
42001216,2022,3743079,44568,5d5020b08d7dcc97cb7736d7f3ccfc8aa7de62e34c6ac70a4d8a36958134e79e,
42001216,2023,4425490,52559,0c5a40cfa407fb934fe795ae21ddff48a6b0ddea435abf64593959c1ce4c0bd9,
42001216,2024,6,0,637b2c8da853bb1832c130f7e3bf70d07d3801190af1b8c77a8346faee3bfbb9,
42001216,2025,3185995,37918,436c67d72692f92ad70a2ff53b774c50241f8aba4e40572c28b2fe7de3c90f2c,
42001220,2010,2932308,35030,475c2020a8d96e36b12121e9da98ac1702f86a142f332befaa220cf3bcb8fd87,
42001220,2011,2936258,35037,838db6965a6254ddf0c2b5bb7c110aa5db1e515f29d10b4c2ac0fa02f1f96a70,
42001220,2012,2932366,34988,646ef82e3b0a7c58247f0e0273ead25e1192bb6a15dee9e1be2b940d85964364,
42001220,2013,2933271,35035,222a13280be48993ca44000c9e9bed3459131b16c57d0d6d00905be89e9d719a,
42001220,2014,2936192,35036,e1ac0d55a50a9cc4c396eeea7cdbf53e8c21a222c719279268c880bbdcc052b6,
42001220,2015,2939366,35035,8a13edb3ddd360b4afff4c6f3f073f005f73e86e4a4b6c07b9b7d75cdf802b1b,
42001220,2016,2944950,35137,b6b8df24312ca8322ca333337e63bf9bd56138df69cf4d06e947a887cdf26fd0,
42001220,2017,2935626,35016,d27b57888202af17a772c43e12aaab62efcf34c071f06e47cafb6bc5f826318b,
42001220,2018,2715914,32477,6cbb0ab293a0f6d8f488fc9fdb654704e8a94451bb64d8987217c260f8cb4936,
42001220,2019,2933771,35036,e4a4bb90058c5fcaf61229b26b06f5a3023df44c2c301c64a8e3160ad34314da,
42001220,2020,2944981,35122,45a104ab039fd94157e2f6aca5a5b995f1bc36bb2d5629ee6c179e2b07c8f424,
42001220,2021,2935723,35036,3348ff3a019fcf731c7783d1f473eca3b0c4e7861815580117a526cf837bb466,
42001220,2022,3731451,44570,f0b568268318d1949ed9e91c3dcaa2dd991701bdaa73fcec8fd78bb2b574e982,
42001220,2023,4400263,52559,95a3cac9a32a3f441a90df9b6ba7f9198b00b38cb8ddd73b404141dca27c05e9,
42001220,2024,6,0,637b2c8da853bb1832c130f7e3bf70d07d3801190af1b8c77a8346faee3bfbb9,
42001220,2025,3174042,37911,d3a27101ba02a119de1e9f1bfee9e89bdd6327aaf3fa3cd7f60d1c27fb321de5,
42001223,2010,6,0,637b2c8da853bb1832c130f7e3bf70d07d3801190af1b8c77a8346faee3bfbb9,
42001223,2011,6,0,637b2c8da853bb1832c130f7e3bf70d07d3801190af1b8c77a8346faee3bfbb9,
42001223,2012,6,0,637b2c8da853bb1832c130f7e3bf70d07d3801190af1b8c77a8346faee3bfbb9,
42001223,2013,6,0,637b2c8da853bb1832c130f7e3bf70d07d3801190af1b8c77a8346faee3bfbb9,
42001223,2014,6,0,637b2c8da853bb1832c130f7e3bf70d07d3801190af1b8c77a8346faee3bfbb9,
42001223,2015,6,0,637b2c8da853bb1832c130f7e3bf70d07d3801190af1b8c77a8346faee3bfbb9,
42001223,2016,243,0,6ebc4e2af2e2d56e08f58a16119a28932663d823a4ca3ef8428cf72c4b39b8a9,
42001223,2017,2470026,29740,645e2974522042b00f4b0ba03691f1b98d8e4190e757c871baac404da502eec6,
42001223,2018,2615970,31574,1cbad29a25c6561d4c4db2cd3608677cb10f0fc6bc3db1520855fb6c3a577e62,
42001223,2019,2905647,35036,bca09bf25873b7128906ca379854cfba3145898a87c8b537a78ba3d8e0946963,
42001223,2020,2914600,35106,b18da760618eabb86d11c4f17ef33b521a7e66e673fb3393594db0326e073a77,
42001223,2021,2905224,35036,ac7a3a2c5e83a5f667bd7a8c73f3352a31b27262ed24c44dedc578d770186964,
42001223,2022,3692769,44611,a5e14cc977a40ecb8cb8c919303aac193bb99ce0ba956bf50dbef7d76170af83,
42001223,2023,4364634,52560,6f7987d7a7e1c5b09493a3b0bb922fd50889c63e264f09cf391a06a2aa969dd7,
42001223,2024,6,0,637b2c8da853bb1832c130f7e3bf70d07d3801190af1b8c77a8346faee3bfbb9,
42001223,2025,6,0,637b2c8da853bb1832c130f7e3bf70d07d3801190af1b8c77a8346faee3bfbb9,
43000494,2010,2916858,35040,a6e1db241168496d32e129107db64d75ae5f9fb116d91928a6662ec42f04503a,
43000494,2011,2656689,31887,6348841d5a506e50b32158b0bc4db9c64ee818da2d2b607cdd1d001f07fae180,
43000494,2012,553601,6649,d415dbeb178c455e55bed3d77ff28d9ce65f5671090f7082d65a17f727933591,
43000494,2013,1000171,12002,c669864ce6f045a20419636c812fca5c5af42a0ae771264826a8fe61afcdad87,
43000494,2014,2860068,34410,a894cc9b17decb4ac4383dfe80be63b843c35fa02b80625b40d7d74d64897774,
43000494,2015,2768446,33233,4d8e7e496636988830410471306cf1c16ebf0569674748f4299a88faa09ff506,
43000494,2016,2924540,35142,833084ad479bd2f7422de026f934ba403ce9b981403be7c8556986f7b4383bbf,
43000494,2017,2455223,29506,85b07bd425257d61c6f663ff94a2eeea4ab0abce61d32a5d911f4c721a4c5eec,
43000494,2018,2745076,33056,6568d5f9d83f624fa6042cd1fa6b92b8de04e957e4aa5d763d13418746861286,
43000494,2019,2913881,35030,90f374c8304590308a16120c93bf89e8da05d8d35d85f094024ce21bd0e7991a,
43000494,2020,2914077,35073,f077af17198aa32353fec8f4472b79e56cb6a82936b0e5853ff8f5892a8be0ab,
43000494,2021,2855639,34274,fc163b531940d38772860cfedfa6b96ff22d599b20759b22b07aec2eb6a8edd5,
43000494,2022,3750866,45186,91697f85bf03b13bc82dc4256ac25511425a6a241f0b18e91d68f9b65924631f,
43000494,2023,2687545,32249,48cada83439e556225ea6a1c4a16302d7c3c9b1906d27b34196d45e49195ed0b,
43000494,2024,6,0,637b2c8da853bb1832c130f7e3bf70d07d3801190af1b8c77a8346faee3bfbb9,
43000494,2025,949240,11416,4f4f741857091b77dd0a2b4462f0d09821e0743658852ffa3669d1b771ebbcdf,
43000495,2010,6,0,637b2c8da853bb1832c130f7e3bf70d07d3801190af1b8c77a8346faee3bfbb9,
43000495,2011,6,0,637b2c8da853bb1832c130f7e3bf70d07d3801190af1b8c77a8346faee3bfbb9,
43000495,2012,2496989,30207,9140cd44184f9f67a3164445e267e365f469552a768bff0f149f4f4afbc704f5,
43000495,2013,2888623,35011,1b3a087ea686dcd28e4aac924f15db40386b54533822b00103b1ecd6428794bc,
43000495,2014,2881386,35008,72f1f302cbb3a47597eed4c77bc29d5387faae3381856e7e39e2e47adb7d4bf5,
43000495,2015,986294,11952,468000db12a040cd74a05ae1d31c8f691f49ee1d59ea27cc8667332a9a0b6987,
43000495,2016,2854828,34485,61e92a5af397a07e197104314385fb38e05b396856026d2b46d9707872494b64,
43000495,2017,2810838,34163,0001c4f124a44d42c93e933658d8ac9c936d642ec6e8a7391459b572c11586fd,
43000495,2018,2835497,34511,dba39b66b0389dfd361d8a2ed5aa1413b27ec9edb3bd273ac56e1f1eb52e4928,
43000495,2019,2876239,35025,f43b53c6c1040e1ab1cc2a5dd3b3692b3bc5d77195abdf3d414d2bca0d52481d,
43000495,2020,2883108,35101,90bcb542c0d1d93693c6a659618062624f949f8e36d199d9a738d4b1bba70d47,
43000495,2021,2880395,35035,58bbed1431e79c56d28487035840e9e673e6d0f373b8b6567e7904637151ce77,
43000495,2022,3714534,45254,e853ed4af59ace19cc36ec8215096d621e975c8bc58dc5a7a3ce654b486d7941,
43000495,2023,2668049,32356,43df4b33e1236252b865823c2aae8b76d48910806cb93f78358768f55d624937,
43000495,2024,6,0,637b2c8da853bb1832c130f7e3bf70d07d3801190af1b8c77a8346faee3bfbb9,
43000495,2025,177068,2159,bc47bf0f60bdc589e454080665b2b3cc80b866ea6d4af860b845e7b3de981b07,
43000496,2010,6,0,637b2c8da853bb1832c130f7e3bf70d07d3801190af1b8c77a8346faee3bfbb9,
43000496,2011,6,0,637b2c8da853bb1832c130f7e3bf70d07d3801190af1b8c77a8346faee3bfbb9,
43000496,2012,6,0,637b2c8da853bb1832c130f7e3bf70d07d3801190af1b8c77a8346faee3bfbb9,
43000496,2013,6,0,637b2c8da853bb1832c130f7e3bf70d07d3801190af1b8c77a8346faee3bfbb9,
43000496,2014,6,0,637b2c8da853bb1832c130f7e3bf70d07d3801190af1b8c77a8346faee3bfbb9,
43000496,2015,6,0,637b2c8da853bb1832c130f7e3bf70d07d3801190af1b8c77a8346faee3bfbb9,
43000496,2016,6,0,637b2c8da853bb1832c130f7e3bf70d07d3801190af1b8c77a8346faee3bfbb9,
43000496,2017,6,0,637b2c8da853bb1832c130f7e3bf70d07d3801190af1b8c77a8346faee3bfbb9,
43000496,2018,6,0,637b2c8da853bb1832c130f7e3bf70d07d3801190af1b8c77a8346faee3bfbb9,
43000496,2019,6,0,637b2c8da853bb1832c130f7e3bf70d07d3801190af1b8c77a8346faee3bfbb9,
43000496,2020,6,0,637b2c8da853bb1832c130f7e3bf70d07d3801190af1b8c77a8346faee3bfbb9,
43000496,2021,6,0,637b2c8da853bb1832c130f7e3bf70d07d3801190af1b8c77a8346faee3bfbb9,
43000496,2022,6,0,637b2c8da853bb1832c130f7e3bf70d07d3801190af1b8c77a8346faee3bfbb9,
43000496,2023,6,0,637b2c8da853bb1832c130f7e3bf70d07d3801190af1b8c77a8346faee3bfbb9,
43000496,2024,6,0,637b2c8da853bb1832c130f7e3bf70d07d3801190af1b8c77a8346faee3bfbb9,
43000496,2025,178860,2159,c664dab685f98dcc2a898f883786476bd339407835eb4db3d5f5378396a0b36c,
43000497,2010,6,0,637b2c8da853bb1832c130f7e3bf70d07d3801190af1b8c77a8346faee3bfbb9,
43000497,2011,6,0,637b2c8da853bb1832c130f7e3bf70d07d3801190af1b8c77a8346faee3bfbb9,
43000497,2012,6,0,637b2c8da853bb1832c130f7e3bf70d07d3801190af1b8c77a8346faee3bfbb9,
43000497,2013,6,0,637b2c8da853bb1832c130f7e3bf70d07d3801190af1b8c77a8346faee3bfbb9,
43000497,2014,6,0,637b2c8da853bb1832c130f7e3bf70d07d3801190af1b8c77a8346faee3bfbb9,
43000497,2015,6,0,637b2c8da853bb1832c130f7e3bf70d07d3801190af1b8c77a8346faee3bfbb9,
43000497,2016,6,0,637b2c8da853bb1832c130f7e3bf70d07d3801190af1b8c77a8346faee3bfbb9,
43000497,2017,2846785,34613,1efe1a64a86244ef5737ae9098ba3193515fb1cbb09552a1599e239a895911cb,
43000497,2018,2869812,35029,afe5a4ab47bb515ddbecece487575857a61850a264af5f392b2351c60d58e1c0,
43000497,2019,2483984,30220,9698b1823f947d9de9ef4e56c4419db1c8624278c0362ee21cbabbff667783aa,
43000497,2020,2670900,32553,bd98fd27070bd29d0a4bdcc1012c0fb709dbce2fda2e68d60baf5ee6a4600e7c,
43000497,2021,2865888,34833,cecd4416b2da314b48c36b26bb2c15a756c2f49b8ae67b4a368bdee7521f1c9e,
43000497,2022,3718773,45528,cf38cb886ec21a993e0af7b69b51aa9913d23f9b933cf092ce840c2c5ebcd63b,
43000497,2023,2673564,32499,e9822ee9240435982e49cc0b745e9f7dfb0c8fb1be80fc255610813e0a9957c5,
43000497,2024,6,0,637b2c8da853bb1832c130f7e3bf70d07d3801190af1b8c77a8346faee3bfbb9,
43000497,2025,176736,2159,c7125477bfaa4f0eb1dbb3bb2ff162f78e681ab41ce67e0f31e38ea9b1515fcd,
43000498,2010,6,0,637b2c8da853bb1832c130f7e3bf70d07d3801190af1b8c77a8346faee3bfbb9,
43000498,2011,6,0,637b2c8da853bb1832c130f7e3bf70d07d3801190af1b8c77a8346faee3bfbb9,
43000498,2012,6,0,637b2c8da853bb1832c130f7e3bf70d07d3801190af1b8c77a8346faee3bfbb9,
43000498,2013,6,0,637b2c8da853bb1832c130f7e3bf70d07d3801190af1b8c77a8346faee3bfbb9,
43000498,2014,6,0,637b2c8da853bb1832c130f7e3bf70d07d3801190af1b8c77a8346faee3bfbb9,
43000498,2015,6,0,637b2c8da853bb1832c130f7e3bf70d07d3801190af1b8c77a8346faee3bfbb9,
43000498,2016,242,0,7c9a23e68c71ed5514081fd14ab603d070286d9685f9523937bcf56ddfeb46b3,
43000498,2017,2862243,34994,6b278f285c8281eb7e0b69c6649be040a412813546be62d0de0f0fda52303722,
43000498,2018,2849382,34968,5b98f5c8ea02146daa8c96b5ad21fdcb014e88dc030bf0800946146e3738c975,
43000498,2019,2814520,34541,24fd18b53e92b8d242555b1f8063e5f5e6c2d07304d13c405bbd3e00903e558b,
43000498,2020,2862550,35027,5b20a0207d9759da133013cbe124de27b04fae28d1959b45d54d76fad4023987,
43000498,2021,2729466,33454,27696fc7654a71e6679d55910d6d9a1e04958c4c856358116feb998aa400abab,
43000498,2022,3680812,45173,5e6c96c5ee4eee390ad05d246fe4f0bbee62973081bdde4aa0a9a4a1eab7c083,
43000498,2023,2496350,30553,5b17c5ca3d1b4ddade7826adc077c2349858ced7d5ff8240e4521660b2d18a42,
43000498,2024,6,0,637b2c8da853bb1832c130f7e3bf70d07d3801190af1b8c77a8346faee3bfbb9,
43000498,2025,176423,2159,deb5f1eb9426c3c358265082c57e9793d2ed08459820ec828ed267c2e47c29f2,
44000452,2010,2898127,34896,0caef60190a805c6abf2a8fe3231c485314f0dfc3f984fed96c1e24072b5b754,
44000452,2011,2914396,35027,06d56b24c6e77d6adb090e536604a1313cbf162dbc7b9b0431634c4edcbe8fd4,
44000452,2012,2764636,33263,57f6b4ce576a396ee96dffb090be79645350e80dba434ac56e16c005d2ecc5a3,
44000452,2013,30504,365,362e4ad283dd2e262475806dab79cdc034828935a0b985cb4a403af0b0e20e35,
44000452,2014,2172371,26206,8e62fd72b95e28d408d282e22874fc4a3f3e901a0b50bf9b318b93afe2430f27,
44000452,2015,2476900,29726,c179a1decad694def71654f01b1e610d57dc39e50423b94560bfb0f06b4de5dd,
44000452,2016,2893147,34802,06a7fa2a195042d72c36076a130fc851321d42e7a00d5cd73a9586d94021e3b8,
44000452,2017,1092039,13160,d6e23203f6a2b49d0ad9bb7c28a50198719e4741ac0d6faa34f6dbe5dfe7a8b0,
44000452,2018,2876436,34646,135e71c5dc869151474bf3d4c88444d9c56ab209cad30f9a0652d005bbc51173,
44000452,2019,2912180,35031,3eb8a49a27ef5d2265ddf349332aa740bb8655e248432ce1eb6d4d1eb2d01cd5,
44000452,2020,2914173,35097,ec4948eb1254b8f244c38dbc39185b77eaef9d59c4410b8e92dba02a3ee33fba,
44000452,2021,2856825,34419,562320404c2b3b06ffdbae14e5945b1c6e2fd340afe81f0238c73471dc4c8693,
44000452,2022,3741004,45208,a7d0e9bde46433fbd616dabebc5100d32bc6395837731ebc2c8491056fa966e1,
44000452,2023,4262344,51280,100b10103ceef6ef27690f190e93b3fedc257ecda4d9e2d7299da8668e9c8a18,
44000452,2024,6,0,637b2c8da853bb1832c130f7e3bf70d07d3801190af1b8c77a8346faee3bfbb9,
44000452,2025,178962,2159,bb600ea269c3e8d998bdbe1727c536da82a80abaf0eb51bc1fbf206ab526568a,
44000453,2010,6,0,637b2c8da853bb1832c130f7e3bf70d07d3801190af1b8c77a8346faee3bfbb9,
44000453,2011,6,0,637b2c8da853bb1832c130f7e3bf70d07d3801190af1b8c77a8346faee3bfbb9,
44000453,2012,6,0,637b2c8da853bb1832c130f7e3bf70d07d3801190af1b8c77a8346faee3bfbb9,
44000453,2013,6,0,637b2c8da853bb1832c130f7e3bf70d07d3801190af1b8c77a8346faee3bfbb9,
44000453,2014,6,0,637b2c8da853bb1832c130f7e3bf70d07d3801190af1b8c77a8346faee3bfbb9,
44000453,2015,6,0,637b2c8da853bb1832c130f7e3bf70d07d3801190af1b8c77a8346faee3bfbb9,
44000453,2016,240,0,fd78d2ef5a0dd35697a99fbc0ea9bb30c7757d70bbb90fc9ec6bb94c0d6a6789,
44000453,2017,2875190,35040,e53b0e3baea9eb233bd6ad9790ce9918ca94a29454befa843c0d94f3ed61e38f,
44000453,2018,2867086,34880,d31d37540262484ad002646986bd6ca8577802352c8beb164e6029c824ef20dc,
44000453,2019,2872408,35004,94845d106fa6f5e5472b67a17020acc3f3075621ef2a41587ff1e43a7d8779da,
44000453,2020,2880017,35108,0eb11b2ba3c4bfcaa6f54f1c31961c6b7b8af5b959031dde8c418c1766e2bfd2,
44000453,2021,2806528,34268,d8e3bc17d9c64e96963161df5101f309932834ecef39c3dab2de403c6367c081,
44000453,2022,3686738,45102,c232bbf15164c09ef989e298b2079cd5e4bb911da71d51b1e0b504c2587a5c89,
44000453,2023,2789256,33979,d98d7164dd67b0b7c9bbff5134e22763322b6731d91cccf7ec4b6811a66ba1f6,
44000453,2024,6,0,637b2c8da853bb1832c130f7e3bf70d07d3801190af1b8c77a8346faee3bfbb9,
44000453,2025,176300,2154,0fc7f802bf81746d1c90fff11b6e16fc516df1e1ed0abf9a9f28d4ad8d97cd5f,
44000454,2010,6,0,637b2c8da853bb1832c130f7e3bf70d07d3801190af1b8c77a8346faee3bfbb9,
44000454,2011,6,0,637b2c8da853bb1832c130f7e3bf70d07d3801190af1b8c77a8346faee3bfbb9,
44000454,2012,6,0,637b2c8da853bb1832c130f7e3bf70d07d3801190af1b8c77a8346faee3bfbb9,
44000454,2013,6,0,637b2c8da853bb1832c130f7e3bf70d07d3801190af1b8c77a8346faee3bfbb9,
44000454,2014,6,0,637b2c8da853bb1832c130f7e3bf70d07d3801190af1b8c77a8346faee3bfbb9,
44000454,2015,6,0,637b2c8da853bb1832c130f7e3bf70d07d3801190af1b8c77a8346faee3bfbb9,
44000454,2016,6,0,637b2c8da853bb1832c130f7e3bf70d07d3801190af1b8c77a8346faee3bfbb9,
44000454,2017,6,0,637b2c8da853bb1832c130f7e3bf70d07d3801190af1b8c77a8346faee3bfbb9,
44000454,2018,2881480,35010,c65a1b2c630f6e8ce345f42d323089b6de6c42da53fe93555141497c04dad99b,
44000454,2019,2885359,35035,02e5e6b9e998284d6fa54b1d6921516b877eb355e8f1ec1f1bb4f29f8e9574ad,
44000454,2020,2886489,35112,c1d6c3ae091407fdd4c2d546714e51d9c34a8a973e70f42215afa7c47b3dd489,
44000454,2021,2832346,34402,ce3176380cee7aab660129d85d2e8dd97016e715945221b192b1f10f90eb5b5b,
44000454,2022,3803015,46325,909d819d36e126fe9c841a632f14f756a536bafbf42f359f6aaf345fb15c62d3,
44000454,2023,2842994,34483,8cc5630bb2a4e06c85c1b55a6019b31b44b01ed094372513292894db0a386cf8,
44000454,2024,6,0,637b2c8da853bb1832c130f7e3bf70d07d3801190af1b8c77a8346faee3bfbb9,
44000454,2025,166247,2015,1c3438f11342207ef9c752a30d12d91dd2b4413b39421c2559984f8cb84b0674,
45001605,2010,2492231,29683,c80cd8f94451d6a6808877fc249c9fe7265fc3142d088e2829a3e1e548cebbe6,
45001605,2011,2868449,34130,3af17c78a96443251dae3926f29f1b494d8a0312c0973f5a57de9eb93427fdd2,
45001605,2012,2851475,33972,0bafac084c4990ebbbe66bfc1404ba99288eb55fd681c048ff35a6234afcb8b0,
45001605,2013,2765268,32937,defafc88f2c42b6325aa1ce04d370ec055e5c7f9722b5c6bb21ae4e3fa546e74,
45001605,2014,2737570,32635,4ad5b70f8c9a6e4db305d47c4d7aa84f7c2778c52d23f9b5b6b3df90568b6187,
45001605,2015,2762398,32861,e239a229a72a75933c04ec4c72d7a5cee8900eb935e87550be81f521f901b650,
45001605,2016,2710574,32311,a1722fcd1ff5c7afc8bdcde62fd9e38e60bee00363bb411765d55d5949d83858,
45001605,2017,2824924,33681,82f2083b8644b00342efacc618aea46e2cc798748f96b77670f3fd388d8b26ba,
45001605,2018,2932631,34941,4889e719c9a668d8e0be6531578f98889262dc9a16b0f54d453562fdc3d3bbb0,
45001605,2019,2937264,34982,dd83071c6ae80ae9c98446f7d84d9471ab94530f6e3f5133c9c89b911b561ffb,
45001605,2020,2810906,33475,754d1632334bfc93ecdec44d48738a1d8845afebe32c34ac08efa403c3263b08,
45001605,2021,2902383,34592,b3a13805fcdccc446d05db88c1efc7f8d57628dcc35a4e3e770e96ed613781e8,
45001605,2022,3932095,46877,354233385630761101ea360230ccb6cf02c67931fe8be79abb313abb98236cd1,
45001605,2023,2431853,28926,a3a5fa51d6507a3389e463de15cad6a111643038b09e782cfc85414382123037,
45001605,2024,6,0,637b2c8da853bb1832c130f7e3bf70d07d3801190af1b8c77a8346faee3bfbb9,
45001605,2025,169102,2015,5036483e457d902757f1cd4267e84d8f99757ad5efc5b06bb557bce23b455703,
45001607,2010,2702355,32199,83608e7ff4f96caa4390a82aa40e5c2d2598fc34ebda9fd43feee148bf9be0d3,
45001607,2011,2852401,33969,bcfb4fcfbc175723dd50f9ea65e1dd4f9399236f1a692a339445c90e0cda2b1e,
45001607,2012,2792255,33276,bb910b527595d0a75229b541b3521847c8f2184d61ae7ee9eca0aa1530ed44d3,
45001607,2013,2835724,33788,5cf6635fa7d776fada2b7ab54993e95d2ccd02e467d1de6d5394397cf2509581,
45001607,2014,2743213,32733,a0e386127ad0969f170785725f9a1dfa2e729fe47c7243ed0734a1f1e123a40a,
45001607,2015,2820536,33576,2043691fa02d5a6e20f3510346f71474bf5c7692f3fb847a487e9ef25c64f9e3,
45001607,2016,2910430,34703,cfd8bb5eb96e6a4f95b13b75b4d414b09e942fea916a691e0356be24c058b2fa,
45001607,2017,2938630,35039,bf58556a903a9a0c09b22813b359022ba019807ee8bf4e2ba481fc18ec711a63,
45001607,2018,2930281,35019,af2305b74a792f378e2a89ff0030bfb36739adb739350ef4ebdd69d8bef8f146,
45001607,2019,2933562,35017,188f6350753dff00f774a0949c41b126c7cd332b553678c43693ed9f132addc9,
45001607,2020,2926354,34885,66ff1f017add372501efb32857f24da590507c1a8537a5aea1c6ef655aa01684,
45001607,2021,2929524,34929,8c6486e6af2b7f65c6be9e2392dde09cf0b1d5db8a127b51e3f4a44ab9220233,
45001607,2022,3911104,46740,de8faf492b6a01acc5bb07d75953de53dc19ac93e17b14e2a61208b46ae8c5ce,
45001607,2023,2287791,27253,6dc6543aafd8e8acd7c66154058b2beb0a9a1e61653e1af64097a9206f46b246,
45001607,2024,6,0,637b2c8da853bb1832c130f7e3bf70d07d3801190af1b8c77a8346faee3bfbb9,
45001607,2025,3145820,37522,6f076f8eccd728b4b131624c6f3adc027b151dab71a80007435823a4cec26e96,
45001608,2010,2935029,35040,419de17e551f36a28742890b09697e0292af950bfcfe849dc15d09d0b125aefe,
45001608,2011,2693024,32168,41b21106cf4dea7fbf3d682511f67a45178ab916faca32ad950b3c512406b37f,
45001608,2012,2821099,33681,754942b49dd9c8d00c99388007cc724153dffdaed9c889a4eb33d8739cf132a0,
45001608,2013,2760829,32998,3f874d76c474af44b3bd651d415a62e9618f3e57d43ad540ceae178646a16d0b,
45001608,2014,2896775,34697,1ea1ed763377d81c70f261c923ed693c52ca539a0532b470c48c278523e98615,
45001608,2015,1561673,18637,0c82322cc7eadf63becd6f39c111a4cf95f06c60368a51c0781d3cac30639e9c,
45001608,2016,2664202,31892,0d5e4dbe8d3a81b90f7fe452d98281f99680f7fc903e356ab308a9b69259261d,
45001608,2017,2402255,28743,22237ca53b1935f1296eb0d322d9820fcb680ebe37a63429bfb5edc232b56a23,
45001608,2018,2811227,33737,8a8a06d6de27712eaea9f94e9f91220f48a256d035298a4c7ea78d42b35276cb,
45001608,2019,2830565,33918,b75ea35295e213b396b03f495ac6f8dde13d806bc3ce338c6710a67bdcc1bf79,
45001608,2020,2889728,34730,f3ae0451cf79e68fef6fbf74c13794644cd940aa2db6f25f6f567c2f5a94bf1f,
45001608,2021,2211173,26478,ad1278bdefb9f4216e804fa92f6a553bceea7bdba692e6e46c602a0166c1399d,
45001608,2022,3851945,46317,5c714c4b6f995e53c8996c6ba57a02da53c8b6481f40752a0a4ecb3e8a3dba14,
45001608,2023,2714621,32504,a5d3eb0ee5abf93147a029c1565a7d247217b57ef227dc87d76e3303820c8021,
45001608,2024,6,0,637b2c8da853bb1832c130f7e3bf70d07d3801190af1b8c77a8346faee3bfbb9,
45001608,2025,6,0,637b2c8da853bb1832c130f7e3bf70d07d3801190af1b8c77a8346faee3bfbb9,
45001609,2010,1913732,23069,174ac544fc695c88fc69333b32e11c2a80e9605746154edbe8361c4795c663f1,
45001609,2011,2904030,34947,adc40619a06a96ae18a6f7744210873e63833d77ee700770dda09dc231c8b3e5,
45001609,2012,2915870,35130,af111574c5bd788d7f5a0f723dde86a73835b51f3406b2f4a312beb7eb647cb2,
45001609,2013,2350279,28360,f2764b625ab6250e16e2a911d8095eae497d8737df5bb8fb99befedb08c600e5,
45001609,2014,906429,10926,16537c23b3c8b2e30c2b350d88d616def5aed8c1f9e7967d89c639dfe4606ded,
45001609,2015,1993480,23935,48cb0d3dfbd47e12563b0d6f4676543aa40f8443824c7e3afcfa3bc69b74dae2,
45001609,2016,2754291,33182,5a66686a3787599840672e98d9cb483c1e4081fb42c3c79db4e2c9caafec99be,
45001609,2017,423804,5116,66196f3b3843af3c1081fad8afae392acdc4e62d7d2c618bb8a33db9655684bf,
45001609,2018,2765896,33499,b343afadf59d618e94c805232d48cca8ecfe4b6ac4d1fd7f2d1c642573930131,
45001609,2019,2901754,35033,7798aad6393c5bed7dec32853db1d8b2d1b7c5f3e0ef5054424af41166caff57,
45001609,2020,2890026,34928,74c066dabf43ab0f0b17d294935cad0a54cde50e1b7affd79e5454aaaae6dc60,
45001609,2021,2889948,34828,f3aa4f81c66cda538f43c9f49dc3b024e8cf3e394ce2053d9731c30e20a8abdc,
45001609,2022,3832580,46392,211c63362cdfdd36ba06dcb6eaac06a793cb1e03b19132bf4b6db96a4e5dd8f1,
45001609,2023,2515274,30279,4f3c3b85dceb74cd3ce62f39b22823cc2db04fdfa1ee713bf6f8cb103af316e6,
45001609,2024,6,0,637b2c8da853bb1832c130f7e3bf70d07d3801190af1b8c77a8346faee3bfbb9,
45001609,2025,167046,2015,1de17747c02d619ce41accd69d8d755401719de023c7c5d47af7979f8b62d78f,
45001611,2010,29958,365,fec3f81c71b3ebd863a1514f7283fe52befc4c238887c56efb25259206e4c1d5,
45001611,2011,29887,365,bbefd1945446fb14c38bd61afe68857960a75649e578cdb9758ef3a7eee4d1a4,
45001611,2012,30072,366,4a0513f485961a1ae6935826edf1ac785d09927beb55bf08ab1e2b1a4264a028,
45001611,2013,30061,365,c5e587749460c999577d13e3f29bd575cff0085bc11d04647e1e1facce6fd165,
45001611,2014,1324637,16283,7fa8f3ae5f06af96bfef6d90d93c169ea908092bf51599d6342c059b3dbeb90c,
45001611,2015,2835811,34725,30922231175f08a36f0afec97b9c1a9d863f6444eb95741d60bc644e52b65310,
45001611,2016,2789955,34209,a9d3e945dbab771f3c698334054e792d838e71572ece4bb5cb3f4617d3ac0bf2,
45001611,2017,2738207,33500,239856b3c202baf24c7fbf95f6df2c9ec87b147d83985d0cf11fd9b02aea6bf1,
45001611,2018,2807807,34560,456ec282e20f55bef3c4434a8ec1e8c6a8481c67efeda144ea855a0768916292,
45001611,2019,2843302,34999,c1665763d7fe94922e71af75be86ce46d29ac42eb89094e16564c245c4cf1e4c,
45001611,2020,2672128,32916,2ed49852aecb74e8c7c816bf48cdd9084d8ee71b0db553746971766350153d8e,
45001611,2021,2670560,32829,903eb3824f55bd5dfad609e7197a53eff5ad8d3b6f4e78910462997ab78bc229,
45001611,2022,3761221,46386,51cc6098f1f918bfd0f36b8342c0befb94950ea75d7aab02efe12b876e00b220,
45001611,2023,4239486,52099,3a767e85e6e3d2b99df20db7c7e765f150de2f13b437e9c39e95549ae9351400,
45001611,2024,6,0,637b2c8da853bb1832c130f7e3bf70d07d3801190af1b8c77a8346faee3bfbb9,
45001611,2025,165202,2015,d135225c1f1f53dd97809d2a3eea641759a333b028969c3459020eda4d8ad886,
45001612,2010,29932,365,879287eef64642cbeb5917866295cda514099271478861ca1cb1889d2ddc42ff,
45001612,2011,29903,365,85532cd947d552c72adb78da7d974f22a0209cd93e36d24af7f9e34141c740c5,
45001612,2012,29978,366,c27f2e1f50d48d51e6b42f1f69e280749cc2ce392a766e623b398ebc90ed596d,
45001612,2013,29890,365,33184f4aa5d6fb7633dc5bc8e13e73bd02e70229a76a14d7f9731471c0dce914,
45001612,2014,29923,365,2cb752b56f9f5b07ec0ce894adad1ea327d761f93a1300ff42e2f9976a026fc4,
45001612,2015,2762116,33858,8153be5ca77ac821c2430b3f496c00af62483b84b0a4144cf384ce2c38d740d4,
45001612,2016,2831932,34793,90b12580325000801788eb162bee9ed511681ec472c423f8b5407eb592601000,
45001612,2017,1965437,24088,74db08d5d7b4dd6495f1e095693b9843e5cf99429179e449c6547c54198cd879,
45001612,2018,2748317,33833,8b9ad75aed2dbd23fc924c272971666704c5ee34b8a0e5d8ddb790052269a633,
45001612,2019,3654498,44713,8a2140af8b9836f9486dcdde13f5cca02a77cc19ff4c11336879c246f50b7aa0,
45001612,2020,7915971,97556,0c0ba3b082b26233e13ab9a80d32bffffdb82eace2c9784500534ec3898c54a5,
45001612,2021,8339158,102418,d464158aa8318e7531f4dbb6a1f648a21d0cd448114cf7b15a5ca64907cb294a,
45001612,2022,5558328,68370,18beb63139fd1fc5da94c0132f097b2898e9b4da7b8c0598936ba0cc7da7b464,
45001612,2023,2496414,30624,166ced67e186dca26bd64119474fe4a153f20ab286aaef56ab619aeffe0fedba,
45001612,2024,6,0,637b2c8da853bb1832c130f7e3bf70d07d3801190af1b8c77a8346faee3bfbb9,
45001612,2025,163578,2010,feec47378ccce4517980224693e04519e69e8f0c51d017a470c2f7255abaeaa0,
45001613,2010,2772926,33450,314b376c7cd144c77f3ec3da97ca4d0f2c086419a2aaf34f8ef11081929a4598,
45001613,2011,2543767,30660,670e1847bc227dc653eb040b4bada834642a1157df03ce54d9d6ca4b2dd0dcf1,
45001613,2012,2044644,24658,5e19566ed2bed4d71102a0540a0ee4206176b0b4dcde0d9acbecea03d3bd7e6f,
45001613,2013,1945708,23445,43421293db146189421fd262970b5d6e98b8e3b0bca3eaf3ce6e5e4ac5d4ba3f,
45001613,2014,2899281,34970,0406b729e8c0d0876a129c608de510927d28ed2abfd164a819d6a638dc177e97,
45001613,2015,2356279,28365,263a31dd7e5e869389fe157bebfdd14ba6f32643ede19ef4c0132d1f72c9465a,
45001613,2016,2868810,34604,dc7e4299e3fd21e43e86c250676885786e0be0c544155646c969f9ae9178fb19,
45001613,2017,2902934,35043,b2d8ab38a4201d461fecd79c16728e6cb186e49292e130edcc7b0ed42c42ed95,
45001613,2018,2856375,34500,286fb634ef599ee64ec2862031e0cfed97f73414636db4442dd0f63f65d255bd,
45001613,2019,2900088,35002,b4c334f0aa57bb4794078f1612d51471a0706fa39684c85c7a4b761ab71bdaa1,
45001613,2020,2830024,34139,adfd2a33eadfc1cd80ab5a07122f11f461100d2cc4a55bf685d24ec8217ae9e8,
45001613,2021,2881695,34786,202dffa670579ba7e6abe95340d785322a9984cdfe561c419d05ab1244858846,
45001613,2022,3559894,43047,e050a276bd3ec22513023b0720e2fd5c9943ee2f3bca8f3e4277ce46fc03423b,
45001613,2023,4355633,52500,46db661bde4ddbbc5d7434c6c196ea3c14a34420e621cefec5eef1ea0482ec8e,
45001613,2024,6,0,637b2c8da853bb1832c130f7e3bf70d07d3801190af1b8c77a8346faee3bfbb9,
45001613,2025,606956,7323,097708850217d61b02d50559501f6fca677504d461cc755aaf5823d3a7afb9c0,
45001614,2010,6,0,637b2c8da853bb1832c130f7e3bf70d07d3801190af1b8c77a8346faee3bfbb9,
45001614,2011,6,0,637b2c8da853bb1832c130f7e3bf70d07d3801190af1b8c77a8346faee3bfbb9,
45001614,2012,6,0,637b2c8da853bb1832c130f7e3bf70d07d3801190af1b8c77a8346faee3bfbb9,
45001614,2013,6,0,637b2c8da853bb1832c130f7e3bf70d07d3801190af1b8c77a8346faee3bfbb9,
45001614,2014,6,0,637b2c8da853bb1832c130f7e3bf70d07d3801190af1b8c77a8346faee3bfbb9,
45001614,2015,6,0,637b2c8da853bb1832c130f7e3bf70d07d3801190af1b8c77a8346faee3bfbb9,
45001614,2016,6,0,637b2c8da853bb1832c130f7e3bf70d07d3801190af1b8c77a8346faee3bfbb9,
45001614,2017,2877401,34840,fd1dc2969267fc0d95ea55daf6fdb81d027d511c07ce779591a34bbafab436d8,
45001614,2018,2880052,35005,7dd0bd44bfcec5eb71e02dd3ed82ce43c80fb37960c41989d427a4e5990bc1e5,
45001614,2019,2883213,35000,f55696345272329cec8a0b579ee4b9aa7485662fc6008afbe90e5dd4a500b948,
45001614,2020,2826051,34310,92f5bc8f91e23014602ed999e7daf846dd41d5864f8774db6f2ac78a8fddcfc9,
45001614,2021,2842629,34418,68f0c1593f5fd3411ca16fcacd3990c99f9b47cb5c78513ff3f890c280f31488,
45001614,2022,3846712,46728,c5e7a288b90416de27dc41a65a317e90fd07f77f9713357bc2d858417013761a,
45001614,2023,2672499,32308,612481f11c570a5ac4f75ca9bd2b6d19b998cc00a2a63504237a081df490f64b,
45001614,2024,6,0,637b2c8da853bb1832c130f7e3bf70d07d3801190af1b8c77a8346faee3bfbb9,
45001614,2025,164181,1979,ded337a50a95f63d059813b9251a3124179057c1a9ee576e2cabac3fd1bd8699,
45001615,2010,1547917,18765,d8c5bba679be1a2f77f4fa6dd7badcb1115897c70342e1ea7ce32d1f47a6f856,
45001615,2011,2836936,34589,75fae46c4bdf9c2a327f61d596ae3cf5dc13993af03a1aef8debf5e54ef4e989,
45001615,2012,2879684,34941,e9dcc5f3b856a969f720132c6492fa98990700d03da4afea4fa9072ba579f7a4,
45001615,2013,2603843,31629,9102e05d09f1603ecd2b37105a9bda25d229297420747a6ff9dce97281a21d24,
45001615,2014,1792920,21796,09971d4aa51345161311c5668d8ee64f585158cd2f5cc319bb7049e8f4be713b,
45001615,2015,2873707,34895,97a81312fd09647c4c81b9fba5bed9895fb27f264d80f7644bf08343ff1dc868,
45001615,2016,2862129,34754,3381e4bf9432cb06fb4d2afbfcf92eac0f25145c00c0ca455c11364da8e1bdea,
45001615,2017,2674489,32435,1ae8c126568c68f371b935030e2a4e7ec2d8be387c9d6a8110a25bad09f04d5a,
45001615,2018,2842540,34975,6a73c3d950c1c48fc0a4f7ef216f250c8e0c6ef3a98452008c4a29731ab4174b,
45001615,2019,2822562,34529,5db2d6cdff6a37f9c4d45c1b77e3f80c4ea78245fe7e2461698bad5b6ad60ca8,
45001615,2020,2580976,31714,8c2d471b6d08101cfa6578d4f969e5ef1d83b6432b1acd3bf574a843b2ff5723,
45001615,2021,2777099,33709,280365a66b327079b8e1f96a3bbc643dd0d2b0622c6a2afab9985b784d21bad9,
45001615,2022,3711506,45786,02615bce741ac3fd18a3a98acebe99ef2afdd699ce7e2776e64bfede03cc1aba,
45001615,2023,2470003,30009,898d445e1057d81564bb81d3c5062568721f31f90c6aa9a47bf142656fb065ff,
45001615,2024,6,0,637b2c8da853bb1832c130f7e3bf70d07d3801190af1b8c77a8346faee3bfbb9,
45001615,2025,167076,2015,f99da58190be0ad27101a78311bb82a6dda7228bdc15e97dcc2cb032c2e2020d,
45001616,2010,6,0,637b2c8da853bb1832c130f7e3bf70d07d3801190af1b8c77a8346faee3bfbb9,
45001616,2011,6,0,637b2c8da853bb1832c130f7e3bf70d07d3801190af1b8c77a8346faee3bfbb9,
45001616,2012,6,0,637b2c8da853bb1832c130f7e3bf70d07d3801190af1b8c77a8346faee3bfbb9,
45001616,2013,6,0,637b2c8da853bb1832c130f7e3bf70d07d3801190af1b8c77a8346faee3bfbb9,
45001616,2014,6,0,637b2c8da853bb1832c130f7e3bf70d07d3801190af1b8c77a8346faee3bfbb9,
45001616,2015,6,0,637b2c8da853bb1832c130f7e3bf70d07d3801190af1b8c77a8346faee3bfbb9,
45001616,2016,243,0,4778e39069cc23a06c9d674e2d0e052ed2787d3748ef05e7834ff5163345e501,
45001616,2017,2903573,35018,4db04f93264e46cc7445ea4591753bff9ed8dab0f394d9158462b59087eb5211,
45001616,2018,2873287,34735,7e7c23785b3b8dc1b72c5259729cca11a267d90028317f64b03a9b1a30a37e75,
45001616,2019,2900422,35035,3966e3f1bf496c0d8a86529e385efe03b14229e3d98ab89fda3d3ccf79e2d10f,
45001616,2020,2891431,34923,c83f55a4807d974e0aeb9269db2f67b5189694b2fa5f7870f8762282ac390be4,
45001616,2021,2901056,34995,184c183c05c5bb2ce7305ff4b801306ef19d6f1b9cc779e2cd1116e1cd209068,
45001616,2022,3864609,46764,d93f439fb8439322cac61d3fb17427dfd64c463c2cd65c25d197882faf87e72f,
45001616,2023,2845793,34288,9b8370e88a4e6813f2d8a5d2df6b75ae208f2be774311b022bfeb463a4e55010,
45001616,2024,6,0,637b2c8da853bb1832c130f7e3bf70d07d3801190af1b8c77a8346faee3bfbb9,
45001616,2025,166695,2010,b191449e71e71fd670e6de876554e088d4c4994f8cc75638009fa817de243e75,
45001617,2010,2393229,28900,399b7dab2ae0e65c41d97e5eeaa2e33c355ca39d3eef6e99918d5e3451fbc576,
45001617,2011,2705238,32715,c2a4aa8e94087e989079c83fd1b17e8dfc55144fa2e6cc79f66fc991d0fe6576,
45001617,2012,2906587,35135,7b3cdd24452f55b48a4284a025e248fb1e0a377dd608eb55cb07fd0b4a48b053,
45001617,2013,2719701,32946,6cd98a5249e4343e2c17b9b824b9d0a1f68388290c3aa7852d9364f850944b14,
45001617,2014,2837808,34433,c362720bbcd5897e0b8f0747ca5eeac5756ab7c3f9fc881cccdbe2fb2bb2488c,
45001617,2015,2835987,34290,6dc96af248fb181a0772e0a7e3cc42b067378cc7ae11b81a69d78957460a67b0,
45001617,2016,2890115,35034,695752f01b10f42598ead45d5c2f0790f990ae2a5c6818fb36666174b564517e,
45001617,2017,2885016,34933,06ae051bacfdbb5611324cec6c6b5bf14ffc110f3ccbaa7edda49331dcaa5ab9,
45001617,2018,2854125,34685,63d00a465a3f05d17fe91851eb62c46bb2aa4d111946bd76b9f5a485674a0781,
45001617,2019,2798624,33919,c1027b5d74a99a7033aa9fe78e1bc82dc16b22539eec7cbcd5335c7885cc97c3,
45001617,2020,2616071,31798,72f0fca89200d892d439ca7dede20bbd0b49b18140a5a1cf6f3e98f4524d6e52,
45001617,2021,2830892,34313,8ee44935b9a7e38be397ed7749b5075bf916257abb8e5a885575d081570063ee,
45001617,2022,3828832,46602,6c62686562354f61b76f99cf73b8960c54caeb91d1eaa6d5801e47708374d54d,
45001617,2023,4291714,52041,1d3816a75a292817ec67dcf18a516587a180c9ce7abb3bebff44c2526d552165,
45001617,2024,6,0,637b2c8da853bb1832c130f7e3bf70d07d3801190af1b8c77a8346faee3bfbb9,
45001617,2025,167108,2015,e197df37d3000af5a60f67a15d84db648ba3cb87dee3aa6c6a0e45697634fd9e,
45001620,2010,6,0,637b2c8da853bb1832c130f7e3bf70d07d3801190af1b8c77a8346faee3bfbb9,
45001620,2011,6,0,637b2c8da853bb1832c130f7e3bf70d07d3801190af1b8c77a8346faee3bfbb9,
45001620,2012,6,0,637b2c8da853bb1832c130f7e3bf70d07d3801190af1b8c77a8346faee3bfbb9,
45001620,2013,6,0,637b2c8da853bb1832c130f7e3bf70d07d3801190af1b8c77a8346faee3bfbb9,
45001620,2014,6,0,637b2c8da853bb1832c130f7e3bf70d07d3801190af1b8c77a8346faee3bfbb9,
45001620,2015,6,0,637b2c8da853bb1832c130f7e3bf70d07d3801190af1b8c77a8346faee3bfbb9,
45001620,2016,6,0,637b2c8da853bb1832c130f7e3bf70d07d3801190af1b8c77a8346faee3bfbb9,
45001620,2017,6,0,637b2c8da853bb1832c130f7e3bf70d07d3801190af1b8c77a8346faee3bfbb9,
45001620,2018,6,0,637b2c8da853bb1832c130f7e3bf70d07d3801190af1b8c77a8346faee3bfbb9,
45001620,2019,6,0,637b2c8da853bb1832c130f7e3bf70d07d3801190af1b8c77a8346faee3bfbb9,
45001620,2020,6,0,637b2c8da853bb1832c130f7e3bf70d07d3801190af1b8c77a8346faee3bfbb9,
45001620,2021,6,0,637b2c8da853bb1832c130f7e3bf70d07d3801190af1b8c77a8346faee3bfbb9,
45001620,2022,6,0,637b2c8da853bb1832c130f7e3bf70d07d3801190af1b8c77a8346faee3bfbb9,
45001620,2023,6,0,637b2c8da853bb1832c130f7e3bf70d07d3801190af1b8c77a8346faee3bfbb9,
45001620,2024,6,0,637b2c8da853bb1832c130f7e3bf70d07d3801190af1b8c77a8346faee3bfbb9,
45001620,2025,163596,2015,a01c5fb7b54b8513013d05d97fc9ad7f3cc4dd75fbb8b39e952ae9b07ab523aa,
45001621,2010,6,0,637b2c8da853bb1832c130f7e3bf70d07d3801190af1b8c77a8346faee3bfbb9,
45001621,2011,6,0,637b2c8da853bb1832c130f7e3bf70d07d3801190af1b8c77a8346faee3bfbb9,
45001621,2012,6,0,637b2c8da853bb1832c130f7e3bf70d07d3801190af1b8c77a8346faee3bfbb9,
45001621,2013,6,0,637b2c8da853bb1832c130f7e3bf70d07d3801190af1b8c77a8346faee3bfbb9,
45001621,2014,6,0,637b2c8da853bb1832c130f7e3bf70d07d3801190af1b8c77a8346faee3bfbb9,
45001621,2015,6,0,637b2c8da853bb1832c130f7e3bf70d07d3801190af1b8c77a8346faee3bfbb9,
45001621,2016,243,0,b58a7cb43e276aef49321c8a765916d35f74b67e072df88de0d3b9ef580ca1ca,
45001621,2017,2909722,35044,1b99149cddd1f65b71d9e04d5df339017b1596ba58b4cbb723c951cb6e7796f6,
45001621,2018,2638054,31912,c054e6fd6f9362845ebaeccab7fc95d0b9ce5fbae7238675515246768171d5ff,
45001621,2019,2715217,32752,dd3b3d284a55337f49c6cf755d7b8608aef2fd9a8767c8a9c85cc691d1818b09,
45001621,2020,2878484,34840,86853d2998facb479201830b0cb10a878336029fe1bb1fc7313cb428e3bccb01,
45001621,2021,2894169,34938,cfbe824b7f4aad978233cc47b098edcf3f50dbfc031dbc72bd558a99b7c1659b,
45001621,2022,3812887,46207,e8e749aed8c18a6b80056db37af2269128f2ff959d0f6782e3a64a02f100f207,
45001621,2023,2619633,31569,9486181979d5a33f49cb687b30892ce829b55546d70e03cb8f8faefcb30fa934,
45001621,2024,6,0,637b2c8da853bb1832c130f7e3bf70d07d3801190af1b8c77a8346faee3bfbb9,
45001621,2025,6,0,637b2c8da853bb1832c130f7e3bf70d07d3801190af1b8c77a8346faee3bfbb9,
45001624,2010,6,0,637b2c8da853bb1832c130f7e3bf70d07d3801190af1b8c77a8346faee3bfbb9,
45001624,2011,6,0,637b2c8da853bb1832c130f7e3bf70d07d3801190af1b8c77a8346faee3bfbb9,
45001624,2012,6,0,637b2c8da853bb1832c130f7e3bf70d07d3801190af1b8c77a8346faee3bfbb9,
45001624,2013,6,0,637b2c8da853bb1832c130f7e3bf70d07d3801190af1b8c77a8346faee3bfbb9,
45001624,2014,6,0,637b2c8da853bb1832c130f7e3bf70d07d3801190af1b8c77a8346faee3bfbb9,
45001624,2015,6,0,637b2c8da853bb1832c130f7e3bf70d07d3801190af1b8c77a8346faee3bfbb9,
45001624,2016,131476,1585,bc2c7a7e05019dcea0e6ce817a2dba34b11ad2ad20dde22eaedd6d12628c8cb5,
45001624,2017,2891054,35006,9bce1320281aaa011af8c9287e9d11c73e7c3052a218f6b688f6be463c1fdd81,
45001624,2018,2825373,34323,7cf89e6ed3505ade16a9848d52a257ceee50faa63ff91d1e96d0f1e190736d40,
45001624,2019,2891876,35035,18148cdd3c3725b128875b33bd58caafe453315f02a28fe12a7458fa4283b6f0,
45001624,2020,2509389,30431,95f7aaad014283455508538812b273da9c3b3c336671ca1e5ced0fa3c8618f69,
45001624,2021,2589991,31340,6314b285816a8cd01aff31057fad5f5abb889c16475a1863fedc41ec1878eece,
45001624,2022,3836042,46625,07f495d27638452512648defa6e17b532ded81170d57f25ee7f9e181cfdedcfc,
45001624,2023,2677220,32364,13dc29bd9e196e49005878f30348598915e4cc584986d29c07b150a5af288d8d,
45001624,2024,6,0,637b2c8da853bb1832c130f7e3bf70d07d3801190af1b8c77a8346faee3bfbb9,
45001624,2025,167120,2015,db822d8862761a0e488d05fa84b43076c63a3e1d1fa184726e552fbd686dbf1c,
45001625,2010,6,0,637b2c8da853bb1832c130f7e3bf70d07d3801190af1b8c77a8346faee3bfbb9,
45001625,2011,6,0,637b2c8da853bb1832c130f7e3bf70d07d3801190af1b8c77a8346faee3bfbb9,
45001625,2012,6,0,637b2c8da853bb1832c130f7e3bf70d07d3801190af1b8c77a8346faee3bfbb9,
45001625,2013,6,0,637b2c8da853bb1832c130f7e3bf70d07d3801190af1b8c77a8346faee3bfbb9,
45001625,2014,6,0,637b2c8da853bb1832c130f7e3bf70d07d3801190af1b8c77a8346faee3bfbb9,
45001625,2015,6,0,637b2c8da853bb1832c130f7e3bf70d07d3801190af1b8c77a8346faee3bfbb9,
45001625,2016,6,0,637b2c8da853bb1832c130f7e3bf70d07d3801190af1b8c77a8346faee3bfbb9,
45001625,2017,2372665,28769,b0ebbf5c9a0e8ab5821def3f2344889d4b5597763f8558071e858180a94ca537,
45001625,2018,2395845,29151,4bda5e20e5956f4711589115c75e8c1974ebba10e4cd69ab4dc2c121601436ac,
45001625,2019,2565855,31116,96eb0e3b99844bfca2716a4cb605c22bc3b04dcad088dec7de1927524a88a4a2,
45001625,2020,2777302,33740,d731e7adc1d84fcc0a22d01774a114766438bf35b470781c9b3963c0b47d13e8,
45001625,2021,2738696,33176,ef8ee3d8b5a7fa733ff4d89dd20bc51780b36cb8c09b993b4bbe5ed4215a9b11,
45001625,2022,3867014,46974,0d7836cf8d7092fab7350cca77dca8879a652364e3aed92836fd2bfeaaec5d51,
45001625,2023,4299705,52135,9cbdac20545139691c2acc1f3e3957c09f35366e2b2446e8faa9375c96b3b9fc,
45001625,2024,6,0,637b2c8da853bb1832c130f7e3bf70d07d3801190af1b8c77a8346faee3bfbb9,
45001625,2025,131300,1583,ae6a19bb4ad88c99a76bc38430753ca8b75c2b60c9297e7dd8a8444189da70ed,
46000682,2010,2383045,28628,928ffd8334082c4019184eb32d37e0cce664a41f894d8306776143b0cf6b49ba,
46000682,2011,1949704,23358,a34c5e14ab652208d8bdffc95e27a38a5e271bc48f26f43d3d4a0ec9d4eb51e2,
46000682,2012,1418280,16984,1add442f218cfffa43b580137a13994778ce42fcf52b1ddc12bf1b20d491bb62,
46000682,2013,2287762,27482,48014cd0d6518a2e733ec0ba8254b78f144d071125bd58c9d4ab006e52d85ff0,
46000682,2014,2155171,25916,05c775525e7e7ae26d6e075fd1c2e4b3ec1beeff10b5f1a8facca5892b8ad72b,
46000682,2015,2523336,30296,ec674b121571c6779a520e791c559821f446337d7ec6866d67f274fcbbba72aa,
46000682,2016,2917347,35098,f54673c87d1cb70faa39eb2fd48142382ca8c6db1a3a37bd2d3438aca01f729d,
46000682,2017,2858068,34370,2d4ffd2c125ac687aed4d34f69eaf93a2ab4b2735a03db02be61353f9c009c2f,
46000682,2018,2906409,35040,9b62a5ad55f553297e1b66b3aa0e6b6671d2eabba639c388f06621f9106fa2bf,
46000682,2019,2909258,34996,0235776d606103fb0ad7af900bddae0c93e8700e2c40f0d77f1f5fc86ab8914b,
46000682,2020,2838596,34216,7205283decb40db1b7ecc7434304fcbe93f8848fdf5c4e82df52361052088666,
46000682,2021,2765214,33224,222001b990dd464192af8b86b0a60f31522bbea4755396ddf8617258df68ffd6,
46000682,2022,3480947,42021,1a3f9e91fe5d8d02e12bef66276b8c65bd07befa996962c1bea1102a857bd7a8,
46000682,2023,2535244,30421,bc5aa2abbcf1819eff91bd85b2c06d62c109191011575ddc16e8a5e339c31855,
46000682,2024,6,0,637b2c8da853bb1832c130f7e3bf70d07d3801190af1b8c77a8346faee3bfbb9,
46000682,2025,3120243,37602,163ec5f809e49dab84b18d98167726f63d4ae1217361b9d2d2613ee0d6d01bb4,
46000717,2010,6,0,637b2c8da853bb1832c130f7e3bf70d07d3801190af1b8c77a8346faee3bfbb9,
46000717,2011,6,0,637b2c8da853bb1832c130f7e3bf70d07d3801190af1b8c77a8346faee3bfbb9,
46000717,2012,6,0,637b2c8da853bb1832c130f7e3bf70d07d3801190af1b8c77a8346faee3bfbb9,
46000717,2013,6,0,637b2c8da853bb1832c130f7e3bf70d07d3801190af1b8c77a8346faee3bfbb9,
46000717,2014,6,0,637b2c8da853bb1832c130f7e3bf70d07d3801190af1b8c77a8346faee3bfbb9,
46000717,2015,6,0,637b2c8da853bb1832c130f7e3bf70d07d3801190af1b8c77a8346faee3bfbb9,
46000717,2016,243,0,23b76c55cf16b77308e3881d023b022510202899a8931263f4c9e87b49f7f263,
46000717,2017,2886554,35011,f031393329e7091276bd4972dac180bdf9a8a0a183673eff52091a91cd8f0103,
46000717,2018,2817091,34228,fd5e212b8fe0ed69987a2014ec349a6678a2ea826d290bfae46be1731bb6be21,
46000717,2019,2866328,34859,a8ff81b315c35c4965b4dbf009fb880b92b1c8e01682d94dd1d778743666beb5,
46000717,2020,2868111,34942,3a71ed2f73cc12964b1b7950a6ec872ad93f99075b889f47fc2d623e455d7849,
46000717,2021,2765766,33623,c8c422b326d793b2cf537e141a226c009ff0e2de3b506b21b9a8006f0b45a5e5,
46000717,2022,3824315,46630,ffebce207bb30935609be6175bcb72cfa7c6d989dd57e08e9a90625d3a6e4999,
46000717,2023,4289749,52132,225b6781a95b0b9e1620ef2df8fd037decfb0e7a09d05102e1b5c4df59465d95,
46000717,2024,6,0,637b2c8da853bb1832c130f7e3bf70d07d3801190af1b8c77a8346faee3bfbb9,
46000717,2025,129324,1578,38141f2880de6ed566ff6c9c9730cc42745844e407df816e846d3690a4774533,
46000718,2010,2830049,34076,054b5fae2c00cc3a6afc7b9cbb3022e2e9b328fadb507b795831214ebbd505ba,
46000718,2011,2658589,32016,f835c21d98ed11d4f0458c6d66f0bcc68e415298f455d9ac174bacb3a9982fba,
46000718,2012,2908194,35040,31697e8ed92761673bfa76ab0eb0f9c3867cd14a2ea512a5ccc52c13654fc320,
46000718,2013,2902336,34940,8b619afc5ad68fc3d51eb289248d3a32f8640aed41da8abd920d07398dd7bfd5,
46000718,2014,2906540,35021,c83ec7bdad552b2feff6f20a62d33af6a29301e4bad960340c67316337e492af,
46000718,2015,2868498,34499,dec08b8467f1542c99ccdc71e430c982616881a50322af901b1c68217ec95628,
46000718,2016,2892704,34857,4dc88816fd0a829d07807d2b1ec25938bf3c1750c43ae6a0335b7040e384ad0d,
46000718,2017,2841803,34227,bb4c96239fa5c5c60bccc82c7963e4119e81b08ccbee35c46d9fda05c5f168da,
46000718,2018,2890917,34829,73545c5aeeb4d7424ec40a713490e3e1efc1a4bc15994c9a3c5d4d590d6af875,
46000718,2019,2842956,34237,f771806b4d7cfdf7ad08143f2e487fe3e021a993282409e8119491d69ae04ed1,
46000718,2020,2906487,35025,52960ed57f92d59d06dda0864acdca2a5ea320f00690416c2541acc932d95f9d,
46000718,2021,2764128,33312,6f0c4c6a621fb87f341ab7669c355f2c602452d16706f1cabe66d226678a4dc0,
46000718,2022,3777276,45554,f1111ccb21b786cea6f628bec4f3a5dcc5b7cb5f92d8af26c8fb9af811c19b38,
46000718,2023,4366611,52557,57e0aacf7073d6f9c3d3b85ad69594880cd00d6ba58db91c9d5b5fdef697eded,
46000718,2024,6,0,637b2c8da853bb1832c130f7e3bf70d07d3801190af1b8c77a8346faee3bfbb9,
46000718,2025,3138212,37839,d9a256916f57f54161464f56b0564967b70bcb82637a80bc76c8464b5ea2a986,
46000719,2010,30127,366,885bd260e842689649d35d565e8d547fc57005e1e19fb7b9b4c5df9fdd8244dc,
46000719,2011,2594975,31725,b37c56fb56ad39c4bd6d0b962567766e7c23c4641c74b4887eff51258508e93c,
46000719,2012,2774507,33992,3874a094ba75f85f01b38cf32e5c1e74ec7332ff3847ff80e6ec70d0b5dfffaa,
46000719,2013,29963,365,59b3c60f213125a371fcb36ad7b6725cb1b05a47dd6e55fbe527b47d0a55ffad,
46000719,2014,2186308,26773,99562201899092b56664ada30713389670d7d244d3d78dc43d298d10b2eed2bf,
46000719,2015,1014063,12385,48646a512bd7dd5760747c44f82d10fda90245d472e8b65d42c9e41b5012c03e,
46000719,2016,2496832,30590,f460eef7fbdb6527dccf18c399f300190963e1382cfab45afdebe73206f01e83,
46000719,2017,2761104,33805,c63901b29fd574109a7848bd72cecbd8d90394a8a08df0c42e094b153f0bac24,
46000719,2018,2813472,34578,49122e28f1690f9d26a2dbaa56cc3156dd96a2ee19fd335666bbba4875ac3d27,
46000719,2019,2266291,27770,4184a52e46a3f751a9e138ed4f5c3be07923b6cd101e8277b3f4987934214317,
46000719,2020,2796639,34367,29f85987ded16d9bd22fdf836aaa740d44d8c626ded21e8e7d7f0960fada706e,
46000719,2021,2098831,25738,f0053e00aba93903bdc3aa64ccc8b730981f9b258516f0d6c430869359c2539f,
46000719,2022,3623167,44506,cab897c29b154898f9e46cec929567c923be58eb15395dd61c298ff7b17b2537,
46000719,2023,4292987,52553,6cfde882cc7397fcf3be06f0e01f244e96a76f29c71e95866b61931311d379f3,
46000719,2024,6,0,637b2c8da853bb1832c130f7e3bf70d07d3801190af1b8c77a8346faee3bfbb9,
46000719,2025,6,0,637b2c8da853bb1832c130f7e3bf70d07d3801190af1b8c77a8346faee3bfbb9,
46000720,2010,2300002,28070,1b5286ec8e9851f36ff6d0cd7786c8a478a64d55bde72d214ea8ef63ea501b63,
46000720,2011,2854923,34863,71369c2be4b6759e462b156bf56312ac5c5e449b7ab9549725a3c64005fcc8da,
46000720,2012,2689693,32869,2f25cbb0a07e966f4ad2948719ce40b8023b81ce61e47a732bec47e635241ce3,
46000720,2013,1752360,21413,73b9013be2a172f9b6e144b2319b3809eff609393ab03d1d9b4ea0e553ee7d4f,
46000720,2014,243,0,08ddabca93cc1fe13ecbfbc49c4c184e7d330ad6fff3bc29922dbe22b7c7be78,
46000720,2015,2500339,30543,af3d66bd4285a37e3000f4fcfd95db3a023f1a7de91f015374b3b23c6f74f22c,
46000720,2016,2865101,35110,015fb728c9af42cf985d9674823efdf884330df8ee620c22883de8eba734868a,
46000720,2017,2773117,33941,4d567ab181ca97902e5a2a237315ab07564a0f593c06ee184cae47f7c1179e50,
46000720,2018,2407024,29546,52dd056d64fc1b490cddeeb909030c10853dac9c2f24acc5590afdaada7373c7,
46000720,2019,2848242,34934,6dcc3e03339b0fb19e97af38a617c706ec2ee051a684579c85af9483f57b24be,
46000720,2020,2846592,34914,561eae9fe49e894f5f1a2ee940aaacb1b852d861850253271dbf6e74e8586a92,
46000720,2021,2749696,33642,ad44cf2b6900c81eb990695729c1974f3b2de2171de9c89c13126f3860393ffb,
46000720,2022,3527508,43392,c2f730df5c6531700b05806360856fb02ebe0239f052d0cecacfcf8131b00875,
46000720,2023,2524472,30867,4e805bece73765705bca18868c89362fbd0ddfad5cc4bc72fe82d49ece446189,
46000720,2024,6,0,637b2c8da853bb1832c130f7e3bf70d07d3801190af1b8c77a8346faee3bfbb9,
46000720,2025,6,0,637b2c8da853bb1832c130f7e3bf70d07d3801190af1b8c77a8346faee3bfbb9,
46000726,2010,6,0,637b2c8da853bb1832c130f7e3bf70d07d3801190af1b8c77a8346faee3bfbb9,
46000726,2011,6,0,637b2c8da853bb1832c130f7e3bf70d07d3801190af1b8c77a8346faee3bfbb9,
46000726,2012,6,0,637b2c8da853bb1832c130f7e3bf70d07d3801190af1b8c77a8346faee3bfbb9,
46000726,2013,6,0,637b2c8da853bb1832c130f7e3bf70d07d3801190af1b8c77a8346faee3bfbb9,
46000726,2014,6,0,637b2c8da853bb1832c130f7e3bf70d07d3801190af1b8c77a8346faee3bfbb9,
46000726,2015,6,0,637b2c8da853bb1832c130f7e3bf70d07d3801190af1b8c77a8346faee3bfbb9,
46000726,2016,242,0,dab09bf53b314e086551248686645fbf4bd71c85b831af3736ff99f6e8e6d8ce,
46000726,2017,2872447,35027,096c3fb4670123344806699f0b5447573f249c3859d05575da253647cf49e848,
46000726,2018,2864483,34881,1fe36fd7a2d11fac7e6fc813d6351c79ceeaf56eae61af0528e3b64166370b4f,
46000726,2019,2876720,35028,7439727c2afe2ff0bd12f21bbffb069641673c7074205797861d0e26b5becf45,
46000726,2020,2872343,34997,329297895f3edeffb35fadd1de5e587b5c74c7bbb84257e03bd895845616ce30,
46000726,2021,2768879,33702,88aa61af6269f6fb55719e081719439d88ef1a8992d2ec909d4ac125d54d0f64,
46000726,2022,3825502,46647,d24ba97923267d8e2985939a8fb932ea0229c56dffb702efdae4cef7e588b12d,
46000726,2023,4321018,52557,ff15c3fbd0bde69ba666e9424c33a1c1f3487e2dab6b8145f64c34c021e2a249,
46000726,2024,6,0,637b2c8da853bb1832c130f7e3bf70d07d3801190af1b8c77a8346faee3bfbb9,
46000726,2025,6,0,637b2c8da853bb1832c130f7e3bf70d07d3801190af1b8c77a8346faee3bfbb9,
47000766,2010,6,0,637b2c8da853bb1832c130f7e3bf70d07d3801190af1b8c77a8346faee3bfbb9,
47000766,2011,6,0,637b2c8da853bb1832c130f7e3bf70d07d3801190af1b8c77a8346faee3bfbb9,
47000766,2012,6,0,637b2c8da853bb1832c130f7e3bf70d07d3801190af1b8c77a8346faee3bfbb9,
47000766,2013,6,0,637b2c8da853bb1832c130f7e3bf70d07d3801190af1b8c77a8346faee3bfbb9,
47000766,2014,6,0,637b2c8da853bb1832c130f7e3bf70d07d3801190af1b8c77a8346faee3bfbb9,
47000766,2015,6,0,637b2c8da853bb1832c130f7e3bf70d07d3801190af1b8c77a8346faee3bfbb9,
47000766,2016,6,0,637b2c8da853bb1832c130f7e3bf70d07d3801190af1b8c77a8346faee3bfbb9,
47000766,2017,6,0,637b2c8da853bb1832c130f7e3bf70d07d3801190af1b8c77a8346faee3bfbb9,
47000766,2018,6,0,637b2c8da853bb1832c130f7e3bf70d07d3801190af1b8c77a8346faee3bfbb9,
47000766,2019,6,0,637b2c8da853bb1832c130f7e3bf70d07d3801190af1b8c77a8346faee3bfbb9,
47000766,2020,6,0,637b2c8da853bb1832c130f7e3bf70d07d3801190af1b8c77a8346faee3bfbb9,
47000766,2021,6,0,637b2c8da853bb1832c130f7e3bf70d07d3801190af1b8c77a8346faee3bfbb9,
47000766,2022,6,0,637b2c8da853bb1832c130f7e3bf70d07d3801190af1b8c77a8346faee3bfbb9,
47000766,2023,6,0,637b2c8da853bb1832c130f7e3bf70d07d3801190af1b8c77a8346faee3bfbb9,
47000766,2024,6,0,637b2c8da853bb1832c130f7e3bf70d07d3801190af1b8c77a8346faee3bfbb9,
47000766,2025,608880,7343,abc18870c914ec9de6f7666d8c7dda3f55351f5df76384b9cc8b97f794087dde,
47000854,2010,2727444,32841,e3b4a52ae0302cb889dcacc7312409fc621ca89d8b985e81843cf0fe5e7cf79e,
47000854,2011,2776436,33429,015702900e9eb78a633fa2be49f99893db9de484505ece96a06f96502dec3a07,
47000854,2012,2756801,33237,05e015fc8ab6f9d195d4dfd4aa9d16c8da1814613ca8c71a947ba2625063632d,
47000854,2013,2830898,34121,8f6fbfe1758199a48aee3ebeb7858a60fe7219c04d5a586c4577f8bfd58ffc20,
47000854,2014,2900990,35002,fabeda8fc74d1b5dda9bd362ae55e3620ffd91114c2c02e45e19369e974d0a54,
47000854,2015,2900987,34909,1bc4c300c45e5b0e844df8880de17d8e7c15e8c4c5e6564e728b6bcc8e42f09d,
47000854,2016,2890499,34889,4d7360be77340dee6f832a7923697296073f03533c8af351c49b8f56c5c95abe,
47000854,2017,2904647,35037,1a0579e6a63726496766ef88c3c3f032fb514a7954f8657229f3c913ed81b0cf,
47000854,2018,2893048,35030,cb25de759b51ea5590d0b5964546b7b6404c3af7ef805256c861ab2bea988c6e,
47000854,2019,2899358,35020,d2bc26337b1874fd2a9f11f64865ac7dbecf30f0c9d56fa6cd39de53f241980f,
47000854,2020,2903612,35117,8d22bd73f9a9c65077fc9000dda499e3a55807c1c36fbb4582d8ef4a28379b78,
47000854,2021,2809073,33947,9e12bffcd58bcc0c2066b920fb68bf1cb466146210af27c6a72ec9f4167417f5,
47000854,2022,3826186,46409,c2fdf20bbdbf3f50db4a886427b578c72a337d73c5fb7dcea7999cf72ff4cd31,
47000854,2023,4326910,52248,43f4313b2398c0410c51802eb24c3c009155e895d6fcf1685aa926b92cbfb3ae,
47000854,2024,6,0,637b2c8da853bb1832c130f7e3bf70d07d3801190af1b8c77a8346faee3bfbb9,
47000854,2025,3110388,37619,034186da4727ea5f509574ec81f1489ba294a5b7fb55ff8da07bd0ec0d842d40,
48000402,2010,1862958,22370,a2e068b27eaff6d71a28d7360308998995cb2f61fe30491c6a88066cccd5d1cb,
48000402,2011,1793057,21477,258ab275ddd5b31fffc28e48a4c1f153b0ba9656d0e2ff2276059ed5c6c686ba,
48000402,2012,1816026,21833,fc73e6d0cc70edbcce789ac7c95305e37ad6ec4235139bd34a82604438c63695,
48000402,2013,1111708,13376,eec5442b4ed862636e6af020fbf14a235b334e3b0ab45a0073c3e97f75aad407,
48000402,2014,1426202,17162,bc273c9784b9179a862e866d95e2ee4df04e9f7ab9b04c48f0c5a0691c7b09ad,
48000402,2015,1242408,14964,2ce75945f32598f411f4b9dae18bfc34a7277c22051d63e9bc98a21db8014e5d,
48000402,2016,1063116,12771,b1fae921ac14d0a1708fe61ccb5df48d4eea3508be031ada46210adcf3340108,
48000402,2017,2852727,34414,2ff4dd415de5f623b8eb973f574ca017b843d6913a4c03b35ee69e58aca4e40e,
48000402,2018,2901276,35034,5e544f0522dcb38efa2a029ee41a1cd3149aab03fe56e01823ced5569b5ea36f,
48000402,2019,2905278,35034,735ae602d88016b2dc1b24f9e9b3b406423c6f8ca64a3e9545924ab5feb79c58,
48000402,2020,2913939,35100,846877d0dd7b0025c581ebae3a6fbc7415534f8a3c986ce70fdb2c5b936e5eb2,
48000402,2021,2906569,35034,64f7903cd6a0b7ff2e5fe525af7487bf2de062bf034b470620adf8754971a57f,
48000402,2022,3829780,46117,fd7578cf0c548aa785c1fa16d084b781e4dd885026fe12b41fe48a995ad399f7,
48000402,2023,4373688,52558,4b463a49bd0a4f89ef7646f8f2f1e203e381d3cb8f8bb425f4738a444e89b6f2,
48000402,2024,6,0,637b2c8da853bb1832c130f7e3bf70d07d3801190af1b8c77a8346faee3bfbb9,
48000402,2025,1067856,12898,b088557d6da8156e992bb8c96765c461faf16e8354f106dcce93ca6decf1fd93,
48000403,2010,6,0,637b2c8da853bb1832c130f7e3bf70d07d3801190af1b8c77a8346faee3bfbb9,
48000403,2011,30042,365,9f0a8eec9b44b4d7559452f3e086d5f563f0fb53798d6978293855510e910b42,
48000403,2012,30043,366,b91cfead7b0a6f7540bc46da6ef2306383dc17f150240297449faace2b78dd1c,
48000403,2013,29926,365,ff48c96be85d8a57b27e665e81fe157f91197fddf6eef9e7aea822bcdd5b9179,
48000403,2014,6,0,637b2c8da853bb1832c130f7e3bf70d07d3801190af1b8c77a8346faee3bfbb9,
48000403,2015,6,0,637b2c8da853bb1832c130f7e3bf70d07d3801190af1b8c77a8346faee3bfbb9,
48000403,2016,242,0,a256dc9f0849e7138e9061b371c513e739bd3d0fc5d1d9a665e57991b5bfa4da,
48000403,2017,2858832,35038,6e556ed892214034116724cb1a7708ab9cc37f9ae13b1e0a5cb13f2822e55ca0,
48000403,2018,2848222,34916,c6f1f3f6dad8211c292190de7bfb139b43f8f82d663bf16c13319856805337b6,
48000403,2019,2854099,35022,c4c9609262616c6d5e6a516ef7b8239140a74731c67ffc105d8f4fdc5c62c44e,
48000403,2020,2866401,35091,bbb132ea7f1c68ee6b4ed36f22ae7035771933e406a818f8b142949769a02fef,
48000403,2021,2854555,34980,969aefcd6413818f9a3bc29833028070cb6c9facd18525e1c073ef2e32ab05de,
48000403,2022,2455559,30145,f3f5243c8ab40281ac60b10e67423d6bf99b6c35510a8eb530c7819d8f28ad1d,
48000403,2023,4266642,52319,1c0d77d4a4c279533499006c146f27dfeeb1b20ebb9630085a88035d130fd704,
48000403,2024,6,0,637b2c8da853bb1832c130f7e3bf70d07d3801190af1b8c77a8346faee3bfbb9,
48000403,2025,1057163,12958,4ff6faf118df37fa0db687fa2fb9701cb1c3bc709d148bbcf53ec580287befba,
48000404,2010,2127856,25716,734c2512978666fd5f9548fcf376d1ded2f7276d014c4f08790dbdd9e0f87976,
48000404,2011,2680088,32448,828f2dc3a1f9beb71187725b1ba4fb73cd5b50d585e208165c13c023af995cef,
48000404,2012,2778179,33692,7054b0693f47b72d15d9c3587ac90667134103ed9c5a1f40f5e4c22045393010,
48000404,2013,2578532,31328,0cddc22986da55c5d255182ff64ce5330e1e009e0318048f170150e73a9686d4,
48000404,2014,2882131,35040,8046e8c920788160e3c6ca6943c74d48b8b518977f1f299b9c4d2a00e5fd7ed8,
48000404,2015,2886999,35039,08948ecf22012e7d3db1ab1c1d81c2c16fce00072ff297ab8c5bccbaba061e30,
48000404,2016,2891847,35132,40bef94eef670a0eb3381351ba1aaf96a9281381182a175556e42dad7f72d740,
48000404,2017,2887780,35023,d2ff75e73aac365a4ab44f6c4832b84e6334bab681d0e183e99132470cd0d408,
48000404,2018,2875537,35037,8f200e47fb03cdf67b1bdd1a445d45d68936ffcdfb4472de7220c2a20a0f706d,
48000404,2019,2886028,35033,dbad56ba40f5ae63c9658546e0ec40daba3db84894425301ca875b01e83c8839,
48000404,2020,2884059,35098,0a6be9ee88ef356aeab6bd2c3c58c0ea9fff4a06892ba0364c825f148ab9012a,
48000404,2021,2889995,35022,92882589db2dd6a3299f04acc784cea5142143903f71aabea24c9542a1e2f528,
48000404,2022,3795135,46215,d3f1472cc8b9d1b795877e49eb0f4b23d3095ccb878d60edc8952bc8e2575357,
48000404,2023,4341489,52552,3fd4ecf97603f27a1be5128374d79b998c422dd9172af3cf7d537ff354a761b2,
48000404,2024,6,0,637b2c8da853bb1832c130f7e3bf70d07d3801190af1b8c77a8346faee3bfbb9,
48000404,2025,3112040,37888,dd40c744b573dbb67e04ff7a6b430a3ddec2fed4aa85f7402f83325d30a438a8,
48000406,2010,30013,365,388ee61d62e7006c6ceab688402c11502b468bd4a9f0ba6d0932ca4a6e43ff94,
48000406,2011,30025,365,dbb671b18d750fe53e82394d7267adcd3d49e8d9710847bd6a876424ba9071a0,
48000406,2012,29981,366,c79b85dbbb241d8eea62b077cb1224e9c89e4b7f092fb2c7a62e130ea5cb1da6,
48000406,2013,29877,365,7694b8fabbbcc273834e1fd5912646b90ed12bc4c878cd3cacbef2ad9ab2ebf5,
48000406,2014,29889,365,3bf512903aa58eab6d78b9b067707f63d63ea12fdbbb12aac9da773cf3e1c58c,
48000406,2015,30011,365,0dde86c0b1bcbc2ddb652dad2b4e255158c72646a075fb08498e44e5f21cffdf,
48000406,2016,29983,366,f771149e64cf7bf5b916f4eca99c010f7e18ab35ba387fe29e8868845963cc73,
48000406,2017,29920,365,f42d7731cac69f1c245b00667b62c48c166dcba5810acecbeb547541abb0b0df,
48000406,2018,29764,365,77b5669c1aea7edb3b54b945fe6f5ad04a5223fb6d0a3346215e4b319fc5fc4f,
48000406,2019,29925,365,cdc2aa91adebdef3d771694ac015a09231cfa0929e8f1e65831dc4e9aecf7c45,
48000406,2020,2745246,33803,5c8521b0c3ec0893b6f8a608a26b09d3a3e16b8d82c0b929b5dbe8859010fdf5,
48000406,2021,2457287,30179,35cb22a8358122969a895ee2aad3f55520b3854df8e65562185c5bf466ca8743,
48000406,2022,3546049,43735,bb9cfe33730e819bc3e5ef68dbf3cf5b090c358511104619ebd0648fce2f9fd5,
48000406,2023,4284485,52554,8f3591a1a5ef4e4981200fdbe5d4a97c4d12041fade58f0952aa5f34bb6192de,
48000406,2024,6,0,637b2c8da853bb1832c130f7e3bf70d07d3801190af1b8c77a8346faee3bfbb9,
48000406,2025,163788,2015,b06a087a0a1f107834e6b37e8e2d8dab51abdac8e75f83a3b2564fcf8cbdc01d,
49000341,2010,6,0,637b2c8da853bb1832c130f7e3bf70d07d3801190af1b8c77a8346faee3bfbb9,
49000341,2011,6,0,637b2c8da853bb1832c130f7e3bf70d07d3801190af1b8c77a8346faee3bfbb9,
49000341,2012,6,0,637b2c8da853bb1832c130f7e3bf70d07d3801190af1b8c77a8346faee3bfbb9,
49000341,2013,6,0,637b2c8da853bb1832c130f7e3bf70d07d3801190af1b8c77a8346faee3bfbb9,
49000341,2014,6,0,637b2c8da853bb1832c130f7e3bf70d07d3801190af1b8c77a8346faee3bfbb9,
49000341,2015,6,0,637b2c8da853bb1832c130f7e3bf70d07d3801190af1b8c77a8346faee3bfbb9,
49000341,2016,6,0,637b2c8da853bb1832c130f7e3bf70d07d3801190af1b8c77a8346faee3bfbb9,
49000341,2017,6,0,637b2c8da853bb1832c130f7e3bf70d07d3801190af1b8c77a8346faee3bfbb9,
49000341,2018,6,0,637b2c8da853bb1832c130f7e3bf70d07d3801190af1b8c77a8346faee3bfbb9,
49000341,2019,6,0,637b2c8da853bb1832c130f7e3bf70d07d3801190af1b8c77a8346faee3bfbb9,
49000341,2020,6,0,637b2c8da853bb1832c130f7e3bf70d07d3801190af1b8c77a8346faee3bfbb9,
49000341,2021,6,0,637b2c8da853bb1832c130f7e3bf70d07d3801190af1b8c77a8346faee3bfbb9,
49000341,2022,6,0,637b2c8da853bb1832c130f7e3bf70d07d3801190af1b8c77a8346faee3bfbb9,
49000341,2023,6,0,637b2c8da853bb1832c130f7e3bf70d07d3801190af1b8c77a8346faee3bfbb9,
49000341,2024,6998456,83964,d623ca1ee9b91075092886216c1aec03d39e1fe9f82367c6f3ca1fcc8961b9c7,
49000341,2025,8209110,98830,330d3f80ec013e4269741378629a810ef993edead85d854d8e58d6947098397e,
49000342,2010,6,0,637b2c8da853bb1832c130f7e3bf70d07d3801190af1b8c77a8346faee3bfbb9,
49000342,2011,6,0,637b2c8da853bb1832c130f7e3bf70d07d3801190af1b8c77a8346faee3bfbb9,
49000342,2012,6,0,637b2c8da853bb1832c130f7e3bf70d07d3801190af1b8c77a8346faee3bfbb9,
49000342,2013,6,0,637b2c8da853bb1832c130f7e3bf70d07d3801190af1b8c77a8346faee3bfbb9,
49000342,2014,6,0,637b2c8da853bb1832c130f7e3bf70d07d3801190af1b8c77a8346faee3bfbb9,
49000342,2015,6,0,637b2c8da853bb1832c130f7e3bf70d07d3801190af1b8c77a8346faee3bfbb9,
49000342,2016,6,0,637b2c8da853bb1832c130f7e3bf70d07d3801190af1b8c77a8346faee3bfbb9,
49000342,2017,6,0,637b2c8da853bb1832c130f7e3bf70d07d3801190af1b8c77a8346faee3bfbb9,
49000342,2018,6,0,637b2c8da853bb1832c130f7e3bf70d07d3801190af1b8c77a8346faee3bfbb9,
49000342,2019,6,0,637b2c8da853bb1832c130f7e3bf70d07d3801190af1b8c77a8346faee3bfbb9,
49000342,2020,6,0,637b2c8da853bb1832c130f7e3bf70d07d3801190af1b8c77a8346faee3bfbb9,
49000342,2021,6,0,637b2c8da853bb1832c130f7e3bf70d07d3801190af1b8c77a8346faee3bfbb9,
49000342,2022,6,0,637b2c8da853bb1832c130f7e3bf70d07d3801190af1b8c77a8346faee3bfbb9,
49000342,2023,6,0,637b2c8da853bb1832c130f7e3bf70d07d3801190af1b8c77a8346faee3bfbb9,
49000342,2024,1270476,15555,77b8f87094338f71ef34f4576b488978765026c3f13cbf66b06bb1073a881e94,
49000342,2025,1741580,21639,5bb90ce167ee7cb1c605456da1728e76ceadbb045fe5fb3f0407c35d48eea026,
49000343,2010,6,0,637b2c8da853bb1832c130f7e3bf70d07d3801190af1b8c77a8346faee3bfbb9,
49000343,2011,6,0,637b2c8da853bb1832c130f7e3bf70d07d3801190af1b8c77a8346faee3bfbb9,
49000343,2012,6,0,637b2c8da853bb1832c130f7e3bf70d07d3801190af1b8c77a8346faee3bfbb9,
49000343,2013,6,0,637b2c8da853bb1832c130f7e3bf70d07d3801190af1b8c77a8346faee3bfbb9,
49000343,2014,6,0,637b2c8da853bb1832c130f7e3bf70d07d3801190af1b8c77a8346faee3bfbb9,
49000343,2015,6,0,637b2c8da853bb1832c130f7e3bf70d07d3801190af1b8c77a8346faee3bfbb9,
49000343,2016,6,0,637b2c8da853bb1832c130f7e3bf70d07d3801190af1b8c77a8346faee3bfbb9,
49000343,2017,6,0,637b2c8da853bb1832c130f7e3bf70d07d3801190af1b8c77a8346faee3bfbb9,
49000343,2018,6,0,637b2c8da853bb1832c130f7e3bf70d07d3801190af1b8c77a8346faee3bfbb9,
49000343,2019,6,0,637b2c8da853bb1832c130f7e3bf70d07d3801190af1b8c77a8346faee3bfbb9,
49000343,2020,6,0,637b2c8da853bb1832c130f7e3bf70d07d3801190af1b8c77a8346faee3bfbb9,
49000343,2021,6,0,637b2c8da853bb1832c130f7e3bf70d07d3801190af1b8c77a8346faee3bfbb9,
49000343,2022,6,0,637b2c8da853bb1832c130f7e3bf70d07d3801190af1b8c77a8346faee3bfbb9,
49000343,2023,6,0,637b2c8da853bb1832c130f7e3bf70d07d3801190af1b8c77a8346faee3bfbb9,
49000343,2024,6,0,637b2c8da853bb1832c130f7e3bf70d07d3801190af1b8c77a8346faee3bfbb9,
49000343,2025,165166,2015,d55cc3092cd9af0c99be5787d3e09c068740cd8f4355a2c3ee4fcd8aca1dc52a,
50000530,2010,757846,9275,9a89865ec10b9401daa93fa75e1ad54df3e14a59967cf7c484e443e8829d761a,
50000530,2011,1011298,12344,43158385a054f634fa87c82fe695a7736f22a2d3ff2ed7591d8ffc0be556c468,
50000530,2012,887254,10858,814d68aaff789ab46b32f2f0e8939bfb2c1f06d885656d7214f651c654bd13c3,
50000530,2013,783078,9611,1904b55b54a36916c44cefb74fcc8f993c6bfbb35c7a7c159f28f0f23abb2ba8,
50000530,2014,89903,1098,0a0232a7a778b95e16182a631d6b8652aa9f27fc87180910623fdf78c93bb532,
50000530,2015,28923,353,043d8d77c73cc02dfd1313727b556c5d05123d43c576166852a5fa78d6a64165,
50000530,2016,29900,366,6d5c19f09584df497d8ba1df0203ca1b0b65db8e6c73099819f6b47ce73f78c1,
50000530,2017,29893,365,98715d4684f711bac75adf46ebadd1516d5a6474c6e07f0d39e3d4d11830d948,
50000530,2018,1784373,22022,a34bc619f8062d0781a342a5c936e85d6809df6ec095b74f544ce4472c620ba1,
50000530,2019,2749602,33748,5bf40a2b65f4a859648e4134e87851e56f07b75808c2a58e542332aa3056c3c0,
50000530,2020,2634489,32418,8f026a5d94383fce15bdb60815ba9c21c4c1f83e85a3c52f0e5d91c7ed1f5fb2,
50000530,2021,2852736,35028,a4c7937c5f4208e92c9a529e5df558571db459604d1d61b9adc91a45ec9dd6c3,
50000530,2022,3759839,46341,9e08a65a7f976c7613ad4a42722babb8662192dcea2b43bc2b9829048cdd7d76,
50000530,2023,3928966,48230,66e6af69f656cd64dd6d930cf5a617fa3ed60492016e37fc92535aef4eebfdc8,
50000530,2024,6,0,637b2c8da853bb1832c130f7e3bf70d07d3801190af1b8c77a8346faee3bfbb9,
50000530,2025,164238,2015,6837a34b0fb610aa82065ebc3bf0e2b6c99c8fca51e5df36cd5948b469ca6279,
50000531,2010,1176827,14373,36acd945646bc8853f2a21abd1f0712f4f9f6280daf4a76b7e9e7f7f5d579cb4,
50000531,2011,1343960,16407,798c614695e41d576231f54eb910a963c979614507e88f355a0723969cdad5ef,
50000531,2012,1244837,15212,3d5801894e5aceaee88ba4507d6a7a9542d283110a20d3179d325dda8ec7b1d5,
50000531,2013,1138979,13922,d471d6718356e821e584afb379065748ad16383fd3cc6cee9bbf94397f878722,
50000531,2014,1129632,13815,36c3a454f4d777d6d6778bdb558dabda27b203ad9c343eeee6175a25d11c083e,
50000531,2015,987785,12072,217c4ecc1efe5f9c064704e4720aefddeb266b203db00c253ab4edf61f55c0fb,
50000531,2016,1005189,12287,01733927e97ec11bd54aa9afb9519aa9ae7217627a866dbf4be0d82e07c37d3b,
50000531,2017,2679225,32826,10e78af3897cbac343e9f55a9748d223e60a7799948260307277b7eb84c92a64,
50000531,2018,2859141,35036,d16a1b88a88d8437d63243d3fbab574e28b59759a2306bf8907708b5f44e3af2,
50000531,2019,2867061,35039,cd89969e60ecdbd36c2cb7d8b78c2b5c4e0edd9b2f21191767cc12e11f108536,
50000531,2020,2871525,35122,46be7ac987db2c0f234acb9d0c601c84d91edfafbbc880bdd7ff5047fe67aef7,
50000531,2021,2765307,33801,130ff6d8be5b4b70d3ae9c297c8174a952f349156162d1ddd071e7de00bdb76f,
50000531,2022,3819812,46912,8f23598dc96e5c604649fd83890a41ae55af08efae9c058807e055d52e3676e9,
50000531,2023,4294472,52560,b065009ba3c996ef3136aa2c16ac2390ba1a42fca67481bf3e81c514b40311c7,
50000531,2024,6,0,637b2c8da853bb1832c130f7e3bf70d07d3801190af1b8c77a8346faee3bfbb9,
50000531,2025,164848,2015,371a417547f35e2fffa163133e499716ff7304412a1a0332638db06f64162b2a,
50000532,2010,6,0,637b2c8da853bb1832c130f7e3bf70d07d3801190af1b8c77a8346faee3bfbb9,
50000532,2011,6,0,637b2c8da853bb1832c130f7e3bf70d07d3801190af1b8c77a8346faee3bfbb9,
50000532,2012,6,0,637b2c8da853bb1832c130f7e3bf70d07d3801190af1b8c77a8346faee3bfbb9,
50000532,2013,6,0,637b2c8da853bb1832c130f7e3bf70d07d3801190af1b8c77a8346faee3bfbb9,
50000532,2014,6,0,637b2c8da853bb1832c130f7e3bf70d07d3801190af1b8c77a8346faee3bfbb9,
50000532,2015,6,0,637b2c8da853bb1832c130f7e3bf70d07d3801190af1b8c77a8346faee3bfbb9,
50000532,2016,6,0,637b2c8da853bb1832c130f7e3bf70d07d3801190af1b8c77a8346faee3bfbb9,
50000532,2017,6,0,637b2c8da853bb1832c130f7e3bf70d07d3801190af1b8c77a8346faee3bfbb9,
50000532,2018,6,0,637b2c8da853bb1832c130f7e3bf70d07d3801190af1b8c77a8346faee3bfbb9,
50000532,2019,6,0,637b2c8da853bb1832c130f7e3bf70d07d3801190af1b8c77a8346faee3bfbb9,
50000532,2020,6,0,637b2c8da853bb1832c130f7e3bf70d07d3801190af1b8c77a8346faee3bfbb9,
50000532,2021,6,0,637b2c8da853bb1832c130f7e3bf70d07d3801190af1b8c77a8346faee3bfbb9,
50000532,2022,6,0,637b2c8da853bb1832c130f7e3bf70d07d3801190af1b8c77a8346faee3bfbb9,
50000532,2023,401471,4812,da8e6dda579bcde4d31044d1bccceed0dedf895de2f38f97336060bbe947761d,
50000532,2024,3074759,37077,1a51a83bf5b3986a1aa272c80eb5d3e407cb2843ba31fade7b729158ce9eb6e6,
50000532,2025,6470764,78158,a6125ab5f68f3f15c2fcb8be3ab3fa9a9f8602aafa4a80aabddde944f65bd6c3,
50000533,2010,6,0,637b2c8da853bb1832c130f7e3bf70d07d3801190af1b8c77a8346faee3bfbb9,
50000533,2011,6,0,637b2c8da853bb1832c130f7e3bf70d07d3801190af1b8c77a8346faee3bfbb9,
50000533,2012,6,0,637b2c8da853bb1832c130f7e3bf70d07d3801190af1b8c77a8346faee3bfbb9,
50000533,2013,6,0,637b2c8da853bb1832c130f7e3bf70d07d3801190af1b8c77a8346faee3bfbb9,
50000533,2014,6,0,637b2c8da853bb1832c130f7e3bf70d07d3801190af1b8c77a8346faee3bfbb9,
50000533,2015,6,0,637b2c8da853bb1832c130f7e3bf70d07d3801190af1b8c77a8346faee3bfbb9,
50000533,2016,6,0,637b2c8da853bb1832c130f7e3bf70d07d3801190af1b8c77a8346faee3bfbb9,
50000533,2017,6,0,637b2c8da853bb1832c130f7e3bf70d07d3801190af1b8c77a8346faee3bfbb9,
50000533,2018,6,0,637b2c8da853bb1832c130f7e3bf70d07d3801190af1b8c77a8346faee3bfbb9,
50000533,2019,6,0,637b2c8da853bb1832c130f7e3bf70d07d3801190af1b8c77a8346faee3bfbb9,
50000533,2020,6,0,637b2c8da853bb1832c130f7e3bf70d07d3801190af1b8c77a8346faee3bfbb9,
50000533,2021,6,0,637b2c8da853bb1832c130f7e3bf70d07d3801190af1b8c77a8346faee3bfbb9,
50000533,2022,6,0,637b2c8da853bb1832c130f7e3bf70d07d3801190af1b8c77a8346faee3bfbb9,
50000533,2023,6,0,637b2c8da853bb1832c130f7e3bf70d07d3801190af1b8c77a8346faee3bfbb9,
50000533,2024,6,0,637b2c8da853bb1832c130f7e3bf70d07d3801190af1b8c77a8346faee3bfbb9,
50000533,2025,166428,2015,a93307bd8abe6a51f8ec9f1e6837c9db7b95000a4518ff63ccd41418ec282b56,
50000535,2010,650033,7849,8e2939e24459a93c5d40b4beb3042d7c24d20d70ec7ec1426f14eba1275f3466,
50000535,2011,846966,10218,ad67f3df62d3b774155a843442d8f7a127bdef265c3b93003ab6788aa0f25bdb,
50000535,2012,2909303,35135,839f1d48bfbfd3a5a96b07d65e273d6b0d9064fd3640d3fe20a26b0eff1ed728,
50000535,2013,2887614,34975,c657eae8353992463be52451eeddf9dd56c4c1b56dd1a0e90128ec3e8c4c8feb,
50000535,2014,2889695,35004,3ec0abe6199135474577d6be0290b276f4dffbb711b3dde7698b1e3945fc95dc,
50000535,2015,2874764,34782,d02aaa5317b6e074f34d5b3f9a02f075da93c36a826743ab552206f3a6a786af,
50000535,2016,2868472,34747,367312236db258aff6b69b86d8072fe5e44508e7e3ef27238c8ddd099f80fdf8,
50000535,2017,2880315,34794,aa2b213ddcfa08b2a85b50ca3d1346f334b5e8ee01ceee95d72715c224b66d99,
50000535,2018,2834116,34388,d7ab6d85424fdee0972e7f330eaeea7b04b4ff0313749899bde043861bff1e5b,
50000535,2019,2897403,35033,44aaebde6c2f16f72eb0dc3f4d25ee35fbf39b9ce58d6accdd3cdee3cd4f8801,
50000535,2020,2901298,35124,fb07255e09f38e9b0f657cd76907986458b0e924246305244d8c26a93d0f29c4,
50000535,2021,2824090,34178,2ad9cf80e3fb9f46484ef2be2df0e8332bd29d7ac71b7ca10953b1b856a22615,
50000535,2022,3942196,47893,e1ec8f7eccee2726da162cb1645c35440aca026914fb252f687c4aec932d01b4,
50000535,2023,4350299,52552,d245e144a9a0f524aa6ddc4a4e7c77246ca869130aff822e3fd3daf1b022d20a,
50000535,2024,6,0,637b2c8da853bb1832c130f7e3bf70d07d3801190af1b8c77a8346faee3bfbb9,
50000535,2025,167176,2015,d035b81d244e7e5bd46e0baa52fb3777707228ece26d00ab436545a4faa71071,
50000536,2010,2092264,25229,912d9721f907c3790e3aed61faa9009c19efadc05419ddf2a0d8f7485fa348de,
50000536,2011,2560449,30874,917d09f19235db2776397342de092b29c8a7d48ddd64ffab103c9f935fc05c88,
50000536,2012,2197395,26505,275389997827ee8699b95d2d2795f7b7ee3efa66d9f56247f47542582fa1f015,
50000536,2013,2193587,26471,43e61ebd8dd61adc3e5f2fd9fc7df39bfe2adfa770f2bfa805f635a7172574af,
50000536,2014,2600045,31359,9a135b8205d89f8c2b358d75ec05294769b4687b7758b2f49d33aa8904e74716,
50000536,2015,2598751,31308,23aee65a673b86ebe8a6e8ed4a85be81cff1446d900d1a4ba360de4163f37118,
50000536,2016,2490024,30024,f49d5f9b4be5fe1a082cec6ab07e1647eedd4418c91f9b9c4877dcfeedfd1e7f,
50000536,2017,2832036,34136,883b0afdc3435b9426a52d9609740dc3ad70607e69982a985d34058d9ac0fb4e,
50000536,2018,2902129,35035,d60d4e9dba4eb00bd69edafb9f767f9dba77398549a1031e877d927522727016,
50000536,2019,2905130,35033,e188bef822bffa0a1c854d5f25e5f98475dbbd46ed9333e437156c568661ab75,
50000536,2020,2911821,35122,0a554afd700eb1dce3bdb208779f96cf0ae6a0abbb9ce67f380799e8868e2a22,
50000536,2021,2903189,35031,f092c076ea625442d5f3142d8cfeaba937ba42ee28b407bdac209357a67d48f4,
50000536,2022,3969992,47911,b6db19d2571c303c88f6a2b00a55ddc5a9ce129eb5eea861418522ef45a39704,
50000536,2023,4365304,52558,67bc8121498fb33ca04e7a3a1d710d2faf74d0f02e7e631e75c800e4f47f252c,
50000536,2024,6,0,637b2c8da853bb1832c130f7e3bf70d07d3801190af1b8c77a8346faee3bfbb9,
50000536,2025,179056,2159,01cdf4cc3689637f78d4766d133c14dd2c882ceda20ad762aed6c0c2c7137ba6,
50000537,2010,6,0,637b2c8da853bb1832c130f7e3bf70d07d3801190af1b8c77a8346faee3bfbb9,
50000537,2011,6,0,637b2c8da853bb1832c130f7e3bf70d07d3801190af1b8c77a8346faee3bfbb9,
50000537,2012,6,0,637b2c8da853bb1832c130f7e3bf70d07d3801190af1b8c77a8346faee3bfbb9,
50000537,2013,6,0,637b2c8da853bb1832c130f7e3bf70d07d3801190af1b8c77a8346faee3bfbb9,
50000537,2014,6,0,637b2c8da853bb1832c130f7e3bf70d07d3801190af1b8c77a8346faee3bfbb9,
50000537,2015,6,0,637b2c8da853bb1832c130f7e3bf70d07d3801190af1b8c77a8346faee3bfbb9,
50000537,2016,6,0,637b2c8da853bb1832c130f7e3bf70d07d3801190af1b8c77a8346faee3bfbb9,
50000537,2017,6,0,637b2c8da853bb1832c130f7e3bf70d07d3801190af1b8c77a8346faee3bfbb9,
50000537,2018,6,0,637b2c8da853bb1832c130f7e3bf70d07d3801190af1b8c77a8346faee3bfbb9,
50000537,2019,6,0,637b2c8da853bb1832c130f7e3bf70d07d3801190af1b8c77a8346faee3bfbb9,
50000537,2020,6,0,637b2c8da853bb1832c130f7e3bf70d07d3801190af1b8c77a8346faee3bfbb9,
50000537,2021,6,0,637b2c8da853bb1832c130f7e3bf70d07d3801190af1b8c77a8346faee3bfbb9,
50000537,2022,6,0,637b2c8da853bb1832c130f7e3bf70d07d3801190af1b8c77a8346faee3bfbb9,
50000537,2023,6,0,637b2c8da853bb1832c130f7e3bf70d07d3801190af1b8c77a8346faee3bfbb9,
50000537,2024,6,0,637b2c8da853bb1832c130f7e3bf70d07d3801190af1b8c77a8346faee3bfbb9,
50000537,2025,165124,2015,a26a769aaae65f50e012ce8579c7e9522c1cbfd6686f6576a6a07ba0b1cb0195,
51000679,2010,6,0,637b2c8da853bb1832c130f7e3bf70d07d3801190af1b8c77a8346faee3bfbb9,
51000679,2011,6,0,637b2c8da853bb1832c130f7e3bf70d07d3801190af1b8c77a8346faee3bfbb9,
51000679,2012,6,0,637b2c8da853bb1832c130f7e3bf70d07d3801190af1b8c77a8346faee3bfbb9,
51000679,2013,6,0,637b2c8da853bb1832c130f7e3bf70d07d3801190af1b8c77a8346faee3bfbb9,
51000679,2014,6,0,637b2c8da853bb1832c130f7e3bf70d07d3801190af1b8c77a8346faee3bfbb9,
51000679,2015,6,0,637b2c8da853bb1832c130f7e3bf70d07d3801190af1b8c77a8346faee3bfbb9,
51000679,2016,6,0,637b2c8da853bb1832c130f7e3bf70d07d3801190af1b8c77a8346faee3bfbb9,
51000679,2017,6,0,637b2c8da853bb1832c130f7e3bf70d07d3801190af1b8c77a8346faee3bfbb9,
51000679,2018,376517,4564,aed8850acbfcd494b75e356bdbbfbe0d382fa0fd878ef88395b64e4d9a6264cc,
51000679,2019,2892216,35035,14914580b894a581190e73b6f29e362a07bd66e4535ecde574e87b0a9870a9ad,
51000679,2020,2893416,35100,c332dd8eb5a967270d6a01d015fe7bf74280d9f1dfaec8086ba6d948f11ce3a9,
51000679,2021,2889100,35035,dfaba6aec391e4d36249caedc05ab2a1469c1c758e59f4d79ddf2606911d43fc,
51000679,2022,3962709,48217,c0eca2db38eb1f572f715edc3df555ae821cb8676585c2b1b5693a829bdc11e1,
51000679,2023,4341148,52555,79ce9a4dfbb331feb46410dbf74b9e851d2f87831d4a53c2fab768ee00478ac8,
51000679,2024,6,0,637b2c8da853bb1832c130f7e3bf70d07d3801190af1b8c77a8346faee3bfbb9,
51000679,2025,6,0,637b2c8da853bb1832c130f7e3bf70d07d3801190af1b8c77a8346faee3bfbb9,
51000680,2010,6,0,637b2c8da853bb1832c130f7e3bf70d07d3801190af1b8c77a8346faee3bfbb9,
51000680,2011,855269,10326,7465a677cf428cf51e3d373d8e8c04731213f52cdba5b81b210b7021f3ce69d0,
51000680,2012,2890844,35105,9577440fababff3aebd395fda84f2dfefb952025eb21a4d24a82c52dc5e8b8b6,
51000680,2013,2845495,34574,239d0d060a666f384c8f0507ac62afb8bc3c0f3e4f550f16950d2a142204d94e,
51000680,2014,2882978,35038,7d5ef46407b4c5933202cfacb590cb0d2f525def3bb426ce818c42dc142579fa,
51000680,2015,2664976,32371,72e70e596f0b44cc8ce909cebaf48e2f041bcdee7dfa8060c9df9b41153c2258,
51000680,2016,2817636,34202,3759a9168c4edc030b744e55677191b057d1a7b42e1d7c1117c1376468a67641,
51000680,2017,2888893,35014,867f7d1a2eb75183a6da0af2c2a91efca5cb03a7c10b6d6f338113f67a8d4640,
51000680,2018,2873846,35035,7496bc54fc65b22af1ab82622a25d7660d2981aa897f263400bb392d0e02a031,
51000680,2019,2884399,35035,dbbe29207305b91372984ed7dcce4aea364fbfb3206ce63c2100835211947520,
51000680,2020,2861428,34869,d09a20138cc6881cac1c6a03f9306e515a88c928330fba8b66b1cc4055af6427,
51000680,2021,2879454,35032,1fa283a597f60fddd3767d50304cd94cfdce6336b4cdd51646160a714a8f0713,
51000680,2022,3801794,46320,12379658bbd82d9d7f49f753aae4b86d2b666183bce70552f79e502010bb77c4,
51000680,2023,4332432,52559,0f7703defe4abed0c7abce2d1e59afc201e7f53b7dea086070a422dc45b17ab6,
51000680,2024,6,0,637b2c8da853bb1832c130f7e3bf70d07d3801190af1b8c77a8346faee3bfbb9,
51000680,2025,6,0,637b2c8da853bb1832c130f7e3bf70d07d3801190af1b8c77a8346faee3bfbb9,
51000681,2010,6,0,637b2c8da853bb1832c130f7e3bf70d07d3801190af1b8c77a8346faee3bfbb9,
51000681,2011,6,0,637b2c8da853bb1832c130f7e3bf70d07d3801190af1b8c77a8346faee3bfbb9,
51000681,2012,6,0,637b2c8da853bb1832c130f7e3bf70d07d3801190af1b8c77a8346faee3bfbb9,
51000681,2013,6,0,637b2c8da853bb1832c130f7e3bf70d07d3801190af1b8c77a8346faee3bfbb9,
51000681,2014,6,0,637b2c8da853bb1832c130f7e3bf70d07d3801190af1b8c77a8346faee3bfbb9,
51000681,2015,6,0,637b2c8da853bb1832c130f7e3bf70d07d3801190af1b8c77a8346faee3bfbb9,
51000681,2016,6,0,637b2c8da853bb1832c130f7e3bf70d07d3801190af1b8c77a8346faee3bfbb9,
51000681,2017,6,0,637b2c8da853bb1832c130f7e3bf70d07d3801190af1b8c77a8346faee3bfbb9,
51000681,2018,6,0,637b2c8da853bb1832c130f7e3bf70d07d3801190af1b8c77a8346faee3bfbb9,
51000681,2019,6,0,637b2c8da853bb1832c130f7e3bf70d07d3801190af1b8c77a8346faee3bfbb9,
51000681,2020,6,0,637b2c8da853bb1832c130f7e3bf70d07d3801190af1b8c77a8346faee3bfbb9,
51000681,2021,6,0,637b2c8da853bb1832c130f7e3bf70d07d3801190af1b8c77a8346faee3bfbb9,
51000681,2022,6,0,637b2c8da853bb1832c130f7e3bf70d07d3801190af1b8c77a8346faee3bfbb9,
51000681,2023,6,0,637b2c8da853bb1832c130f7e3bf70d07d3801190af1b8c77a8346faee3bfbb9,
51000681,2024,4654100,55713,602e37bbf0bfb62f89120972cee7a78f6210f6a729fe44a3f2815dfef10bab14,
51000681,2025,8698801,105110,5b98d8faf045d45e9ec02514ff302e136966722ab6e3764e0340f7b61394e4db,
51000682,2010,1457178,17517,0cc2facc3ba1b6a15542f8f5dd4c9ce294dbbebd680ac2368c170efa9dd43307,
51000682,2011,2864333,34475,d1b64393e43949d906691e65df8f3b9e7e7d705437124d060cdf3bc14fe32874,
51000682,2012,1516577,18262,5cc213c629536872bf18d53c693f055cf376539c59898d375d1eb394ef415cb4,
51000682,2013,1214644,14633,ecb17c79faa3ac51627c55a311a7e13a5450a7b1cc4cd9bea8b688c1e90de29d,
51000682,2014,1349596,16245,55b6b3334ac614bf56db5db7e113a48716901345a802a29b10cff99067293d2b,
51000682,2015,1501751,18042,9da7dcc16799fa4c842abf0cef943e6e789d955386aa78e27b87bf7b8e2a42b1,
51000682,2016,1400077,16838,b9f0d4576fa86cb1521b27609e5ad0540f631577d3da67615dee2e119dba8f5f,
51000682,2017,2183010,26255,48f4f9f067a73ce81846411fdcd2ef74d6b93f645168d2ae375e3a566da5e1db,
51000682,2018,2898176,35033,99b0a591d77008eac979ca174fd0f9886c15f7c18d29d2a241657758849df6de,
51000682,2019,2906621,35031,6eb6b1d33299a6173c9d2cec82357c006f8424385858210dde96c264aab486d0,
51000682,2020,2906404,35122,115c0a62bc6a15ae85cffd1a9bb75d87fa4fa6e859d0a9d3de5f8f7b64464ba5,
51000682,2021,2901402,35036,6983a28a198d13aeed45e4950fc500e835cc9126a24f51553480fe51380f5fd6,
51000682,2022,3988487,48220,2abeb0b70149a0153f0988d73a9e4ac78c7690513d81cded8d1169f30355d85f,
51000682,2023,4368875,52558,a4f92339823fbcadc25d94c530956cd517432117c0fa66def88a1e39d5d69b92,
51000682,2024,6,0,637b2c8da853bb1832c130f7e3bf70d07d3801190af1b8c77a8346faee3bfbb9,
51000682,2025,3149648,38054,8350a4473305959e2eddea4571664590e1b9fd3f88c69ab0dd4580a3dd4e5ca9,
51000683,2010,1556377,18819,3b49501e06b71b00eb6bf57734586a9dc3b06ec44112f5243b21262b1b0d1144,
51000683,2011,1556154,18806,9054e0aae8d2951fa6649030bb79e2dd4f9baf3f8a29cddfa616c3b1fa18366c,
51000683,2012,1413470,17121,236d2761918e30e14cdd82d12df189c2511add85f2a2acc0eafcaba3ce058d47,
51000683,2013,1132823,13726,c7ee1ab685b5e8d046f868d4a7f4019c5bf9d3ae5d0c0947ecea8d5050538e03,
51000683,2014,1254498,15207,2fbff2c2cd7a12162eaf60cbf8f808b415fa749b6242765cffd172ecca631726,
51000683,2015,1302123,15759,00bb7946f455a35863316a00eff9f600c3971abe777b3990ce246e51c4ba930f,
51000683,2016,1372784,16595,892f6ccc89eef62802fb983dca742cfb5e79764c146a5ffcd16a2b3b345de2ec,
51000683,2017,2894979,35022,fce8679cceb8f4aa524df927ea09d28741d1e91f9011198d4c9369217f856916,
51000683,2018,2884250,35034,815aedf6683ab19f9df9092ac71c83637279e3401c8f6220db1fc63c4c39b910,
51000683,2019,2889929,35027,19b790a0154d9921701aa4f4819bdf0ed951bc213d3ad983fc4259639280c978,
51000683,2020,2874572,34900,b629b01482e05a9d10363f484f18c6c90be317f5e568949e5a26bbaf6d69d272,
51000683,2021,2886157,35035,ae041c0f137d0fd0292fb9f2cc54ae8586db3e9f88d1a64dee04d826b6e3a9e1,
51000683,2022,3975535,48342,ad3cd602f28b288fdc09865690fe152524222777671b560122d202f5a426de10,
51000683,2023,4328497,52490,82624e5d5fa218f626c8342d7860daa41e9dd1a4f60525b22a348453701ae8b9,
51000683,2024,6,0,637b2c8da853bb1832c130f7e3bf70d07d3801190af1b8c77a8346faee3bfbb9,
51000683,2025,3118130,37889,ef4129b5339eb70eb62d018af8a675abbfd45181833c9d203d49ea45a759df4d,
51000684,2010,6,0,637b2c8da853bb1832c130f7e3bf70d07d3801190af1b8c77a8346faee3bfbb9,
51000684,2011,6,0,637b2c8da853bb1832c130f7e3bf70d07d3801190af1b8c77a8346faee3bfbb9,
51000684,2012,6,0,637b2c8da853bb1832c130f7e3bf70d07d3801190af1b8c77a8346faee3bfbb9,
51000684,2013,6,0,637b2c8da853bb1832c130f7e3bf70d07d3801190af1b8c77a8346faee3bfbb9,
51000684,2014,6,0,637b2c8da853bb1832c130f7e3bf70d07d3801190af1b8c77a8346faee3bfbb9,
51000684,2015,6,0,637b2c8da853bb1832c130f7e3bf70d07d3801190af1b8c77a8346faee3bfbb9,
51000684,2016,90882,1108,8bd5a095f0537b77a6ef42bf7bba496a8523a8e25f8ca5e7c1ecbc028ac460fc,
51000684,2017,2872403,35022,80b60a83f64698794c77e7a8b15e64196001693cf5d7db3f7609aad1b1ddd9bc,
51000684,2018,2860370,35034,83a94dc563396d63d7a0e8fc616f82d653bcc527faf8a627e70ba00e8b5add32,
51000684,2019,2862404,35032,f36277f07f0ef08dc4700054767fb29067d56446087b2cd6ea0f4f1cd91df519,
51000684,2020,2869987,35105,10ce0aee82dabdc8819d5a193f21f8d4fc358770c1e805c76beac13d5e9c9144,
51000684,2021,2856701,35014,508d5e0aa082eb0c2dc5da599769ace0c3fb5b6f1558236117795b3058ec23a7,
51000684,2022,3915501,48100,0bed673c25d306bf7588108fdf9799ff31506d8cf3066939212cc41301168f2e,
51000684,2023,4300210,52557,ec8bdfdce9042196a30d144aa31a3e3b2cf82e78b9a00a98f71896097f999bc6,
51000684,2024,6,0,637b2c8da853bb1832c130f7e3bf70d07d3801190af1b8c77a8346faee3bfbb9,
51000684,2025,3071529,37665,f37a1edef953830064af9e9735e8d3eb3edda01ec3dd0caeca9ceab74da6bacc,
51000685,2010,6,0,637b2c8da853bb1832c130f7e3bf70d07d3801190af1b8c77a8346faee3bfbb9,
51000685,2011,30075,365,9f39832230c7e0742218ee495cf0f3031ac74128b2eeaf36142595231a59e8f5,
51000685,2012,30142,366,a7ae78773536798495dc2099e83e5c408a736e2daa282732e311c72f3b3acc4c,
51000685,2013,30007,365,f2fc1f0f6050e4d70f7a03cd67183b0b47e854f085b2f88a60b14b061ef08c6f,
51000685,2014,6,0,637b2c8da853bb1832c130f7e3bf70d07d3801190af1b8c77a8346faee3bfbb9,
51000685,2015,6,0,637b2c8da853bb1832c130f7e3bf70d07d3801190af1b8c77a8346faee3bfbb9,
51000685,2016,6,0,637b2c8da853bb1832c130f7e3bf70d07d3801190af1b8c77a8346faee3bfbb9,
51000685,2017,6,0,637b2c8da853bb1832c130f7e3bf70d07d3801190af1b8c77a8346faee3bfbb9,
51000685,2018,6,0,637b2c8da853bb1832c130f7e3bf70d07d3801190af1b8c77a8346faee3bfbb9,
51000685,2019,6,0,637b2c8da853bb1832c130f7e3bf70d07d3801190af1b8c77a8346faee3bfbb9,
51000685,2020,6,0,637b2c8da853bb1832c130f7e3bf70d07d3801190af1b8c77a8346faee3bfbb9,
51000685,2021,6,0,637b2c8da853bb1832c130f7e3bf70d07d3801190af1b8c77a8346faee3bfbb9,
51000685,2022,6,0,637b2c8da853bb1832c130f7e3bf70d07d3801190af1b8c77a8346faee3bfbb9,
51000685,2023,6,0,637b2c8da853bb1832c130f7e3bf70d07d3801190af1b8c77a8346faee3bfbb9,
51000685,2024,6,0,637b2c8da853bb1832c130f7e3bf70d07d3801190af1b8c77a8346faee3bfbb9,
51000685,2025,6,0,637b2c8da853bb1832c130f7e3bf70d07d3801190af1b8c77a8346faee3bfbb9,
51000686,2010,6,0,637b2c8da853bb1832c130f7e3bf70d07d3801190af1b8c77a8346faee3bfbb9,
51000686,2011,6,0,637b2c8da853bb1832c130f7e3bf70d07d3801190af1b8c77a8346faee3bfbb9,
51000686,2012,6,0,637b2c8da853bb1832c130f7e3bf70d07d3801190af1b8c77a8346faee3bfbb9,
51000686,2013,6,0,637b2c8da853bb1832c130f7e3bf70d07d3801190af1b8c77a8346faee3bfbb9,
51000686,2014,6,0,637b2c8da853bb1832c130f7e3bf70d07d3801190af1b8c77a8346faee3bfbb9,
51000686,2015,6,0,637b2c8da853bb1832c130f7e3bf70d07d3801190af1b8c77a8346faee3bfbb9,
51000686,2016,90630,1106,5c8e59369f76273e47c8f3319e08ff4476fe024b9835abe434d9fa637349154a,
51000686,2017,2860620,35024,1cfaf72ebeba2e5f1f64883c27c9848fbb9eca0dc51834b5bcb572f2f4595bab,
51000686,2018,2795616,34372,6fb445a22301b046b423589551a5b1db580a5e4cc1c113d0d92351640e6df265,
51000686,2019,2718788,33353,644f34d68dd71734168d73bc4292cf3e610758c0b4f2c4557df71c8b9f2921ca,
51000686,2020,2855674,35098,5d922280ee0109178eb42de37451026d2619252118f7c0d45657b65f66585105,
51000686,2021,2842983,34992,79108d11fa4a3d46ac7af8f921ebd2bbf37d86b834256b5cdd29fafc97dbd64f,
51000686,2022,3835246,47203,83bc3b5986f9a7a8c70573ab87b9ef7752a7d91e532d0dc0d29a7156a604778b,
51000686,2023,4268912,52428,5bcbbaa1329e76f534c1c27df15452b1b3304ccf404e77975d09a657c15b5dee,
51000686,2024,6,0,637b2c8da853bb1832c130f7e3bf70d07d3801190af1b8c77a8346faee3bfbb9,
51000686,2025,3070035,37792,f554d92e21ad8fcde770cdc45f033a7349862753f23bfaa486072624497d6200,
52000079,2010,433118,5245,417eaa52713cc96b1a002aaaa12d8402ecdb4632dfec65d77d06f4ec9d30d0b4,
52000079,2011,402987,4874,6fbb566686b1baf8a27105078df2ce5d656d0921f5cae4c5acfba1a630184203,
52000079,2012,466814,5664,4c21e0c223b0abfab60bb301ceb3673aa6cd988caca165ff8f2a718392f8fceb,
52000079,2013,495038,6016,84e4d72f90e0ccfc0617c1a643adc8b0dbab23c72c76e0619bd9cf36f75044b4,
52000079,2014,464561,5632,be59591e38330c72b0a42d4489ae433302d2cfe1806b17e625f32c1766fd23bb,
52000079,2015,642716,7794,beaa94c083ab9f17f54f1c41db05d0933fad6d179cfaf496a917c4cb0d9f1398,
52000079,2016,631001,7632,3acb0c6ecee9bf816fbadf141f79336d1097b9c62b078781de239c25fb4cded5,
52000079,2017,2886909,35023,6a3655b28dbe179eb961aa14b33ce3e9f3547941f1b73257f9917e4a0abb1367,
52000079,2018,2869472,35033,d56fd27a680743efb92ddca102a5da01c74c0ec0dd76c67af6e40ec88a1c505f,
52000079,2019,2758335,33514,ae67a02438b4f7d39ba0e524d23048c3f317121fccd88d4a6b7bb4b50f926f45,
52000079,2020,2748255,33550,58a3b7b893c91e3d69ce64995bbdeb5964ac98d49fb5830861c66e35c43a8aa1,
52000079,2021,2865171,35032,c99b6a8aa6da065785864add9e74ba7dae7c596f3ac533138a5e1cca441f51d0,
52000079,2022,3899785,47928,d02fa9f70f62ba742d4bee48e3ed3ee0b1faca45daa187f2618afdf47016f99a,
52000079,2023,4317241,52557,b319ba67a9eb971cf919e7538a7b25a06edf0c6dd6cb7fcb5c54e7a8bb6d97dc,
52000079,2024,6,0,637b2c8da853bb1832c130f7e3bf70d07d3801190af1b8c77a8346faee3bfbb9,
52000079,2025,3072767,37748,2bc5e12f580260a5a7fbd73330fb3d688230c5032344c1ed794b614a8cf743be,
52000092,2010,1492567,18066,957337700553332f39afeba676e4dcdb35ea75e4b71e2bb271307e92a9413152,
52000092,2011,1379254,16657,3e51fae7266b3ef2426f2fee8c996948f8f1f13924cdddf47f2cef7ad155cf9b,
52000092,2012,1602371,19399,e36a73a1ce56cd24e43e0b344d1121570eddc7975a664ebd30f8bc534e6c6e07,
52000092,2013,1621071,19688,33c42515500914d02fc507798e5406d6494d1bb29c485df982a40112d9bbdffe,
52000092,2014,2883909,35039,794bcc92ca6ceb6bfb5a2fbb8db96936d49fbce7f20ccb6a744854c141b4aba4,
52000092,2015,2880041,34940,a0a7c37c4149b65f2ebd4f571e01c91524b73616727137e9f61a7d2a4a4f8003,
52000092,2016,2898037,35136,868eba0248822c4113b3d7c4cf881e96e42588ffae4f4d42bec2f07719442c7d,
52000092,2017,2587507,31377,bc00b205be3ee8115fef771433d6277d066f90775e2ac949cc33d18b1e9c9f60,
52000092,2018,2880906,35029,24d331cf3a6a5f2591d1fa7bcf27c1201e4cd09c9e52a9332b03dae4cefb3b9e,
52000092,2019,2883815,35031,1a561e7525d1c8a680869f9da9fc2724929b83a7117b3bd4f6d1e7d1dc8eefed,
52000092,2020,2887547,35109,7d3772ea1557f9dc5d3835f62ee58c2ad2cbb19f33853a84eb8fedd9cec6bd6d,
52000092,2021,2880421,35035,2165b878e5d4254c381a1830e489c8eda8d98d7bfc591e636a2cb72001c49870,
52000092,2022,3934324,47922,4f696a1457417b5a42ed02c259216e49925771fc3fb04366a13a5c390ed3eef5,
52000092,2023,4331945,52557,ae2963757ae069e3c71df1a206b6b0eeb11bb8a552cda1e8132400c3b9842b94,
52000092,2024,6,0,637b2c8da853bb1832c130f7e3bf70d07d3801190af1b8c77a8346faee3bfbb9,
52000092,2025,6,0,637b2c8da853bb1832c130f7e3bf70d07d3801190af1b8c77a8346faee3bfbb9,
52000151,2010,1627991,19606,449d7e2e8f51ddb801b9510741377604ae8d978f216523e7051c2c8a508a14f5,
52000151,2011,1761998,21199,09be87d11d3a7d9867b3935685ef42fcd69e9dfde5fcb679d234b64f896421fe,
52000151,2012,1739499,20950,f466f380249b9a98a9f0017787195057cf0fb3b8b1e8983d705c3908e016807b,
52000151,2013,1493962,18026,0ad4fa53490a26d64aa272076e5cc68b9e21ea8c9e64c8d6512de99e48657743,
52000151,2014,1333353,16065,f4baa69b2a1c632802768fbd86ae53744acfad6620fb1fa4ef11d37b67c60d26,
52000151,2015,1552504,18659,901b9c5b2de51df623f631c9aa7b625f4a3bfc1c5f7e94903cc4cde0bd48c3cf,
52000151,2016,1324285,15948,70ecdc0469d919f739750ad950369a4fbfbbc10bdba2921e0a359fb80de8c827,
52000151,2017,2898112,34930,cc75036a74bbbad182ba6f70fcacdc44a52f219672be640e10bd99c48c2f31e5,
52000151,2018,2897323,35027,7df868ad9d8649f66c373eb78f7692a3573f4f8a16e3d8a5502229421a6e9ddb,
52000151,2019,2902229,35014,f13e07ab5eab4bddc4caa2d9a4d8ff96babb7958ad8fe9e2c42b2264bc08e125,
52000151,2020,2911132,35116,5e2fe7275df8708c01dd7954d66cb12be7d5579ca72e4a67afc91f3f9c8978f2,
52000151,2021,2126303,25667,24add81a3d2c6219e7649d28fe2b906c1c9c9cc81d033fb55d94c1aff2c272e9,
52000151,2022,3888432,47012,645ce70874d2a018906a692fdd9decb4be52b8369ace2259cf0a5cf6ce70b10b,
52000151,2023,4362176,52553,980f42eea20019134686e620ab90c6b54bef0fb2864391c3a117264a872d498d,
52000151,2024,6,0,637b2c8da853bb1832c130f7e3bf70d07d3801190af1b8c77a8346faee3bfbb9,
52000151,2025,3127469,37839,14589bafacc2d131b40d6411b3fda11a0bbe223adc7fec71c50864b6c8dc1cf2,
52000197,2010,2348330,28741,6da8d1ce53f7eaa8b9ba5ed587d25462748d7887240fd60620f718d92d465bab,
52000197,2011,1398291,17068,0eee345c3e2907f4441df7035b1284f778aaea82dbe70526dde516f4e0125eeb,
52000197,2012,883409,10841,26214d9006bdb48ea6f20086ab2ddaac65707a9b0c5ab1145f0b050cfaff73b1,
52000197,2013,694248,8543,71bfb54b6305442a228dd2466ec3990afe0c69b89f9e803a9a5512955c7d6e6e,
52000197,2014,773922,9505,9b83b403722bb3649979fe92aa297f68820fd1bd2b739cdc266695bd4f059b0d,
52000197,2015,858736,10539,ed748869d500f7727942280668fbefd11dc4aadaa8a467803f292f3b7c3686d3,
52000197,2016,2113922,26038,4c8444d02aa2429e05e6e900b841fa5d926b2093de09d00b17ea0eda9f6ee7d7,
52000197,2017,2794535,34307,8a301940431fcbca0f2c8131576cd8c761def264d828e315dc9c3d39ad67b8dd,
52000197,2018,2841306,35027,b9b1911a7cabcbdb4a5c1acc8f051b02c39ed0c3c9773cd7aac80ca26c85b87d,
52000197,2019,2840659,34934,e47186f833b59d73dca36272c4f223500025f9ee651bcb78e50a7b9ed1b6a927,
52000197,2020,2852303,35112,e897fa00911bb38a5ada942a8b398c72991a4518cda0ec2030812e49e49353c9,
52000197,2021,2844637,35035,dd7daf736502805bd06f5969961313f8c0556c666acade0c14069273eea50073,
52000197,2022,3698536,45666,c77df855b77094aef0f6c35e6b118090949a11914984ce9f44410bcfbd1458df,
52000197,2023,4279945,52552,0ebbb18e468275e9e98c254d13a29f93a88c6fedad05e85bb77d120eec63a013,
52000197,2024,6,0,637b2c8da853bb1832c130f7e3bf70d07d3801190af1b8c77a8346faee3bfbb9,
52000197,2025,6,0,637b2c8da853bb1832c130f7e3bf70d07d3801190af1b8c77a8346faee3bfbb9,
52000247,2010,1426743,17192,05e93d76069d1a6a8485217b852e2f3f91d5970fd4a89a4f847a4ef8c06c475f,
52000247,2011,1644323,19832,7cc881381d0e2911828938be174916b0ba97e81a5b212bff1d6a89c7a4c81442,
52000247,2012,1760940,21230,8375a7e441ba7dd6a72693c20a2e52d31c337dcc93cf930d2286a2cc8006b704,
52000247,2013,1645867,19859,4f74c50befc54d024118defe5d99fbd79d83681dcad3f7067adb7f3186e26569,
52000247,2014,950438,11452,86c36cac3cc9d6118efebb9026b1f448b29ca6a8b5717a1c149b759f2f6aba0a,
52000247,2015,1188981,14315,21a6dba220d0d53337a5091eea92732baaf72a4568f15066b02abbd370504394,
52000247,2016,1179859,14197,2d745fca3745737b9b3585e7f2a756c358549c1ad9d966ab0c453950b38f46d9,
52000247,2017,2572682,30946,b849d93a1951905a1b067baffa3eaeafd16232ac29e4ba0a92b5a9f2a39778e8,
52000247,2018,2906176,35035,9deb2da20cd8b26a7db32ff2701d2963c1f95d778611c9e10db7385a3c90ec49,
52000247,2019,2903606,35033,c46873369d0cc6ec4d9b282bac8f31fdd58d247adea6c0ecb9bd310f0cecc9d5,
52000247,2020,2911666,35123,5a0314f7376e8c89bf56a1b3218cf996b655f1c9bfd331580818d90beb082079,
52000247,2021,2902531,35031,045f59cbeded94cc6dc6b510f7e1aac192db5fba8fa2f552828d67ed6de25880,
52000247,2022,3972217,47924,2bfb93a2fa5733f0ec990d36e580a499778a2cf1964c35b808845dd731a43a22,
52000247,2023,4361644,52559,91d634265eb8de60f18acce96b473ff144cd46d365560d2cd284145b95f058ea,
52000247,2024,6,0,637b2c8da853bb1832c130f7e3bf70d07d3801190af1b8c77a8346faee3bfbb9,
52000247,2025,3131828,37827,df1bf00dee17078d58cb5b3ba0e439595ed4dc5cbbfaee722272ce52c9170fc2,
52000794,2010,6,0,637b2c8da853bb1832c130f7e3bf70d07d3801190af1b8c77a8346faee3bfbb9,
52000794,2011,6,0,637b2c8da853bb1832c130f7e3bf70d07d3801190af1b8c77a8346faee3bfbb9,
52000794,2012,6,0,637b2c8da853bb1832c130f7e3bf70d07d3801190af1b8c77a8346faee3bfbb9,
52000794,2013,6,0,637b2c8da853bb1832c130f7e3bf70d07d3801190af1b8c77a8346faee3bfbb9,
52000794,2014,6,0,637b2c8da853bb1832c130f7e3bf70d07d3801190af1b8c77a8346faee3bfbb9,
52000794,2015,6,0,637b2c8da853bb1832c130f7e3bf70d07d3801190af1b8c77a8346faee3bfbb9,
52000794,2016,6,0,637b2c8da853bb1832c130f7e3bf70d07d3801190af1b8c77a8346faee3bfbb9,
52000794,2017,6,0,637b2c8da853bb1832c130f7e3bf70d07d3801190af1b8c77a8346faee3bfbb9,
52000794,2018,6,0,637b2c8da853bb1832c130f7e3bf70d07d3801190af1b8c77a8346faee3bfbb9,
52000794,2019,6,0,637b2c8da853bb1832c130f7e3bf70d07d3801190af1b8c77a8346faee3bfbb9,
52000794,2020,6,0,637b2c8da853bb1832c130f7e3bf70d07d3801190af1b8c77a8346faee3bfbb9,
52000794,2021,6,0,637b2c8da853bb1832c130f7e3bf70d07d3801190af1b8c77a8346faee3bfbb9,
52000794,2022,6,0,637b2c8da853bb1832c130f7e3bf70d07d3801190af1b8c77a8346faee3bfbb9,
52000794,2023,6,0,637b2c8da853bb1832c130f7e3bf70d07d3801190af1b8c77a8346faee3bfbb9,
52000794,2024,1543394,18578,c614efc0e575bd47f3960ecbfa426fc1fb38c2ed070cee78cecd0ef84ea22440,
52000794,2025,2906569,35039,1f33d9ee9055a25c1eaba0cf2d12882825f8d2b75e2cdcb4f0dcb1867a3d1b30,
52000795,2010,2427302,29372,4813860d8f703067c0d60bcb90192868a73a51be80c89c733caee5c1214842d6,
52000795,2011,2889145,34892,868df549dda51a2201942a42e8446d418b0e796ec43be7c40610e444e3aa21eb,
52000795,2012,689943,8342,569d721beffc021236fea3da5914256e936992e9940ef364fb7ce75f2736b591,
52000795,2013,429503,5232,5a09715e20285d9a97fa1495f1a75b07acbde5fd5f080e99efab3bd18e938f7a,
52000795,2014,589386,7140,9069340f7d458b2779d33d7054a290908ef8870c92e70fca34fd1c027d6d637c,
52000795,2015,610379,7375,3240782cf116390d57779eb4302606760559b49c1665e72750608af2c457823e,
52000795,2016,556800,6739,8c810e0a90860d992c928c2b9387e4151d93d8b3c2c8a0318770fc3f44328127,
52000795,2017,2221142,26896,adb33307cbf94941b80ca87c41d50de44d9ec86a33f8bc5a1b36a0c986a1415d,
52000795,2018,2868771,35036,3f967ab16cfe5e4c8b4d57df2184658824f9882c8ff198aa523653bdc0652ee0,
52000795,2019,2887352,35030,7dd16e61cad43ae1376ae805f4d4a0541069b1f882993e650ad6518e650b4343,
52000795,2020,2875753,34967,a8597edf706f37a0b6c7009274eebff6de9ca375fdf78f18e552f9de76e8023f,
52000795,2021,2857515,34716,a56620ec19d8205efc790526a9a629fe310be6c944aea458908a405cc94c3858,
52000795,2022,3883211,47353,b0394b463493ec3d8e168cf997d848d07efd64370ddcabfd3d48f2d97df7ca05,
52000795,2023,4333549,52554,7afb1c95c01b5ad066cf73e7da1b54a17fdc007a014415c2e2b20a1f7b3c695f,
52000795,2024,6,0,637b2c8da853bb1832c130f7e3bf70d07d3801190af1b8c77a8346faee3bfbb9,
52000795,2025,3093198,37696,0642209a356959ecc259f537e64330fb7f0bde187765a1d2802f80b57be0a6fa,
52000812,2010,975086,11686,1450387b1c85f712688591f21a6efe28fb92dc8a3d210febc5d453c02fc00841,
52000812,2011,1029625,12352,cd8c7b960d9e281039d77f867e9d347a293b0612b4878b8cf95eefaa2136de82,
52000812,2012,942830,11337,f9d22c5dfa22c3de493c6e63e6bd37644b255a32f3952bc6721154c0b30d34a8,
52000812,2013,1706359,20635,1bf1a0b2402699c882f5972d3a1c0be61b6fd91da3d31595f061000ff7a5df62,
52000812,2014,2925321,35292,f01348e7623969b29ccae4b3cd30ff14a7fe184958888b9e209fea0b84822e46,
52000812,2015,2908752,35040,f524ead06a3331c500c4f80efec16ab21b54fb33e13388468f2fe3b49f82f820,
52000812,2016,1771574,21262,e973624f750e072a5221df73fc08d511ca79aaf2bb28a983054e4ae11ca70491,
52000812,2017,2281539,27389,540cf62a8b40c5d75961b72aad6779aeb22f874a5625a00c44f962732d26ae74,
52000812,2018,2454037,29665,f2f8f79fe37d4a1b7db6c2015c65e01a0ba7408732ff48b68e61c4403b638171,
52000812,2019,2905529,35032,5cf9ff13660082a007ce032dc84cb830d27a9e8acdeb00f6fd40569b275cd2a4,
52000812,2020,2905170,35106,9ae6cae38362d8b4acd9a6ae56f518ed9bb2eed75cfa46972e7bfd6df61c5580,
52000812,2021,2885148,34845,8522c5db13769c8eec44b3145a107e8186bd10e20d43e3667c8ba7d02e89e7bd,
52000812,2022,3955501,47797,8abab11624e9691f04df87cbf41d6d0993b03b43fa3989991f9aebb26ed4b8da,
52000812,2023,4359451,52559,04351663a439f4fbae07c1cb3630a46c27919b8159824b22af51964151f13557,
52000812,2024,6,0,637b2c8da853bb1832c130f7e3bf70d07d3801190af1b8c77a8346faee3bfbb9,
52000812,2025,6,0,637b2c8da853bb1832c130f7e3bf70d07d3801190af1b8c77a8346faee3bfbb9,
52000850,2010,1756517,21380,4608a2360fc5ca4ee1cd3696f963963a50e20458550423e94e7d605afc0ecdc9,
52000850,2011,2395425,29118,b717cfe3e51711e7385a254d5dff21a1e48db49f55ed653105de147b4dba0ce6,
52000850,2012,2834669,34565,b1302d3b8ef874a9759031942a971e731b330513c84f7cd571be172fd5da63c6,
52000850,2013,2863727,34943,89e44edd69521e0cca12151ad52fbcfc4446aae575cc3d212a2721954e8699f1,
52000850,2014,2871325,34991,269e29303bc15efa8e27a97e3ca771d0f79a5dc01d757f9e6d8d664ab175c645,
52000850,2015,2868647,34886,8a73d8f8e87d836c8ce0ceaeab12439ebd7a77d9482c9c701d87c193ce3c1655,
52000850,2016,2826447,34398,9e9343b547394b83215b9342612dde739f0374053a2578f8a523365351ebf3ed,
52000850,2017,2882740,35023,e33faa7905c55001d3196d81da0251ece1341cef8c9c053fe754a7c9c73c6d68,
52000850,2018,2872135,35036,35dc1fd519d128688dbbd995c9fa25e9e33cec7fc5804dae5ba58c7c6f767f54,
52000850,2019,2875486,35034,bdd3b22c69e859c9ea945522dcdfc1040e3055ec38e677f68be02995667b2122,
52000850,2020,2880619,35125,9a7b72ecfb38f18d69c866332c6cfb88d04d282bdd0d4ac71bb948c2a3408877,
52000850,2021,2872995,35032,04ead42c5b1312553266122e79cf0579f013f94fa0666846581bbe990682d778,
52000850,2022,3868772,47356,cbc5de026fc548f5563ddfd8ae86cbe0e3910a533209648b7caa0704590e6420,
52000850,2023,4311369,52559,9fcd81857cd23f7658916d8fd8a52a4e74feb9a21efe801b02e9f2bc60cc6b9b,
52000850,2024,6,0,637b2c8da853bb1832c130f7e3bf70d07d3801190af1b8c77a8346faee3bfbb9,
52000850,2025,164245,2010,ded87227250d4e8f89bb19e5fc33d98c1f6b4b83eb4c5318fca0043360cd4055,
52000856,2010,6,0,637b2c8da853bb1832c130f7e3bf70d07d3801190af1b8c77a8346faee3bfbb9,
52000856,2011,6,0,637b2c8da853bb1832c130f7e3bf70d07d3801190af1b8c77a8346faee3bfbb9,
52000856,2012,6,0,637b2c8da853bb1832c130f7e3bf70d07d3801190af1b8c77a8346faee3bfbb9,
52000856,2013,6,0,637b2c8da853bb1832c130f7e3bf70d07d3801190af1b8c77a8346faee3bfbb9,
52000856,2014,6,0,637b2c8da853bb1832c130f7e3bf70d07d3801190af1b8c77a8346faee3bfbb9,
52000856,2015,6,0,637b2c8da853bb1832c130f7e3bf70d07d3801190af1b8c77a8346faee3bfbb9,
52000856,2016,6,0,637b2c8da853bb1832c130f7e3bf70d07d3801190af1b8c77a8346faee3bfbb9,
52000856,2017,6,0,637b2c8da853bb1832c130f7e3bf70d07d3801190af1b8c77a8346faee3bfbb9,
52000856,2018,6,0,637b2c8da853bb1832c130f7e3bf70d07d3801190af1b8c77a8346faee3bfbb9,
52000856,2019,6,0,637b2c8da853bb1832c130f7e3bf70d07d3801190af1b8c77a8346faee3bfbb9,
52000856,2020,6,0,637b2c8da853bb1832c130f7e3bf70d07d3801190af1b8c77a8346faee3bfbb9,
52000856,2021,6,0,637b2c8da853bb1832c130f7e3bf70d07d3801190af1b8c77a8346faee3bfbb9,
52000856,2022,6,0,637b2c8da853bb1832c130f7e3bf70d07d3801190af1b8c77a8346faee3bfbb9,
52000856,2023,6,0,637b2c8da853bb1832c130f7e3bf70d07d3801190af1b8c77a8346faee3bfbb9,
52000856,2024,6,0,637b2c8da853bb1832c130f7e3bf70d07d3801190af1b8c77a8346faee3bfbb9,
52000856,2025,166989,2015,53e24647b7ab9a4082fa7ab53360ee6ac67a9a49fd7825b06d5d4a3353a91ff4,
53000794,2010,1188941,14387,7394657d1b66e03aa6ed73ad8013d42c3acdb2e762a20d137c1ef2546772447d,
53000794,2011,746198,9007,5a3577dc0a9e2e009534c96402c52d497f2caecfed02d960aca9fd4c8bf729cf,
53000794,2012,482631,5861,f2478127673baea4d4f34c076dc87815fc502236ddc3be42ff7a2c287a43e764,
53000794,2013,1061110,12901,a98a10b59c8b43374348253bb2089fa01083f40ff9c87d03cc8abdc23964a10f,
53000794,2014,1411261,17128,7d1b3f11b6a5e85d6977401d316b89691549c5deb2fa2d402c22773216b26e74,
53000794,2015,1381399,16747,071f9df593691376692faa0ed49d3daa4ecff04e9fff2275a485f4196915d539,
53000794,2016,1327607,16099,651df3778c27bafda6c8d4f0c710a77839c2bd294219b47f5cf92703b3ade1cf,
53000794,2017,2882890,34992,848a097d9ccbb861e81acbfa19dad253a320fb3c3e701e7bf02092c94cef5e1f,
53000794,2018,2879493,35036,390c52326911f31ba97c8e523022776df0f4b831ad7b6d81d85bfcae5770fc3b,
53000794,2019,2884874,35034,1f40cb5b6370c5e997c7f069cdb27e810eec4c0abdc45667526ff7d65835e015,
53000794,2020,2882629,35098,aa498e69305d73dbffcc5e28577cf1cb4e4df2e7051441ba4abc445ee46bff1a,
53000794,2021,2874662,35034,f69fe9c6b974e3fb2210e3f1a0f906ede89d88f85c7d95b81477a6954026222d,
53000794,2022,3845228,46895,e4f897444e5259823c3aa4435f0d0cc6cd294c7d6b8f27c2d6a80d885a2edaa7,
53000794,2023,4321801,52557,26a319e96c87b7f9da1175c6bc3ae49864a1bc8173b9a8f7ec56a82f56ddda82,
53000794,2024,6,0,637b2c8da853bb1832c130f7e3bf70d07d3801190af1b8c77a8346faee3bfbb9,
53000794,2025,164994,2015,6a96a675add9573b857714cddb4e5e2878c090d59354ebc56b455ba915dd49a7,
53000796,2010,1867258,22576,93af6d60b498b7f2627f67f154b1fc64fc9fdd784ebd5677d5589549a36ed8e0,
53000796,2011,1939920,23449,576fd6c681c29bbb68986426cf05e081b24b628905c0364a90e479bd8dc17711,
53000796,2012,2017731,24407,d1e9e7e8ea062566eb0365b15fb6680d425433c57cea20e3c982da558e773621,
53000796,2013,1854728,22506,818dd86558bb43c8c939812fa2ffe269d68fa86e90573c6c391f97ab24189471,
53000796,2014,2896042,35040,76ed020f549cb3605b3760f90ce926fa638ccb8ad7571334ba3d0a93e0a51a49,
53000796,2015,2901108,35040,9121691f04874f4a82cad6d6fbd15e72029dd57230e8713068e58a10d3eedc3a,
53000796,2016,1934765,23451,fdcecc12c313bfb0968f7e3605eaeb843e677c7c499181eb4cfcb7b88b8cd956,
53000796,2017,2895074,35024,fe9c8cf9d7a6ed418466e905ed1619f5e318251b9f6532f486afe0af5fd99a54,
53000796,2018,2883864,35035,a1707ef7f1a65c48897a72a5658851e18a279043e4b576c25c80dc1eddb41485,
53000796,2019,2888821,35034,b7d459b0b72717fa2942b33e3c926111d0ec2bee9b5861ce7580db7825b5cc2b,
53000796,2020,2897125,35123,e14ab3bfff6dbaa776d7c54286be4ffbf8419057a75837b19f0243f470f48a93,
53000796,2021,2781822,33797,ff8a9e40d78750f48beaebc66ba9c3fc646b86374c637ce6c6daabb4a04453aa,
53000796,2022,3848861,46894,139baa19d15921ca79ac818ba2e4dea9d7f2cf134698ea20f5a78b43df0e9c9d,
53000796,2023,8140078,101468,d6bbb8f743c0a7d1bce9ab6165f832b198372b561d3473e52698eb3379600f0d,
53000796,2024,6,0,637b2c8da853bb1832c130f7e3bf70d07d3801190af1b8c77a8346faee3bfbb9,
53000796,2025,6,0,637b2c8da853bb1832c130f7e3bf70d07d3801190af1b8c77a8346faee3bfbb9,
53000797,2010,6,0,637b2c8da853bb1832c130f7e3bf70d07d3801190af1b8c77a8346faee3bfbb9,
53000797,2011,6,0,637b2c8da853bb1832c130f7e3bf70d07d3801190af1b8c77a8346faee3bfbb9,
53000797,2012,6,0,637b2c8da853bb1832c130f7e3bf70d07d3801190af1b8c77a8346faee3bfbb9,
53000797,2013,6,0,637b2c8da853bb1832c130f7e3bf70d07d3801190af1b8c77a8346faee3bfbb9,
53000797,2014,6,0,637b2c8da853bb1832c130f7e3bf70d07d3801190af1b8c77a8346faee3bfbb9,
53000797,2015,6,0,637b2c8da853bb1832c130f7e3bf70d07d3801190af1b8c77a8346faee3bfbb9,
53000797,2016,84019,1012,a05c02c1e3f4efd163a747e23daf5232b7af5559d5e94d2ca632d8bb8dffc30b,
53000797,2017,2882366,35022,c23b273888f56836af7559d45afa001151893c64661b73bf9554cfe2038d58df,
53000797,2018,2860832,35032,b7f155cfd7007c76bd1db25f1ea8c8bc310f8c159df7bc48a4be550e862c281a,
53000797,2019,2875028,35033,d0ebf914cb5570495163c4975f126bd92cb95516dda0468f5a03b8933f54a61f,
53000797,2020,2868885,35122,9dc6829fe46bea12cb40bc081333b15d86d56068c0e89b4e6e6f78f79902388d,
53000797,2021,2851128,35035,511da5179f8984ccfbf4f571cfd174dc6a72d7aea9790969493d2a0ec98bb9e5,
53000797,2022,3819450,46899,12d560adc803294a79b044abfde6358267d577cd94c4f381fb1a28a44b9a8b23,
53000797,2023,4310770,52560,41d3505d3261b580db36833dcd81f96f54e951c5854eba42ea4f8ec0b02ee50d,
53000797,2024,6,0,637b2c8da853bb1832c130f7e3bf70d07d3801190af1b8c77a8346faee3bfbb9,
53000797,2025,163392,2015,a0aca6a9c1606e7007564f0adae88aa01e76d8b7e948729731e83d652a9c35e0,
54000491,2010,6,0,637b2c8da853bb1832c130f7e3bf70d07d3801190af1b8c77a8346faee3bfbb9,
54000491,2011,6,0,637b2c8da853bb1832c130f7e3bf70d07d3801190af1b8c77a8346faee3bfbb9,
54000491,2012,6,0,637b2c8da853bb1832c130f7e3bf70d07d3801190af1b8c77a8346faee3bfbb9,
54000491,2013,6,0,637b2c8da853bb1832c130f7e3bf70d07d3801190af1b8c77a8346faee3bfbb9,
54000491,2014,6,0,637b2c8da853bb1832c130f7e3bf70d07d3801190af1b8c77a8346faee3bfbb9,
54000491,2015,6,0,637b2c8da853bb1832c130f7e3bf70d07d3801190af1b8c77a8346faee3bfbb9,
54000491,2016,6,0,637b2c8da853bb1832c130f7e3bf70d07d3801190af1b8c77a8346faee3bfbb9,
54000491,2017,6,0,637b2c8da853bb1832c130f7e3bf70d07d3801190af1b8c77a8346faee3bfbb9,
54000491,2018,6,0,637b2c8da853bb1832c130f7e3bf70d07d3801190af1b8c77a8346faee3bfbb9,
54000491,2019,6,0,637b2c8da853bb1832c130f7e3bf70d07d3801190af1b8c77a8346faee3bfbb9,
54000491,2020,6,0,637b2c8da853bb1832c130f7e3bf70d07d3801190af1b8c77a8346faee3bfbb9,
54000491,2021,6,0,637b2c8da853bb1832c130f7e3bf70d07d3801190af1b8c77a8346faee3bfbb9,
54000491,2022,6,0,637b2c8da853bb1832c130f7e3bf70d07d3801190af1b8c77a8346faee3bfbb9,
54000491,2023,6,0,637b2c8da853bb1832c130f7e3bf70d07d3801190af1b8c77a8346faee3bfbb9,
54000491,2024,6,0,637b2c8da853bb1832c130f7e3bf70d07d3801190af1b8c77a8346faee3bfbb9,
54000491,2025,110136,1343,07c9d0d315a8fa6798c1ea7820e3d8d7a8794bff3088852dac311a8f6dd6a599,
54000492,2010,6,0,637b2c8da853bb1832c130f7e3bf70d07d3801190af1b8c77a8346faee3bfbb9,
54000492,2011,6,0,637b2c8da853bb1832c130f7e3bf70d07d3801190af1b8c77a8346faee3bfbb9,
54000492,2012,6,0,637b2c8da853bb1832c130f7e3bf70d07d3801190af1b8c77a8346faee3bfbb9,
54000492,2013,6,0,637b2c8da853bb1832c130f7e3bf70d07d3801190af1b8c77a8346faee3bfbb9,
54000492,2014,6,0,637b2c8da853bb1832c130f7e3bf70d07d3801190af1b8c77a8346faee3bfbb9,
54000492,2015,6,0,637b2c8da853bb1832c130f7e3bf70d07d3801190af1b8c77a8346faee3bfbb9,
54000492,2016,102885,1255,93e3c9baa89a190b7ee928be119e38ce60ef45f9760c698bec5f0a18d1a2f33e,
54000492,2017,2859897,35040,3652e44255505fb50104211035afaea964e194198341bbd10202927f41f78e0c,
54000492,2018,2840164,35035,dd68e92c8911cf1ebff508b2d8a59f5a771d8ef20f652513a74dfdbe0b828f87,
54000492,2019,2849980,35034,486dcfb5749edc622282d63729c3ef5fcbbad20d8e584c9f2e071b3c6a3241f5,
54000492,2020,2845030,35124,8bc747102ba5bdc3ca4a623df45bf2f21e42c6ca360fb01d38af245cbafdf7ab,
54000492,2021,2843849,35036,630d106773ef5981816f1aac5dc47c4a9081a9e428a4d17611c3bafc824d1117,
54000492,2022,3811747,47236,bf2e8c9e63865e56d0ff06eef9c56088a4deb03a1d61001662125526a54accf1,
54000492,2023,4283528,52558,90fda9fcbb153cdf95a1ae752f04c6726e87e96fdcbbbf2652a7d8491a426e66,
54000492,2024,6,0,637b2c8da853bb1832c130f7e3bf70d07d3801190af1b8c77a8346faee3bfbb9,
54000492,2025,165054,2015,6314de72172ae8ce0eca7276165ea3e8d70b7dedf01e035d969c1abbfffe5795,
54000493,2010,6,0,637b2c8da853bb1832c130f7e3bf70d07d3801190af1b8c77a8346faee3bfbb9,
54000493,2011,6,0,637b2c8da853bb1832c130f7e3bf70d07d3801190af1b8c77a8346faee3bfbb9,
54000493,2012,6,0,637b2c8da853bb1832c130f7e3bf70d07d3801190af1b8c77a8346faee3bfbb9,
54000493,2013,6,0,637b2c8da853bb1832c130f7e3bf70d07d3801190af1b8c77a8346faee3bfbb9,
54000493,2014,6,0,637b2c8da853bb1832c130f7e3bf70d07d3801190af1b8c77a8346faee3bfbb9,
54000493,2015,6,0,637b2c8da853bb1832c130f7e3bf70d07d3801190af1b8c77a8346faee3bfbb9,
54000493,2016,96745,1196,21c2615eca835dd27cde6e00d6de96fce7b3775028e62e05966740be52848563,
54000493,2017,1283231,15675,78102817dc2b01a28e2fdb3d45026fae35360e8daf8d6f7861e95ac0070027b6,
54000493,2018,2832693,35038,1b31e4f11af5a30827e29692a323f9744aaac7458f87201bd3048743b8dd4054,
54000493,2019,2710773,33457,df6290555c7669009aa93aa566335e5a15443110596840d24a95ace5af8c7aea,
54000493,2020,2766578,34281,ada3c3123d902462b0438ff83de31294dcd3a0b2058729cfe0e0edf9895d7beb,
54000493,2021,2535096,31282,062eed5b718011420a939b89123244129be7910a6bc890757bb2c3f7d06a8004,
54000493,2022,3203429,39593,c51eb58f0995ba755ba1747d820759ed1fa0134d3d3547da18d74a8b8a2d2d96,
54000493,2023,3640973,44710,58c3d2117dcf5cdbb5e3eb1f21fd415f6782597418230c0b0f471f241889de7f,
54000493,2024,6,0,637b2c8da853bb1832c130f7e3bf70d07d3801190af1b8c77a8346faee3bfbb9,
54000493,2025,6,0,637b2c8da853bb1832c130f7e3bf70d07d3801190af1b8c77a8346faee3bfbb9,
55000489,2010,6,0,637b2c8da853bb1832c130f7e3bf70d07d3801190af1b8c77a8346faee3bfbb9,
55000489,2011,6,0,637b2c8da853bb1832c130f7e3bf70d07d3801190af1b8c77a8346faee3bfbb9,
55000489,2012,6,0,637b2c8da853bb1832c130f7e3bf70d07d3801190af1b8c77a8346faee3bfbb9,
55000489,2013,6,0,637b2c8da853bb1832c130f7e3bf70d07d3801190af1b8c77a8346faee3bfbb9,
55000489,2014,6,0,637b2c8da853bb1832c130f7e3bf70d07d3801190af1b8c77a8346faee3bfbb9,
55000489,2015,6,0,637b2c8da853bb1832c130f7e3bf70d07d3801190af1b8c77a8346faee3bfbb9,
55000489,2016,6,0,637b2c8da853bb1832c130f7e3bf70d07d3801190af1b8c77a8346faee3bfbb9,
55000489,2017,6,0,637b2c8da853bb1832c130f7e3bf70d07d3801190af1b8c77a8346faee3bfbb9,
55000489,2018,6,0,637b2c8da853bb1832c130f7e3bf70d07d3801190af1b8c77a8346faee3bfbb9,
55000489,2019,6,0,637b2c8da853bb1832c130f7e3bf70d07d3801190af1b8c77a8346faee3bfbb9,
55000489,2020,6,0,637b2c8da853bb1832c130f7e3bf70d07d3801190af1b8c77a8346faee3bfbb9,
55000489,2021,6,0,637b2c8da853bb1832c130f7e3bf70d07d3801190af1b8c77a8346faee3bfbb9,
55000489,2022,6,0,637b2c8da853bb1832c130f7e3bf70d07d3801190af1b8c77a8346faee3bfbb9,
55000489,2023,6,0,637b2c8da853bb1832c130f7e3bf70d07d3801190af1b8c77a8346faee3bfbb9,
55000489,2024,6,0,637b2c8da853bb1832c130f7e3bf70d07d3801190af1b8c77a8346faee3bfbb9,
55000489,2025,131218,1583,ddeec91e297f71508c649ab62e16329766b46fe1e01c4a2405442c3bdf241333,
55000490,2010,6,0,637b2c8da853bb1832c130f7e3bf70d07d3801190af1b8c77a8346faee3bfbb9,
55000490,2011,6,0,637b2c8da853bb1832c130f7e3bf70d07d3801190af1b8c77a8346faee3bfbb9,
55000490,2012,6,0,637b2c8da853bb1832c130f7e3bf70d07d3801190af1b8c77a8346faee3bfbb9,
55000490,2013,6,0,637b2c8da853bb1832c130f7e3bf70d07d3801190af1b8c77a8346faee3bfbb9,
55000490,2014,6,0,637b2c8da853bb1832c130f7e3bf70d07d3801190af1b8c77a8346faee3bfbb9,
55000490,2015,6,0,637b2c8da853bb1832c130f7e3bf70d07d3801190af1b8c77a8346faee3bfbb9,
55000490,2016,6,0,637b2c8da853bb1832c130f7e3bf70d07d3801190af1b8c77a8346faee3bfbb9,
55000490,2017,6,0,637b2c8da853bb1832c130f7e3bf70d07d3801190af1b8c77a8346faee3bfbb9,
55000490,2018,6,0,637b2c8da853bb1832c130f7e3bf70d07d3801190af1b8c77a8346faee3bfbb9,
55000490,2019,6,0,637b2c8da853bb1832c130f7e3bf70d07d3801190af1b8c77a8346faee3bfbb9,
55000490,2020,6,0,637b2c8da853bb1832c130f7e3bf70d07d3801190af1b8c77a8346faee3bfbb9,
55000490,2021,6,0,637b2c8da853bb1832c130f7e3bf70d07d3801190af1b8c77a8346faee3bfbb9,
55000490,2022,6,0,637b2c8da853bb1832c130f7e3bf70d07d3801190af1b8c77a8346faee3bfbb9,
55000490,2023,6,0,637b2c8da853bb1832c130f7e3bf70d07d3801190af1b8c77a8346faee3bfbb9,
55000490,2024,6,0,637b2c8da853bb1832c130f7e3bf70d07d3801190af1b8c77a8346faee3bfbb9,
55000490,2025,48420,575,8de962803bd5f6bf20e092092001dc8fdc6a2c1f88a8437b136367534aee8d96,
56000293,2010,6,0,637b2c8da853bb1832c130f7e3bf70d07d3801190af1b8c77a8346faee3bfbb9,
56000293,2011,6,0,637b2c8da853bb1832c130f7e3bf70d07d3801190af1b8c77a8346faee3bfbb9,
56000293,2012,6,0,637b2c8da853bb1832c130f7e3bf70d07d3801190af1b8c77a8346faee3bfbb9,
56000293,2013,6,0,637b2c8da853bb1832c130f7e3bf70d07d3801190af1b8c77a8346faee3bfbb9,
56000293,2014,6,0,637b2c8da853bb1832c130f7e3bf70d07d3801190af1b8c77a8346faee3bfbb9,
56000293,2015,6,0,637b2c8da853bb1832c130f7e3bf70d07d3801190af1b8c77a8346faee3bfbb9,
56000293,2016,6,0,637b2c8da853bb1832c130f7e3bf70d07d3801190af1b8c77a8346faee3bfbb9,
56000293,2017,6,0,637b2c8da853bb1832c130f7e3bf70d07d3801190af1b8c77a8346faee3bfbb9,
56000293,2018,6,0,637b2c8da853bb1832c130f7e3bf70d07d3801190af1b8c77a8346faee3bfbb9,
56000293,2019,6,0,637b2c8da853bb1832c130f7e3bf70d07d3801190af1b8c77a8346faee3bfbb9,
56000293,2020,6,0,637b2c8da853bb1832c130f7e3bf70d07d3801190af1b8c77a8346faee3bfbb9,
56000293,2021,6,0,637b2c8da853bb1832c130f7e3bf70d07d3801190af1b8c77a8346faee3bfbb9,
56000293,2022,6,0,637b2c8da853bb1832c130f7e3bf70d07d3801190af1b8c77a8346faee3bfbb9,
56000293,2023,452959,5412,5f1e3b01b1197f290f3dc898681a98381c14e0006ec90fcdd54bfcbf1b2c846b,
56000293,2024,2917226,35136,9180ed38944fa4491362cdf5f0b9213d19f72b0bec33a736bc93f122da937b26,
56000293,2025,2905645,35040,af49ca7196c6bb05279eace3e330027fb0107fe46125a017041c8eec982074d5,
57001283,2010,6,0,637b2c8da853bb1832c130f7e3bf70d07d3801190af1b8c77a8346faee3bfbb9,
57001283,2011,6,0,637b2c8da853bb1832c130f7e3bf70d07d3801190af1b8c77a8346faee3bfbb9,
57001283,2012,6,0,637b2c8da853bb1832c130f7e3bf70d07d3801190af1b8c77a8346faee3bfbb9,
57001283,2013,6,0,637b2c8da853bb1832c130f7e3bf70d07d3801190af1b8c77a8346faee3bfbb9,
57001283,2014,6,0,637b2c8da853bb1832c130f7e3bf70d07d3801190af1b8c77a8346faee3bfbb9,
57001283,2015,6,0,637b2c8da853bb1832c130f7e3bf70d07d3801190af1b8c77a8346faee3bfbb9,
57001283,2016,6,0,637b2c8da853bb1832c130f7e3bf70d07d3801190af1b8c77a8346faee3bfbb9,
57001283,2017,6,0,637b2c8da853bb1832c130f7e3bf70d07d3801190af1b8c77a8346faee3bfbb9,
57001283,2018,6,0,637b2c8da853bb1832c130f7e3bf70d07d3801190af1b8c77a8346faee3bfbb9,
57001283,2019,6,0,637b2c8da853bb1832c130f7e3bf70d07d3801190af1b8c77a8346faee3bfbb9,
57001283,2020,6,0,637b2c8da853bb1832c130f7e3bf70d07d3801190af1b8c77a8346faee3bfbb9,
57001283,2021,6,0,637b2c8da853bb1832c130f7e3bf70d07d3801190af1b8c77a8346faee3bfbb9,
57001283,2022,243,0,b32cffd51e8ecd6315484ac8c28b87240df002b807c723f2085029c7516f06d3,
57001283,2023,4342620,52540,218aeb04da5ca1a07ac1461b0866156ae7c8d7cc4e0d6351a9198b339537f878,
57001283,2024,6,0,637b2c8da853bb1832c130f7e3bf70d07d3801190af1b8c77a8346faee3bfbb9,
57001283,2025,6,0,637b2c8da853bb1832c130f7e3bf70d07d3801190af1b8c77a8346faee3bfbb9,
57001286,2010,2692514,32014,4f59c9a7d8bda4f4c47e5c7eb9c5fc3395e99033ca30b73fa5736bed8a09dfd7,
57001286,2011,2650325,31520,8c05d5a99e88e26aa16b5e7bae2726ae2f3a915c2bbb6a1ef35738959a3fdc6c,
57001286,2012,2370094,28258,368c9623a0c47397b988f62c032447711d390479db5472a1fad929c011c12a9d,
57001286,2013,2223285,26564,94216ed92e4943d788c3063c5e0ae9b2342a770582526a8b4b6ff570457f9948,
57001286,2014,2725688,32528,da47f0ccb66363fa456b054a1f50c6edb71cf493273f168b5fdfc1c9b3691c4d,
57001286,2015,2858077,34015,5509889116bd186e2ab8ed4af1524a488c126cddc241bdb3a337159ea3fe7e2a,
57001286,2016,2920700,34768,5b5e19dcc89e392ccb489610754a1c90556473f8889ce1c0d43f0aa1c7aef066,
57001286,2017,2940824,35040,930543544fa42a863b4542c8783f3b2b8921b12b1e8cee608ae68568ae6fd5c2,
57001286,2018,2199536,26236,989b865a4b4f8dfc04b97ad2c583ee6c11e5148637228fd98e86258500e84ec8,
57001286,2019,2935633,35034,599db067868ae460afa010b17b1c80cd86db48cdab33f21dc3d99951f14ae9ed,
57001286,2020,2940302,35124,4d7539259821c93f881aa80b8465020b3f811aeaa7046bbfb2b4e345dac0f794,
57001286,2021,2927243,35011,7c020b96de14449b3c504d53b877479425bb51c47028b247e5c722eb75815ba3,
57001286,2022,3887835,46519,37774342d21147f601e74adb1d4e2db90fcaee6bf0fc5b953bcc5fc2489b2d87,
57001286,2023,4377491,52173,3bd7085690b18977d1ee82ebdeadfd2dfb625e5113fc8a4b88bbf6180f51b7ea,
57001286,2024,6,0,637b2c8da853bb1832c130f7e3bf70d07d3801190af1b8c77a8346faee3bfbb9,
57001286,2025,2803214,33483,ecfe4974c37a91cec25636639dce209ff83e25cf8f25788ccd5a1090cf4bee3d,
57001295,2010,6,0,637b2c8da853bb1832c130f7e3bf70d07d3801190af1b8c77a8346faee3bfbb9,
57001295,2011,6,0,637b2c8da853bb1832c130f7e3bf70d07d3801190af1b8c77a8346faee3bfbb9,
57001295,2012,6,0,637b2c8da853bb1832c130f7e3bf70d07d3801190af1b8c77a8346faee3bfbb9,
57001295,2013,6,0,637b2c8da853bb1832c130f7e3bf70d07d3801190af1b8c77a8346faee3bfbb9,
57001295,2014,6,0,637b2c8da853bb1832c130f7e3bf70d07d3801190af1b8c77a8346faee3bfbb9,
57001295,2015,6,0,637b2c8da853bb1832c130f7e3bf70d07d3801190af1b8c77a8346faee3bfbb9,
57001295,2016,6,0,637b2c8da853bb1832c130f7e3bf70d07d3801190af1b8c77a8346faee3bfbb9,
57001295,2017,6,0,637b2c8da853bb1832c130f7e3bf70d07d3801190af1b8c77a8346faee3bfbb9,
57001295,2018,6,0,637b2c8da853bb1832c130f7e3bf70d07d3801190af1b8c77a8346faee3bfbb9,
57001295,2019,6,0,637b2c8da853bb1832c130f7e3bf70d07d3801190af1b8c77a8346faee3bfbb9,
57001295,2020,6,0,637b2c8da853bb1832c130f7e3bf70d07d3801190af1b8c77a8346faee3bfbb9,
57001295,2021,6,0,637b2c8da853bb1832c130f7e3bf70d07d3801190af1b8c77a8346faee3bfbb9,
57001295,2022,6,0,637b2c8da853bb1832c130f7e3bf70d07d3801190af1b8c77a8346faee3bfbb9,
57001295,2023,411192,5050,4b235d73a36e5fdc046fdd80d656cf2eb7b033d7c128624ee83c197dfb3051d0,
57001295,2024,2481065,30282,5c957dd111e7d89b85269a8af355d570dc2763b33cce1b58d82f650c219d99e4,
57001295,2025,53264,641,715a2dcb8542859a5426d68c8524fc41b652ad4f7fa735be809cd006734047b6,
58000208,2010,2364413,28450,4c3cda53cba4fcda5250eff31fceca5a0d296ac03a622e7b30495ff4b2ed17f4,
58000208,2011,2554882,30784,76582a4fd225305745af6c49fe5f700f892ada69636d0964cc7ab92ff44e098b,
58000208,2012,2908753,35068,b031bce25126fa26ea032b719b27e24e93e599c992d831c065e23a481282fa5a,
58000208,2013,977356,11751,f60177b1b1d07cad59d86d6f7bda1cf2be070a5ddbf622b7f19e9e2599b1845c,
58000208,2014,2897019,34976,ad8da0fa2ace3942d51f3b16bf737955dd1e755ff82d7cd7bfe5e4cc99f10b77,
58000208,2015,2879777,34726,9991edabd6ec048399be9535ae87a6972eeb011de98f4df9883a9fb990a35251,
58000208,2016,2092992,25160,9e82340d1d07a25adde4010789c38028262dadcd1b7dbd737f85eb1699b99bd1,
58000208,2017,2910706,35023,c6fd6db5f2ce50d5368395337ef746884c6087fdfcbbf5934fda66a59c9e65ee,
58000208,2018,2874594,34847,de537bb0112aa04aab7a6121d89086338848c7669a28f5a9d56b4ae5c0e42821,
58000208,2019,2901419,35035,560ea18f33bd95ccf414b81e9bc7c4ae6036e30c7aca11a9a110f91106d18f5c,
58000208,2020,2904872,35124,3da661c79217285faec96c2aaf5bf411866880a16d33a8872fb8190e7d0a4f69,
58000208,2021,2900483,35035,94f7098570a9eab0a29a808480c40fcc18731fdf79b7daf6cbb1b772806562cc,
58000208,2022,3866794,46873,f293b28b91909a5a5005cd140b651e3fe8660d756ab746a163bd38dcf707bb82,
58000208,2023,4357272,52551,e50f1c8bad2b2e5242bdf48f331ba9f3b6091c326166d8480310db8ee433a844,
58000208,2024,6,0,637b2c8da853bb1832c130f7e3bf70d07d3801190af1b8c77a8346faee3bfbb9,
58000208,2025,3125657,37840,d07923a7b882edfed8347be619cabd0212419a7e177e56aa8d0aa110096b4dc8,
59000235,2010,2858122,34380,0ce4cb6563fbdc59d77b9255168229b771bdeb412a5b42e3f1b1067224519ad5,
59000235,2011,2819144,33911,b0102fa5880c0b476f8f51ac6bbb3538f10beb8ece31e82b16e186e4e1021d54,
59000235,2012,1108721,13326,59cc3e99fc29ca3b7992795440bd9b38cd7a94c02bbad3b0a994d2baa61ab967,
59000235,2013,1370881,16510,01bb0b52e510925f2b3f554ff4b7446fb36dc40f89888eb78e835972d337c87e,
59000235,2014,1377972,16570,4e7e268f4b39d00e9792d0c6be341e1a459d33a591b46eddc95f376cfdfa0f51,
59000235,2015,1440764,17322,a34825763bfa39b2896aa32021ff72f20871d34004b2ae4ac2c4d85819cecd95,
59000235,2016,1504266,18062,905ddd1cefc205a7c553004ccded26b83d1a4875f971cd70e6bbf9831223edbc,
59000235,2017,2903349,35021,7479e903311e65b6fe753de817703bf19223ac17660b65cb2e52f94db0edc44f,
59000235,2018,2848759,34563,c6a460c44603ac09ae761a13164adc7cf5b5d64d02d8f0c2fa88dfa2832ab9d7,
59000235,2019,2899133,35033,8ed73ae9135df842c990494638f7fcaae25aefbf8ce57ec896d5464dcc6eb38d,
59000235,2020,2902854,35125,b5c386c6e4b0137b7818a7267d738b6673ce0a35d6000ecef2a7581760aa523e,
59000235,2021,2898282,35035,f881f51512036097019bf2a93e903170786b1c11fcf625aecf0487edce4eb5bc,
59000235,2022,3983610,48354,cf402f8f07f57cb8ea1dd1db6c4ff81b09441f5f3a8cb301f06509ba4e51c7c7,
59000235,2023,4355109,52559,e9889ba6f864e7f31dff4764c8283c6952fc8c90acfc46471457486e29bfe5dd,
59000235,2024,6,0,637b2c8da853bb1832c130f7e3bf70d07d3801190af1b8c77a8346faee3bfbb9,
59000235,2025,3122699,37819,1656afb2143b0178e17b10e692b1d72443b7f4b75eca7ff925871c2b53a57341,
60000991,2010,6,0,637b2c8da853bb1832c130f7e3bf70d07d3801190af1b8c77a8346faee3bfbb9,
60000991,2011,6,0,637b2c8da853bb1832c130f7e3bf70d07d3801190af1b8c77a8346faee3bfbb9,
60000991,2012,6,0,637b2c8da853bb1832c130f7e3bf70d07d3801190af1b8c77a8346faee3bfbb9,
60000991,2013,6,0,637b2c8da853bb1832c130f7e3bf70d07d3801190af1b8c77a8346faee3bfbb9,
60000991,2014,6,0,637b2c8da853bb1832c130f7e3bf70d07d3801190af1b8c77a8346faee3bfbb9,
60000991,2015,6,0,637b2c8da853bb1832c130f7e3bf70d07d3801190af1b8c77a8346faee3bfbb9,
60000991,2016,6,0,637b2c8da853bb1832c130f7e3bf70d07d3801190af1b8c77a8346faee3bfbb9,
60000991,2017,6,0,637b2c8da853bb1832c130f7e3bf70d07d3801190af1b8c77a8346faee3bfbb9,
60000991,2018,6,0,637b2c8da853bb1832c130f7e3bf70d07d3801190af1b8c77a8346faee3bfbb9,
60000991,2019,6,0,637b2c8da853bb1832c130f7e3bf70d07d3801190af1b8c77a8346faee3bfbb9,
60000991,2020,6,0,637b2c8da853bb1832c130f7e3bf70d07d3801190af1b8c77a8346faee3bfbb9,
60000991,2021,6,0,637b2c8da853bb1832c130f7e3bf70d07d3801190af1b8c77a8346faee3bfbb9,
60000991,2022,6,0,637b2c8da853bb1832c130f7e3bf70d07d3801190af1b8c77a8346faee3bfbb9,
60000991,2023,1409184,16927,d8e5237a94ea4ab9acea4a1fe26e75b96d3712d23b1f4ffa4eb51a9e3060accf,
60000991,2024,7942076,97052,2bdf48b8f900a3b119322b1f6132bcfcaf3f51d17a0b49eb80efd8c15331e131,
60000991,2025,8110910,99296,e16f99e712593abfae4f7ae229ac48ece0abf218a175cd7a1ddf8b94eb275ccf,
60000992,2010,1785543,21577,aa5b15dd69a3b437577ca62d2833beb77278bc90766aec38c77bc2affa6c7b15,
60000992,2011,749329,9010,16136280d8c74d910f5f32aacfb527a0484f96c305353f9f3d4f31eac728ac27,
60000992,2012,482034,5814,be5a55126278acdde8237c12464a98e7f6077384fb4adfbb49d12e84dd4a966e,
60000992,2013,546177,6603,69e7778b3557404e94ec5fd5092c68761114194ec82fa4fe717b5887d3c451d6,
60000992,2014,462137,5589,8877df1b08b8ee9ab2477a880a44d91c724a03c2ac949a6571406bc38984e422,
60000992,2015,740861,8949,22e3d818e6770393bf77e9af5fc30aca368608b45bad68733574e63533b9015c,
60000992,2016,1675813,20379,fa3f90764bd817a21547e493099850b0a99b4233105c54fa0c1024a66902ae55,
60000992,2017,2891870,35038,b10e060871d0efc2a69b0cab6444c77b72bede36b68059d6958af4ad33ed5106,
60000992,2018,2855539,34866,89e029bb51d029ae890bcb4b7db11cc5a7c8788b0e2c3d923bf278a6d10c853d,
60000992,2019,2838833,34565,e21bcf2b08e6db3d2f3ec3a6bb836fbce4bce033642eba2a82b23723034d9006,
60000992,2020,2854429,34828,43e17a2bd531f038a79dad1da72fbb09e67d2028b48ee99461a42f7dd8e9ba94,
60000992,2021,2824187,34334,53c1bd6606c4990a650f6902de11aeacbd9bf72894629ce4828e2866b59cf0c5,
60000992,2022,3871380,47333,b4560deec0110040c01228f9170924c58a506d778f9663ff68d692d83d949fe5,
60000992,2023,6,0,637b2c8da853bb1832c130f7e3bf70d07d3801190af1b8c77a8346faee3bfbb9,
60000992,2024,6,0,637b2c8da853bb1832c130f7e3bf70d07d3801190af1b8c77a8346faee3bfbb9,
60000992,2025,6,0,637b2c8da853bb1832c130f7e3bf70d07d3801190af1b8c77a8346faee3bfbb9,
60000993,2010,6,0,637b2c8da853bb1832c130f7e3bf70d07d3801190af1b8c77a8346faee3bfbb9,
60000993,2011,6,0,637b2c8da853bb1832c130f7e3bf70d07d3801190af1b8c77a8346faee3bfbb9,
60000993,2012,6,0,637b2c8da853bb1832c130f7e3bf70d07d3801190af1b8c77a8346faee3bfbb9,
60000993,2013,6,0,637b2c8da853bb1832c130f7e3bf70d07d3801190af1b8c77a8346faee3bfbb9,
60000993,2014,6,0,637b2c8da853bb1832c130f7e3bf70d07d3801190af1b8c77a8346faee3bfbb9,
60000993,2015,6,0,637b2c8da853bb1832c130f7e3bf70d07d3801190af1b8c77a8346faee3bfbb9,
60000993,2016,6,0,637b2c8da853bb1832c130f7e3bf70d07d3801190af1b8c77a8346faee3bfbb9,
60000993,2017,6,0,637b2c8da853bb1832c130f7e3bf70d07d3801190af1b8c77a8346faee3bfbb9,
60000993,2018,6,0,637b2c8da853bb1832c130f7e3bf70d07d3801190af1b8c77a8346faee3bfbb9,
60000993,2019,6,0,637b2c8da853bb1832c130f7e3bf70d07d3801190af1b8c77a8346faee3bfbb9,
60000993,2020,6,0,637b2c8da853bb1832c130f7e3bf70d07d3801190af1b8c77a8346faee3bfbb9,
60000993,2021,6,0,637b2c8da853bb1832c130f7e3bf70d07d3801190af1b8c77a8346faee3bfbb9,
60000993,2022,6,0,637b2c8da853bb1832c130f7e3bf70d07d3801190af1b8c77a8346faee3bfbb9,
60000993,2023,1405473,16917,fb3ca7944004f28ae279ea2ff12e6869f08f63d977805082e13f95504998f7e5,
60000993,2024,8384138,102290,d826c7af62ca03223f4a21980ec32a8423b84ba813b9f8a8b229b6aa20039069,
60000993,2025,6648391,81428,98e34f418057f36faf79995e85c1c8e66a3317518c7e0d6abe40ddc647041242,
60000999,2010,6,0,637b2c8da853bb1832c130f7e3bf70d07d3801190af1b8c77a8346faee3bfbb9,
60000999,2011,6,0,637b2c8da853bb1832c130f7e3bf70d07d3801190af1b8c77a8346faee3bfbb9,
60000999,2012,6,0,637b2c8da853bb1832c130f7e3bf70d07d3801190af1b8c77a8346faee3bfbb9,
60000999,2013,6,0,637b2c8da853bb1832c130f7e3bf70d07d3801190af1b8c77a8346faee3bfbb9,
60000999,2014,6,0,637b2c8da853bb1832c130f7e3bf70d07d3801190af1b8c77a8346faee3bfbb9,
60000999,2015,6,0,637b2c8da853bb1832c130f7e3bf70d07d3801190af1b8c77a8346faee3bfbb9,
60000999,2016,6,0,637b2c8da853bb1832c130f7e3bf70d07d3801190af1b8c77a8346faee3bfbb9,
60000999,2017,6,0,637b2c8da853bb1832c130f7e3bf70d07d3801190af1b8c77a8346faee3bfbb9,
60000999,2018,6,0,637b2c8da853bb1832c130f7e3bf70d07d3801190af1b8c77a8346faee3bfbb9,
60000999,2019,6,0,637b2c8da853bb1832c130f7e3bf70d07d3801190af1b8c77a8346faee3bfbb9,
60000999,2020,6,0,637b2c8da853bb1832c130f7e3bf70d07d3801190af1b8c77a8346faee3bfbb9,
60000999,2021,6,0,637b2c8da853bb1832c130f7e3bf70d07d3801190af1b8c77a8346faee3bfbb9,
60000999,2022,6,0,637b2c8da853bb1832c130f7e3bf70d07d3801190af1b8c77a8346faee3bfbb9,
60000999,2023,463088,5636,4eef6c5ef0a4b5d371e6a821b74054804be10f5b3b111504db67e445af35e9a8,
60000999,2024,2870205,35132,f7a2bc8163a15ec09c7a7dec5213a5f7327b32aeea27b796be55ee89872e3c7f,
60000999,2025,2844570,34864,d6b7b73cfecb3d8c04653ce2a11abad1b0f1d4f3a61d299215244fcdab27135a,
61000456,2010,529512,6398,8ca887aa5dfe4d7071f5a95f5aa7e8f5f3a37aa867631fbd2bffe0c8b9725e4c,
61000456,2011,659514,7955,eaf74818ad969807fc75d900297664efd5e03fdef707ed11e454ba92a3ab5c55,
61000456,2012,531198,6425,ac14e0c2d94501f48e8289ca47596492ab2701048ef97c5763d80b8cd8da74b8,
61000456,2013,751955,9102,1f7fbd77cb639451d14ecdd003ee85b1848f1b3853fc56c0e77e62f146b54da8,
61000456,2014,464373,5640,51927a18ecf548dfb16be19f09e9ed6c97ea4970b4da8840c0942bbf9668d6d7,
61000456,2015,790163,9573,b73417133afe0a94ece2f60b1832420c8f6d664e0f65409695ffad283442336b,
61000456,2016,1500544,18418,f96668f66ce37397f2af218cdaf6c9e6c20d5b0bf863de1266e210ec0a57797b,
61000456,2017,2890797,35040,0af98bd546fab4059eac3bd03829382e06c84026e92b950d081d7d82ce7945d6,
61000456,2018,2861898,34952,70b82ee0a0e8594dffe08569c6ea80eee6cc2ea676a9f507dab575c945874662,
61000456,2019,2871992,35035,322576650c191a6149cd40ca861dd65151b4170b61dadaf5a8c91cf35c8146da,
61000456,2020,2871466,35135,d86cd96211fc767eb5a4368cd9459d0d6da5b4df9e51d6185a36cf844af882f8,
61000456,2021,2690765,32812,b4d4a749fdbc942c52b2b0212cb472ca5ec63c1eb847a0cf96a0d31e185ad90a,
61000456,2022,3597584,44157,a5aa968a3e3816f50989dc0b67be085bb35013b26deb113ca4f98ce55aaf35b0,
61000456,2023,4304425,52559,ee82e1aa0582ac4367a2db7e3ab479a795b4773b10a3a8ecf06be8380e30cde3,
61000456,2024,6,0,637b2c8da853bb1832c130f7e3bf70d07d3801190af1b8c77a8346faee3bfbb9,
61000456,2025,607259,7343,ae84b6929dcb16a3e9dc6a6a0c0979ae3e1e188e5b4b180be1f3b8d9e18cbd30,
61000459,2010,6,0,637b2c8da853bb1832c130f7e3bf70d07d3801190af1b8c77a8346faee3bfbb9,
61000459,2011,6,0,637b2c8da853bb1832c130f7e3bf70d07d3801190af1b8c77a8346faee3bfbb9,
61000459,2012,6,0,637b2c8da853bb1832c130f7e3bf70d07d3801190af1b8c77a8346faee3bfbb9,
61000459,2013,6,0,637b2c8da853bb1832c130f7e3bf70d07d3801190af1b8c77a8346faee3bfbb9,
61000459,2014,6,0,637b2c8da853bb1832c130f7e3bf70d07d3801190af1b8c77a8346faee3bfbb9,
61000459,2015,6,0,637b2c8da853bb1832c130f7e3bf70d07d3801190af1b8c77a8346faee3bfbb9,
61000459,2016,6,0,637b2c8da853bb1832c130f7e3bf70d07d3801190af1b8c77a8346faee3bfbb9,
61000459,2017,6,0,637b2c8da853bb1832c130f7e3bf70d07d3801190af1b8c77a8346faee3bfbb9,
61000459,2018,6,0,637b2c8da853bb1832c130f7e3bf70d07d3801190af1b8c77a8346faee3bfbb9,
61000459,2019,6,0,637b2c8da853bb1832c130f7e3bf70d07d3801190af1b8c77a8346faee3bfbb9,
61000459,2020,6,0,637b2c8da853bb1832c130f7e3bf70d07d3801190af1b8c77a8346faee3bfbb9,
61000459,2021,6,0,637b2c8da853bb1832c130f7e3bf70d07d3801190af1b8c77a8346faee3bfbb9,
61000459,2022,6,0,637b2c8da853bb1832c130f7e3bf70d07d3801190af1b8c77a8346faee3bfbb9,
61000459,2023,1397834,16919,73ca20e8f5eb604d6d0e55371baf02bc5936e29c66f1de4d15a94f097630f411,
61000459,2024,8617795,105407,a9bdd0fe628b7e905483be96fb2f671be159600a8639cfeac03f80fe40d25592,
61000459,2025,8568595,105117,2f5f7f33215225ee5074d37609b087de22af8163d8936402096c113b4387f3a4,
61000460,2010,6,0,637b2c8da853bb1832c130f7e3bf70d07d3801190af1b8c77a8346faee3bfbb9,
61000460,2011,6,0,637b2c8da853bb1832c130f7e3bf70d07d3801190af1b8c77a8346faee3bfbb9,
61000460,2012,6,0,637b2c8da853bb1832c130f7e3bf70d07d3801190af1b8c77a8346faee3bfbb9,
61000460,2013,6,0,637b2c8da853bb1832c130f7e3bf70d07d3801190af1b8c77a8346faee3bfbb9,
61000460,2014,6,0,637b2c8da853bb1832c130f7e3bf70d07d3801190af1b8c77a8346faee3bfbb9,
61000460,2015,6,0,637b2c8da853bb1832c130f7e3bf70d07d3801190af1b8c77a8346faee3bfbb9,
61000460,2016,6,0,637b2c8da853bb1832c130f7e3bf70d07d3801190af1b8c77a8346faee3bfbb9,
61000460,2017,6,0,637b2c8da853bb1832c130f7e3bf70d07d3801190af1b8c77a8346faee3bfbb9,
61000460,2018,6,0,637b2c8da853bb1832c130f7e3bf70d07d3801190af1b8c77a8346faee3bfbb9,
61000460,2019,6,0,637b2c8da853bb1832c130f7e3bf70d07d3801190af1b8c77a8346faee3bfbb9,
61000460,2020,6,0,637b2c8da853bb1832c130f7e3bf70d07d3801190af1b8c77a8346faee3bfbb9,
61000460,2021,6,0,637b2c8da853bb1832c130f7e3bf70d07d3801190af1b8c77a8346faee3bfbb9,
61000460,2022,6,0,637b2c8da853bb1832c130f7e3bf70d07d3801190af1b8c77a8346faee3bfbb9,
61000460,2023,417190,5019,15a55d83b150c10672b59d00baa9f3f77719cab72566cbcbe6c7a3c66f405043,
61000460,2024,5948416,71572,558bfcb0e96f3d6ee51cf330de8e0dadf2d99f3352ab7897b0ec00cf6e53fcc7,
61000460,2025,2847746,34577,fc9ea20aa3c47a0743641ea7fd18560181e6d496e194903ad89f08d836ee4805,
61000461,2010,6,0,637b2c8da853bb1832c130f7e3bf70d07d3801190af1b8c77a8346faee3bfbb9,
61000461,2011,6,0,637b2c8da853bb1832c130f7e3bf70d07d3801190af1b8c77a8346faee3bfbb9,
61000461,2012,6,0,637b2c8da853bb1832c130f7e3bf70d07d3801190af1b8c77a8346faee3bfbb9,
61000461,2013,6,0,637b2c8da853bb1832c130f7e3bf70d07d3801190af1b8c77a8346faee3bfbb9,
61000461,2014,6,0,637b2c8da853bb1832c130f7e3bf70d07d3801190af1b8c77a8346faee3bfbb9,
61000461,2015,6,0,637b2c8da853bb1832c130f7e3bf70d07d3801190af1b8c77a8346faee3bfbb9,
61000461,2016,6,0,637b2c8da853bb1832c130f7e3bf70d07d3801190af1b8c77a8346faee3bfbb9,
61000461,2017,6,0,637b2c8da853bb1832c130f7e3bf70d07d3801190af1b8c77a8346faee3bfbb9,
61000461,2018,6,0,637b2c8da853bb1832c130f7e3bf70d07d3801190af1b8c77a8346faee3bfbb9,
61000461,2019,6,0,637b2c8da853bb1832c130f7e3bf70d07d3801190af1b8c77a8346faee3bfbb9,
61000461,2020,6,0,637b2c8da853bb1832c130f7e3bf70d07d3801190af1b8c77a8346faee3bfbb9,
61000461,2021,6,0,637b2c8da853bb1832c130f7e3bf70d07d3801190af1b8c77a8346faee3bfbb9,
61000461,2022,6,0,637b2c8da853bb1832c130f7e3bf70d07d3801190af1b8c77a8346faee3bfbb9,
61000461,2023,6,0,637b2c8da853bb1832c130f7e3bf70d07d3801190af1b8c77a8346faee3bfbb9,
61000461,2024,6,0,637b2c8da853bb1832c130f7e3bf70d07d3801190af1b8c77a8346faee3bfbb9,
61000461,2025,6,0,637b2c8da853bb1832c130f7e3bf70d07d3801190af1b8c77a8346faee3bfbb9,
61000463,2010,6,0,637b2c8da853bb1832c130f7e3bf70d07d3801190af1b8c77a8346faee3bfbb9,
61000463,2011,6,0,637b2c8da853bb1832c130f7e3bf70d07d3801190af1b8c77a8346faee3bfbb9,
61000463,2012,6,0,637b2c8da853bb1832c130f7e3bf70d07d3801190af1b8c77a8346faee3bfbb9,
61000463,2013,6,0,637b2c8da853bb1832c130f7e3bf70d07d3801190af1b8c77a8346faee3bfbb9,
61000463,2014,6,0,637b2c8da853bb1832c130f7e3bf70d07d3801190af1b8c77a8346faee3bfbb9,
61000463,2015,6,0,637b2c8da853bb1832c130f7e3bf70d07d3801190af1b8c77a8346faee3bfbb9,
61000463,2016,6,0,637b2c8da853bb1832c130f7e3bf70d07d3801190af1b8c77a8346faee3bfbb9,
61000463,2017,6,0,637b2c8da853bb1832c130f7e3bf70d07d3801190af1b8c77a8346faee3bfbb9,
61000463,2018,6,0,637b2c8da853bb1832c130f7e3bf70d07d3801190af1b8c77a8346faee3bfbb9,
61000463,2019,6,0,637b2c8da853bb1832c130f7e3bf70d07d3801190af1b8c77a8346faee3bfbb9,
61000463,2020,6,0,637b2c8da853bb1832c130f7e3bf70d07d3801190af1b8c77a8346faee3bfbb9,
61000463,2021,6,0,637b2c8da853bb1832c130f7e3bf70d07d3801190af1b8c77a8346faee3bfbb9,
61000463,2022,6,0,637b2c8da853bb1832c130f7e3bf70d07d3801190af1b8c77a8346faee3bfbb9,
61000463,2023,1390744,16916,83ca7fdeec8f105e7c7ad3e8278aee2c1702f0f108c68a689c85235a11e6ff9a,
61000463,2024,8592742,104847,3688c9df2a267b803644068da3314e659c7d90c7394aa5c94cc693d1db10086b,
61000463,2025,8606637,104777,55bbfc3d7514dc0bdb1ebee39d466ed0fb79ccd00ed17564cde59f83bc7614de,
62000007,2010,6,0,637b2c8da853bb1832c130f7e3bf70d07d3801190af1b8c77a8346faee3bfbb9,
62000007,2011,6,0,637b2c8da853bb1832c130f7e3bf70d07d3801190af1b8c77a8346faee3bfbb9,
62000007,2012,6,0,637b2c8da853bb1832c130f7e3bf70d07d3801190af1b8c77a8346faee3bfbb9,
62000007,2013,6,0,637b2c8da853bb1832c130f7e3bf70d07d3801190af1b8c77a8346faee3bfbb9,
62000007,2014,6,0,637b2c8da853bb1832c130f7e3bf70d07d3801190af1b8c77a8346faee3bfbb9,
62000007,2015,6,0,637b2c8da853bb1832c130f7e3bf70d07d3801190af1b8c77a8346faee3bfbb9,
62000007,2016,6,0,637b2c8da853bb1832c130f7e3bf70d07d3801190af1b8c77a8346faee3bfbb9,
62000007,2017,6,0,637b2c8da853bb1832c130f7e3bf70d07d3801190af1b8c77a8346faee3bfbb9,
62000007,2018,6,0,637b2c8da853bb1832c130f7e3bf70d07d3801190af1b8c77a8346faee3bfbb9,
62000007,2019,6,0,637b2c8da853bb1832c130f7e3bf70d07d3801190af1b8c77a8346faee3bfbb9,
62000007,2020,6,0,637b2c8da853bb1832c130f7e3bf70d07d3801190af1b8c77a8346faee3bfbb9,
62000007,2021,6,0,637b2c8da853bb1832c130f7e3bf70d07d3801190af1b8c77a8346faee3bfbb9,
62000007,2022,6,0,637b2c8da853bb1832c130f7e3bf70d07d3801190af1b8c77a8346faee3bfbb9,
62000007,2023,1395114,16917,4c543bd39ef0d1923e9edef51d487cd2f79b2caa8e528a2645be85ec86cd7142,
62000007,2024,8675613,105403,29872b08b8eb901c4a4f2c0ef52c1e5b6958b5dd4947353997ab55ca24d735d3,
62000007,2025,8627698,105119,57f769ab13dc9e16376d6732cf4515c626622247723e0cbed241785259cbe22a,
62000053,2010,1870095,22889,31e8faa09304669e37105a10d6f88c09bb3fa58ed9e49492fdfce15943f4da02,
62000053,2011,1533843,18719,f734c063b6f8b33faeeea7460e65ccc5871c8a4fdaac318c0abc9827877a92e1,
62000053,2012,675686,8228,0bdedb0f674c156a6b5db229f2e72c44702d493d6b881850ce3f86ebb59e8540,
62000053,2013,711567,8682,cf2e06bed4de65fba6dcf3dd58c3de1507ec6e2b7b28edc62a095fe8a82b865c,
62000053,2014,2476401,30365,01826a1f584591ea51ead8b38c43066563d6cf71ccd014ed39e9028fa11ed75b,
62000053,2015,2824712,34577,72e2bc1f09db56990c50563c2ff7ceaaafd6b52ae57e6ba34ec4e902c68ac000,
62000053,2016,2640367,32397,d46914f9de07c8919c8184a88371b83f7a977499a49c394dab12795eac345f48,
62000053,2017,2868989,35040,27518a66cbea3d5699ff00d55306b6ea01f76cec1c38ca3f90e7bfcfb320f08d,
62000053,2018,2852904,35028,f3a5a79db397bd87a4dd6172f5d7441a22a7cd8a94a3ee7c21d34609cc4d0172,
62000053,2019,1997182,24567,ec4056815432fcf5639bd0eeafcd364ec57eb8946b03ca214c7d4669adf969af,
62000053,2020,2843100,34961,f2749cda4d48aca323dc84bb771337f4eacb0cdf471aa2c24880f24eaf02d0f0,
62000053,2021,2537698,31155,07c3acd5401707f2ad0c2a7e1f6a344d14f6a2ea871aa6ea22f566ed48c7449a,
62000053,2022,2965204,36457,d99436cfe5c959dfd8f5aa191c4e83fcf2614d0c5a0871b6384f15b8dee2ad14,
62000053,2023,2854090,35036,21c457ea31190fdbf82f1801e9bc63322a2052c5a0974941f648ee3c97d5b24c,
62000053,2024,6,0,637b2c8da853bb1832c130f7e3bf70d07d3801190af1b8c77a8346faee3bfbb9,
62000053,2025,164232,2005,9edcf70910323304e2a02049d2d271b8ccec670e0743952f086187e4892e698c,
62000386,2010,6,0,637b2c8da853bb1832c130f7e3bf70d07d3801190af1b8c77a8346faee3bfbb9,
62000386,2011,6,0,637b2c8da853bb1832c130f7e3bf70d07d3801190af1b8c77a8346faee3bfbb9,
62000386,2012,6,0,637b2c8da853bb1832c130f7e3bf70d07d3801190af1b8c77a8346faee3bfbb9,
62000386,2013,6,0,637b2c8da853bb1832c130f7e3bf70d07d3801190af1b8c77a8346faee3bfbb9,
62000386,2014,6,0,637b2c8da853bb1832c130f7e3bf70d07d3801190af1b8c77a8346faee3bfbb9,
62000386,2015,6,0,637b2c8da853bb1832c130f7e3bf70d07d3801190af1b8c77a8346faee3bfbb9,
62000386,2016,6,0,637b2c8da853bb1832c130f7e3bf70d07d3801190af1b8c77a8346faee3bfbb9,
62000386,2017,6,0,637b2c8da853bb1832c130f7e3bf70d07d3801190af1b8c77a8346faee3bfbb9,
62000386,2018,6,0,637b2c8da853bb1832c130f7e3bf70d07d3801190af1b8c77a8346faee3bfbb9,
62000386,2019,6,0,637b2c8da853bb1832c130f7e3bf70d07d3801190af1b8c77a8346faee3bfbb9,
62000386,2020,6,0,637b2c8da853bb1832c130f7e3bf70d07d3801190af1b8c77a8346faee3bfbb9,
62000386,2021,6,0,637b2c8da853bb1832c130f7e3bf70d07d3801190af1b8c77a8346faee3bfbb9,
62000386,2022,6,0,637b2c8da853bb1832c130f7e3bf70d07d3801190af1b8c77a8346faee3bfbb9,
62000386,2023,1397077,16918,825927f56f7a8b15b28edf5e8559039f5388912a29f03cb131a14e5c83b7d881,
62000386,2024,6916750,84579,cee662d23b86665a7b027ad2ad9877bf4316984decd721989dc7232836ee6b73,
62000386,2025,7846310,96083,92dcc9533a718afa587ddb7678399e5be6e98f29ca65acfef8d135f60ea8d082,
63000312,2010,6,0,637b2c8da853bb1832c130f7e3bf70d07d3801190af1b8c77a8346faee3bfbb9,
63000312,2011,6,0,637b2c8da853bb1832c130f7e3bf70d07d3801190af1b8c77a8346faee3bfbb9,
63000312,2012,6,0,637b2c8da853bb1832c130f7e3bf70d07d3801190af1b8c77a8346faee3bfbb9,
63000312,2013,6,0,637b2c8da853bb1832c130f7e3bf70d07d3801190af1b8c77a8346faee3bfbb9,
63000312,2014,6,0,637b2c8da853bb1832c130f7e3bf70d07d3801190af1b8c77a8346faee3bfbb9,
63000312,2015,6,0,637b2c8da853bb1832c130f7e3bf70d07d3801190af1b8c77a8346faee3bfbb9,
63000312,2016,6,0,637b2c8da853bb1832c130f7e3bf70d07d3801190af1b8c77a8346faee3bfbb9,
63000312,2017,6,0,637b2c8da853bb1832c130f7e3bf70d07d3801190af1b8c77a8346faee3bfbb9,
63000312,2018,6,0,637b2c8da853bb1832c130f7e3bf70d07d3801190af1b8c77a8346faee3bfbb9,
63000312,2019,6,0,637b2c8da853bb1832c130f7e3bf70d07d3801190af1b8c77a8346faee3bfbb9,
63000312,2020,6,0,637b2c8da853bb1832c130f7e3bf70d07d3801190af1b8c77a8346faee3bfbb9,
63000312,2021,6,0,637b2c8da853bb1832c130f7e3bf70d07d3801190af1b8c77a8346faee3bfbb9,
63000312,2022,6,0,637b2c8da853bb1832c130f7e3bf70d07d3801190af1b8c77a8346faee3bfbb9,
63000312,2023,6,0,637b2c8da853bb1832c130f7e3bf70d07d3801190af1b8c77a8346faee3bfbb9,
63000312,2024,7331287,89029,832371058152f8798dfdee7f9c5b6d87a895c395ae63938bdb90a66a72440d3e,
63000312,2025,3324220,40316,2b46ea2f0d237e8cc1f4b362e2540c7b31f9b1dba64ad4596bf5cf1d3a5fb493,
64000249,2010,1986326,24151,b7da5756f8538d65ee5eef408120fff756ca877e1045c80e7214bef38644bd02,
64000249,2011,1321754,15946,fa18eaf98434672cd7a2b618920afda40cae6ae42f742a32d5dc2dab5d950c58,
64000249,2012,1057755,12818,0c44f1db82f16cc5a38470cffca4e5366647c3e29ccb026da6a9a6adfeaeadf3,
64000249,2013,955923,11585,e28f6e6c6553ea3d8d66415131c66994a68cc2fc211479812a9fe0578a7aa041,
64000249,2014,873081,10604,d4eb84f92d5be8b0a831a719e7f84f227ef0668da6ac1134fbbfec4c0173c1f9,
64000249,2015,1028265,12458,bec308e4e6402aa10fda60ac03f2d2aafb00b9328db3b5525c05642c77f58c87,
64000249,2016,2738795,33484,457fd24468019609ac2c4d8e699ac9315c659a7d6a9108f58b081be3b1cb5232,
64000249,2017,2891917,35040,26dc8558f33570c133d76ecc365f9682810e4b35dbbe807bdc9b2098d487d87d,
64000249,2018,2861022,35018,0607e0640e6bf6d500d166831f9fae302988d2d696b20fb383952b0a95a749c9,
64000249,2019,2868754,35034,58fe3676cc5f8fe5da03f663b3c06e295b4e8545daa8367c404fa27e7b5c8970,
64000249,2020,2868385,35108,3deb948ccaf06d2581f52b7e6b82809e0674b25011c272a3a18ff3b4e92200d4,
64000249,2021,2862528,34929,a779d075871081b99e84ba11cf1f5afbb8c61ab7a7d3f435cb46bcd9f520fbb8,
64000249,2022,3808404,46739,f2bb6f7be6733b57c04158329bca060a197986e1aa69184b8493d0b801ed568c,
64000249,2023,4296999,52493,f2b41af757c68a29937e7ad7ff1b5f434291117e4891358f07a7b7dd7e659760,
64000249,2024,6,0,637b2c8da853bb1832c130f7e3bf70d07d3801190af1b8c77a8346faee3bfbb9,
64000249,2025,606353,7333,8a935f267209800b8343f3c9cc86bcb496041f5d022f466dfd9880584cbf0d52,
65000289,2010,6,0,637b2c8da853bb1832c130f7e3bf70d07d3801190af1b8c77a8346faee3bfbb9,
65000289,2011,6,0,637b2c8da853bb1832c130f7e3bf70d07d3801190af1b8c77a8346faee3bfbb9,
65000289,2012,6,0,637b2c8da853bb1832c130f7e3bf70d07d3801190af1b8c77a8346faee3bfbb9,
65000289,2013,6,0,637b2c8da853bb1832c130f7e3bf70d07d3801190af1b8c77a8346faee3bfbb9,
65000289,2014,6,0,637b2c8da853bb1832c130f7e3bf70d07d3801190af1b8c77a8346faee3bfbb9,
65000289,2015,6,0,637b2c8da853bb1832c130f7e3bf70d07d3801190af1b8c77a8346faee3bfbb9,
65000289,2016,6,0,637b2c8da853bb1832c130f7e3bf70d07d3801190af1b8c77a8346faee3bfbb9,
65000289,2017,6,0,637b2c8da853bb1832c130f7e3bf70d07d3801190af1b8c77a8346faee3bfbb9,
65000289,2018,6,0,637b2c8da853bb1832c130f7e3bf70d07d3801190af1b8c77a8346faee3bfbb9,
65000289,2019,6,0,637b2c8da853bb1832c130f7e3bf70d07d3801190af1b8c77a8346faee3bfbb9,
65000289,2020,6,0,637b2c8da853bb1832c130f7e3bf70d07d3801190af1b8c77a8346faee3bfbb9,
65000289,2021,6,0,637b2c8da853bb1832c130f7e3bf70d07d3801190af1b8c77a8346faee3bfbb9,
65000289,2022,6,0,637b2c8da853bb1832c130f7e3bf70d07d3801190af1b8c77a8346faee3bfbb9,
65000289,2023,1264200,15187,ba69bb1b059584437c45ae76970951b9887c430f98e594d14a79a3fd02ec8222,
65000289,2024,8067424,97777,3f5405a8ce74a3c4e2b3755eb13b4e1f9ac4ef280930ea60398666e7c0454a9a,
65000289,2025,8536886,104074,6a2afa42d90122ee0698980c1ba34431b8c93316f899f68b96c0d71062b51cec,
66000013,2010,1461402,17654,f111470f08c49c440da3e867a01f9cf00b91ca189b001130e7391a62e4c52884,
66000013,2011,1399541,16885,cc61567d6a37d1476ed4340bd9dbff93b55e158be1d5785045285ac8b3146c3d,
66000013,2012,1077130,13025,4e14a4df9364204d1385c902e1c0866cec47f3c9ed9a6fe3939ce6cc3ab20f38,
66000013,2013,1268260,15351,077a1f261f29c03621807fa08783f6d568839d3913c7bf3aea74967e4f352ba1,
66000013,2014,1214319,14727,0a83b76bdd8535d8a31c465f81da4ccd3e02c5db6435e723029a648147367819,
66000013,2015,1181442,14319,9f112d6a4e904470df21663be0736d9af51c57c5bc20346e5f066a5b7bd9a1c2,
66000013,2016,2406094,29329,a9c08e460a23b28e8af9ad3d058d26616b18f4f9366b642a2aa176af65892dac,
66000013,2017,2875585,34938,7737ca7a286851e95f7141fc4afd454f1b933216e2e45fa138c93013daec8960,
66000013,2018,2881896,35019,b7e5fbd70f49ef32913494515a499b707707d3d7e1ecdeb156583e3f88a981bb,
66000013,2019,2883184,35018,c60f145f11cf5f9d34e94f8d2f9ffd84e52f751d18b47b9d4b249493f41a48db,
66000013,2020,2881603,35127,cad135b440c6728c0fc1ffd6b373b6d0239838327f3d3f0e34f3bb3292c06aeb,
66000013,2021,2884305,35019,87938f773167b9ad13a71bd481c8ec872a960351bbf363f4d3cd8945e4d36f7b,
66000013,2022,3793068,46233,27fb38c6b3f1567315a79ed56af0d3fb51e5d95fcd8d6617222c597ab61142a3,
66000013,2023,4149227,50307,9cfb8eeecc221d162853b730436520e65b6a3364853710cc4fed05e30ffc227e,
66000013,2024,6,0,637b2c8da853bb1832c130f7e3bf70d07d3801190af1b8c77a8346faee3bfbb9,
66000013,2025,607411,7333,49fa58f83e556e78f59d7ebab9ee09b6fbec5b885cb883b2964247c82d6ce28b,
