{"type":"FeatureCollection","features":[{"type":"Feature","id":"windfarms.1","geometry":{"type":"Point","coordinates":[2.84,51.69]},"geometry_name":"the_geom","properties":{"country":"Belgium","name":"Belwind Alstom Haliade Demonstration Bligh Bank","n_turbines":1,"power_mw":6.0,"status":"Production","type_inst":null,"updateyear":"2024","year":"2013","dist_coast":43900.7770495,"notes":null}},{"type":"Feature","id":"windfarms.31","geometry":{"type":"Point","coordinates":[11.13,54.97]},"geometry_name":"the_geom","properties":{"country":"Denmark","name":"Vindeby-Lolland","n_turbines":11,"power_mw":4.95,"status":"Dismantled","type_inst":null,"updateyear":"2024","year":"1991","dist_coast":1676.31282224,"notes":null}},{"type":"Feature","id":"windfarms.55","geometry":{"type":"Point","coordinates":[24.56,65.658]},"geometry_name":"the_geom","properties":{"country":"Finland","name":"Ajos 1","n_turbines":1,"power_mw":3.0,"status":"Dismantled","type_inst":null,"updateyear":"2025","year":"2005","dist_coast":14.5967166922,"notes":"Decommission: 2016"}},{"type":"Feature","id":"windfarms.56","geometry":{"type":"Point","coordinates":[24.5,65.667]},"geometry_name":"the_geom","properties":{"country":"Finland","name":"Ajos 2-3","n_turbines":2,"power_mw":6.0,"status":"Dismantled","type_inst":null,"updateyear":"2025","year":"2008","dist_coast":617.841573465,"notes":"Decommission: 2016"}},{"type":"Feature","id":"windfarms.57","geometry":{"type":"Point","coordinates":[24.551,65.658]},"geometry_name":"the_geom","properties":{"country":"Finland","name":"Ajos 4","n_turbines":1,"power_mw":3.0,"status":"Dismantled","type_inst":null,"updateyear":"2025","year":"2008","dist_coast":53.0401905994,"notes":"Decommission: 2016"}},{"type":"Feature","id":"windfarms.58","geometry":{"type":"Point","coordinates":[24.563,65.65]},"geometry_name":"the_geom","properties":{"country":"Finland","name":"Ajos 5","n_turbines":1,"power_mw":3.0,"status":"Dismantled","type_inst":null,"updateyear":"2025","year":"2007","dist_coast":627.514723556,"notes":"Decommission: 2016"}},{"type":"Feature","id":"windfarms.59","geometry":{"type":"Point","coordinates":[24.551,65.658]},"geometry_name":"the_geom","properties":{"country":"Finland","name":"Ajos 6-7","n_turbines":2,"power_mw":6.0,"status":"Dismantled","type_inst":null,"updateyear":"2025","year":"2008","dist_coast":53.0401905994,"notes":"Decommission: 2016"}},{"type":"Feature","id":"windfarms.60","geometry":{"type":"Point","coordinates":[24.551,65.658]},"geometry_name":"the_geom","properties":{"country":"Finland","name":"Ajos 8-9-10-11","n_turbines":4,"power_mw":12.0,"status":"Dismantled","type_inst":null,"updateyear":"2025","year":"2008","dist_coast":53.0401905994,"notes":"Decommission: 2016"}},{"type":"Feature","id":"windfarms.61","geometry":{"type":"Point","coordinates":[24.545,65.668]},"geometry_name":"the_geom","properties":{"country":"Finland","name":"Ajos Repowering Offshore Part","n_turbines":8,"power_mw":26.4,"status":"Production","type_inst":null,"updateyear":"2025","year":"2017","dist_coast":787.926442907,"notes":null}},{"type":"Feature","id":"windfarms.62","geometry":{"type":"Point","coordinates":[24.545,65.668]},"geometry_name":"the_geom","properties":{"country":"Finland","name":"Ajos Repowering Onshore Part","n_turbines":5,"power_mw":16.0,"status":"Production","type_inst":null,"updateyear":"2025","year":"2017","dist_coast":787.926442907,"notes":null}},{"type":"Feature","id":"windfarms.72","geometry":{"type":"Point","coordinates":[21.35,61.62]},"geometry_name":"the_geom","properties":{"country":"Finland","name":"Pori Offshore 1 Reposaaren Tuulipuisto","n_turbines":1,"power_mw":2.3,"status":"Production","type_inst":null,"updateyear":"2025","year":"2010","dist_coast":918.375060078,"notes":null}},{"type":"Feature","id":"windfarms.74","geometry":{"type":"Point","coordinates":[21.26,61.608]},"geometry_name":"the_geom","properties":{"country":"Finland","name":"Pori-Tahkoluoto Pori 2","n_turbines":10,"power_mw":42.0,"status":"Production","type_inst":null,"updateyear":"2025","year":"2017","dist_coast":5511.38506399,"notes":null}},{"type":"Feature","id":"windfarms.89","geometry":{"type":"Point","coordinates":[-4.562,48.352]},"geometry_name":"the_geom","properties":{"country":"France","name":"Eolink Prototype","n_turbines":1,"power_mw":0.2,"status":"Dismantled","type_inst":null,"updateyear":"2024","year":"2018","dist_coast":406.045317156,"notes":null}},{"type":"Feature","id":"windfarms.90","geometry":{"type":"Point","coordinates":[-2.778,47.238]},"geometry_name":"the_geom","properties":{"country":"France","name":"FLOATGEN Demonstrator 1  IDEOL Gamesa","n_turbines":1,"power_mw":2.0,"status":"Production","type_inst":null,"updateyear":"2024","year":"2018","dist_coast":10604.7410527,"notes":null}},{"type":"Feature","id":"windfarms.92","geometry":{"type":"Point","coordinates":[-1.974,47.282]},"geometry_name":"the_geom","properties":{"country":"France","name":"Le Carnet Prototype Haliade 150","n_turbines":1,"power_mw":6.0,"status":"Dismantled","type_inst":null,"updateyear":"2024","year":"2012","dist_coast":5304.03496545,"notes":null}},{"type":"Feature","id":"windfarms.96","geometry":{"type":"Point","coordinates":[12.13,54.16]},"geometry_name":"the_geom","properties":{"country":"Germany","name":"Breitling","n_turbines":1,"power_mw":2.5,"status":"Production","type_inst":null,"updateyear":"2024","year":"2006","dist_coast":358.792200864,"notes":null}},{"type":"Feature","id":"windfarms.97","geometry":{"type":"Point","coordinates":[7.21,53.33]},"geometry_name":"the_geom","properties":{"country":"Germany","name":"Emden Offshore Enova","n_turbines":1,"power_mw":4.5,"status":"Production","type_inst":null,"updateyear":"2024","year":"2004","dist_coast":378.400967429,"notes":null}},{"type":"Feature","id":"windfarms.98","geometry":{"type":"Point","coordinates":[8.104,53.637]},"geometry_name":"the_geom","properties":{"country":"Germany","name":"Hooksiel","n_turbines":1,"power_mw":5.0,"status":"Dismantled","type_inst":null,"updateyear":"2024","year":"2008","dist_coast":758.40198315,"notes":null}},{"type":"Feature","id":"windfarms.252","geometry":{"type":"Point","coordinates":[17.135,40.485]},"geometry_name":"the_geom","properties":{"country":"Italy","name":"Taranto Offshore Beleolico","n_turbines":10,"power_mw":30.0,"status":"Production","type_inst":"Grounded","updateyear":"2026","year":"2022","dist_coast":1422.35648106,"notes":null}},{"type":"Feature","id":"windfarms.261","geometry":{"type":"Point","coordinates":[5.588,52.598]},"geometry_name":"the_geom","properties":{"country":"Netherlands","name":"Irene Vorrink I H.v.d.Kroonenberg","n_turbines":19,"power_mw":11.4,"status":"Dismantled","type_inst":null,"updateyear":"2024","year":"1996","dist_coast":6875.12852199,"notes":null}},{"type":"Feature","id":"windfarms.262","geometry":{"type":"Point","coordinates":[5.588,52.598]},"geometry_name":"the_geom","properties":{"country":"Netherlands","name":"Irene Vorrink II H.v.d.Kroonenberg","n_turbines":9,"power_mw":5.4,"status":"Dismantled","type_inst":null,"updateyear":"2024","year":"1997","dist_coast":6875.12852199,"notes":null}},{"type":"Feature","id":"windfarms.263","geometry":{"type":"Point","coordinates":[5.12,52.8]},"geometry_name":"the_geom","properties":{"country":"Netherlands","name":"Lely Ijsselmeer","n_turbines":4,"power_mw":2.0,"status":"Dismantled","type_inst":null,"updateyear":"2024","year":"1997","dist_coast":15813.8054929,"notes":null}},{"type":"Feature","id":"windfarms.264","geometry":{"type":"Point","coordinates":[5.58,52.72]},"geometry_name":"the_geom","properties":{"country":"Netherlands","name":"Westermeerdijk buitendijks Windpark Noordoostpolder-Westermeerwind","n_turbines":48,"power_mw":144.0,"status":"Production","type_inst":null,"updateyear":"2024","year":"2016","dist_coast":6769.24351501,"notes":null}},{"type":"Feature","id":"windfarms.265","geometry":{"type":"Point","coordinates":[5.26,53]},"geometry_name":"the_geom","properties":{"country":"Netherlands","name":"Windpark Fryslân","n_turbines":89,"power_mw":382.7,"status":"Production","type_inst":null,"updateyear":"2024","year":"2021","dist_coast":4100.12192536,"notes":null}},{"type":"Feature","id":"windfarms.266","geometry":{"type":"Point","coordinates":[5.58,52.6]},"geometry_name":"the_geom","properties":{"country":"Netherlands","name":"Windplanblauw","n_turbines":24,"power_mw":132.0,"status":"Production","type_inst":"Grounded","updateyear":"2026","year":"2024","dist_coast":6714.93924172,"notes":null}},{"type":"Feature","id":"windfarms.268","geometry":{"type":"Point","coordinates":[17.65,55.05]},"geometry_name":"the_geom","properties":{"country":"Poland","name":"Baltic Power","n_turbines":76,"power_mw":1140.0,"status":"Construction","type_inst":"Grounded","updateyear":"2026","year":"2026","dist_coast":28426.9069649,"notes":null}},{"type":"Feature","id":"windfarms.273","geometry":{"type":"Point","coordinates":[17.26,55.52]},"geometry_name":"the_geom","properties":{"country":"Poland","name":"Baltyk I Phase 1","n_turbines":190,"power_mw":1140.0,"status":"Planned","type_inst":"Grounded","updateyear":"2026","year":"2028","dist_coast":51081.3317038,"notes":null}},{"type":"Feature","id":"windfarms.274","geometry":{"type":"Point","coordinates":[17.38,55.51]},"geometry_name":"the_geom","properties":{"country":"Poland","name":"Baltyk I Phase 2","n_turbines":70,"power_mw":420.0,"status":"Planned","type_inst":"Grounded","updateyear":"2026","year":"2028","dist_coast":57895.8273173,"notes":null}},{"type":"Feature","id":"windfarms.287","geometry":{"type":"Point","coordinates":[-8.85,41.46]},"geometry_name":"the_geom","properties":{"country":"Portugal","name":"WindFloat Prototype","n_turbines":1,"power_mw":2.0,"status":"Dismantled","type_inst":null,"updateyear":"2024","year":"2012","dist_coast":6019.1827204,"notes":null}},{"type":"Feature","id":"windfarms.309","geometry":{"type":"Point","coordinates":[-2.88,43.47]},"geometry_name":"the_geom","properties":{"country":"Spain","name":"DemoSATH BIMEP","n_turbines":1,"power_mw":2.0,"status":"Production","type_inst":null,"updateyear":"2024","year":"2023","dist_coast":3765.70450743,"notes":null}},{"type":"Feature","id":"windfarms.311","geometry":{"type":"Point","coordinates":[-15.36,28.04]},"geometry_name":"the_geom","properties":{"country":"Spain","name":"Elican","n_turbines":1,"power_mw":5.0,"status":"Production","type_inst":null,"updateyear":"2024","year":"2018","dist_coast":3211.17409717,"notes":null}},{"type":"Feature","id":"windfarms.317","geometry":{"type":"Point","coordinates":[-15.4,27.85]},"geometry_name":"the_geom","properties":{"country":"Spain","name":"Gamesa 5MW Test Turbine Arinaga Offshore","n_turbines":1,"power_mw":4.5,"status":"Production","type_inst":null,"updateyear":"2024","year":"2013","dist_coast":22.3659299649,"notes":null}},{"type":"Feature","id":"windfarms.344","geometry":{"type":"Point","coordinates":[-15.36,28.04]},"geometry_name":"the_geom","properties":{"country":"Spain","name":"Plocan","n_turbines":5,"power_mw":50.0,"status":"Production","type_inst":null,"updateyear":"2024","year":"2017","dist_coast":3211.17409717,"notes":null}},{"type":"Feature","id":"windfarms.365","geometry":{"type":"Point","coordinates":[-2.692,58.304]},"geometry_name":"the_geom","properties":{"country":"United Kingdom","name":"Beatrice Demonstration","n_turbines":2,"power_mw":10.0,"status":"Dismantled","type_inst":null,"updateyear":"2025","year":"2007","dist_coast":25483.2452912,"notes":"Decommission: 2016"}},{"type":"Feature","id":"windfarms.392","geometry":{"type":"Point","coordinates":[-4.907,53.81]},"geometry_name":"the_geom","properties":{"country":"United Kingdom","name":"Walney Phase 1","n_turbines":51,"power_mw":183.6,"status":"Production","type_inst":null,"updateyear":"2025","year":"2011","dist_coast":26837.1109156,"notes":null}},{"type":"Feature","id":"windfarms.409","geometry":{"type":"Point","coordinates":[11.3,58.25]},"geometry_name":"the_geom","properties":{"country":"Sweden","name":"SeaTwirl 3MW","n_turbines":1,"power_mw":3.0,"status":"Dismantled","type_inst":null,"updateyear":"2025","year":"2011","dist_coast":3153.88176937,"notes":"Decommission: 2019"}},{"type":"Feature","id":"windfarms.414","geometry":{"type":"Point","coordinates":[13.378,59.265]},"geometry_name":"the_geom","properties":{"country":"Sweden","name":"Vänern","n_turbines":7,"power_mw":0.021,"status":"Production","type_inst":null,"updateyear":"2024","year":"2009","dist_coast":113427.734942,"notes":null}},{"type":"Feature","id":"windfarms.417","geometry":{"type":"Point","coordinates":[13.378,59.265]},"geometry_name":"the_geom","properties":{"country":"Sweden","name":"Vänern Gasslingegrund Offshore","n_turbines":7,"power_mw":21.0,"status":"Production","type_inst":null,"updateyear":"2025","year":"2009","dist_coast":113427.734942,"notes":null}},{"type":"Feature","id":"windfarms.435","geometry":{"type":"Point","coordinates":[21.669,58.135]},"geometry_name":"the_geom","properties":{"country":"Estonia","name":"Saare","n_turbines":100,"power_mw":1400.0,"status":"Planned","type_inst":null,"updateyear":"2026","year":"2031","dist_coast":17898.6550731,"notes":null}},{"type":"Feature","id":"windfarms.551","geometry":{"type":"Point","coordinates":[-9.0574,41.6865]},"geometry_name":"the_geom","properties":{"country":"Portugal","name":"Windfloat Atlantic","n_turbines":3,"power_mw":25.0,"status":"Production","type_inst":"Floating","updateyear":"2026","year":"2020","dist_coast":16065.5888801,"notes":null}},{"type":"Feature","id":"windfarms.591","geometry":{"type":"Point","coordinates":[-1.37,55.17]},"geometry_name":"the_geom","properties":{"country":"United Kingdom","name":"Blyth Offshore NaREC Offshore Wind Demonstration Project","n_turbines":5,"power_mw":41.5,"status":"Production","type_inst":null,"updateyear":"2026","year":"2017","dist_coast":8416.18422552,"notes":null}},{"type":"Feature","id":"windfarms.593","geometry":{"type":"Point","coordinates":[14.742,56.003]},"geometry_name":"the_geom","properties":{"country":"Sweden","name":"Nogersund Svante 1","n_turbines":1,"power_mw":0.22,"status":"Dismantled","type_inst":null,"updateyear":"2026","year":"1990","dist_coast":269.134287659,"notes":null}},{"type":"Feature","id":"windfarms.618","geometry":{"type":"Point","coordinates":[3.27,42.81]},"geometry_name":"the_geom","properties":{"country":"France","name":"Golfe du Lion Leucate - EFGL","n_turbines":3,"power_mw":30.0,"status":"Production","type_inst":null,"updateyear":"2026","year":"2025","dist_coast":18817.9839332,"notes":null}},{"type":"Feature","id":"windfarms.29","geometry":{"type":"Point","coordinates":[7.86,57.28]},"geometry_name":"the_geom","properties":{"country":"Denmark","name":"Thybo II","n_turbines":null,"power_mw":1760.0,"status":"Planned","type_inst":null,"updateyear":"2026","year":"2029","dist_coast":45544.1360142,"notes":null}},{"type":"Feature","id":"windfarms.63","geometry":{"type":"Point","coordinates":[23.85,65.03]},"geometry_name":"the_geom","properties":{"country":"Finland","name":"Halla","n_turbines":null,"power_mw":1920.0,"status":"Planned","type_inst":null,"updateyear":"2024","year":"2036","dist_coast":33096.254757,"notes":null}},{"type":"Feature","id":"windfarms.66","geometry":{"type":"Point","coordinates":[20.77,62.79]},"geometry_name":"the_geom","properties":{"country":"Finland","name":"Korsnäs - Forststyrelsen","n_turbines":null,"power_mw":2000.0,"status":"Planned","type_inst":null,"updateyear":"2026","year":"2034","dist_coast":15298.4918312,"notes":null}},{"type":"Feature","id":"windfarms.67","geometry":{"type":"Point","coordinates":[21.84,63.79]},"geometry_name":"the_geom","properties":{"country":"Finland","name":"Laine","n_turbines":null,"power_mw":1950.0,"status":"Planned","type_inst":null,"updateyear":"2026","year":"2038","dist_coast":31855.129154,"notes":null}},{"type":"Feature","id":"windfarms.68","geometry":{"type":"Point","coordinates":[20.69,61.8]},"geometry_name":"the_geom","properties":{"country":"Finland","name":"Navakka","n_turbines":null,"power_mw":1500.0,"status":"Planned","type_inst":null,"updateyear":"2026","year":"2030","dist_coast":32683.5845658,"notes":null}},{"type":"Feature","id":"windfarms.71","geometry":{"type":"Point","coordinates":[24.61,65.28]},"geometry_name":"the_geom","properties":{"country":"Finland","name":"Pooki","n_turbines":null,"power_mw":2000.0,"status":"Planned","type_inst":null,"updateyear":"2026","year":"2035","dist_coast":11969.3473537,"notes":null}},{"type":"Feature","id":"windfarms.79","geometry":{"type":"Point","coordinates":[20.8,62.53]},"geometry_name":"the_geom","properties":{"country":"Finland","name":"Tyrsky","n_turbines":null,"power_mw":1400.0,"status":"Planned","type_inst":null,"updateyear":"2026","year":"2040","dist_coast":13064.9004523,"notes":null}},{"type":"Feature","id":"windfarms.83","geometry":{"type":"Point","coordinates":[21.03,61.6]},"geometry_name":"the_geom","properties":{"country":"Finland","name":"Wellamo","n_turbines":null,"power_mw":2000.0,"status":"Planned","type_inst":null,"updateyear":"2026","year":"2035","dist_coast":16579.7709205,"notes":null}},{"type":"Feature","id":"windfarms.94","geometry":{"type":"Point","coordinates":[-2.778,47.24]},"geometry_name":"the_geom","properties":{"country":"France","name":"SEM-REV","n_turbines":null,"power_mw":8.0,"status":"Production","type_inst":null,"updateyear":"2024","year":"2015","dist_coast":10400.6807491,"notes":null}},{"type":"Feature","id":"windfarms.120","geometry":{"type":"Point","coordinates":[-6.37,51.84]},"geometry_name":"the_geom","properties":{"country":"Ireland","name":"Blackwater","n_turbines":null,"power_mw":1500.0,"status":"Planned","type_inst":"Floating","updateyear":"2026","year":"2030","dist_coast":34688.5850973,"notes":null}},{"type":"Feature","id":"windfarms.136","geometry":{"type":"Point","coordinates":[-7.59,51.61]},"geometry_name":"the_geom","properties":{"country":"Ireland","name":"Inis Ealga FOW","n_turbines":null,"power_mw":1000.0,"status":"Planned","type_inst":"Floating","updateyear":"2026","year":"2030","dist_coast":35343.0657165,"notes":null}},{"type":"Feature","id":"windfarms.140","geometry":{"type":"Point","coordinates":[-8.26,51.47]},"geometry_name":"the_geom","properties":{"country":"Ireland","name":"Kinsale","n_turbines":null,"power_mw":1000.0,"status":"Planned","type_inst":"Floating","updateyear":"2026","year":"2030","dist_coast":24161.7979172,"notes":null}},{"type":"Feature","id":"windfarms.141","geometry":{"type":"Point","coordinates":[-5.78,52.81]},"geometry_name":"the_geom","properties":{"country":"Ireland","name":"Latitude 52","n_turbines":null,"power_mw":1000.0,"status":"Planned","type_inst":"Grounded","updateyear":"2026","year":"2030","dist_coast":19402.0947406,"notes":null}},{"type":"Feature","id":"windfarms.144","geometry":{"type":"Point","coordinates":[-5.78,52.65]},"geometry_name":"the_geom","properties":{"country":"Ireland","name":"Mac Lir Offshore Wind","n_turbines":null,"power_mw":1000.0,"status":"Planned","type_inst":"Grounded","updateyear":"2026","year":"2030","dist_coast":26066.330415,"notes":null}},{"type":"Feature","id":"windfarms.145","geometry":{"type":"Point","coordinates":[-7.38,55.75]},"geometry_name":"the_geom","properties":{"country":"Ireland","name":"Malin Wind","n_turbines":null,"power_mw":1000.0,"status":"Planned","type_inst":"Grounded","updateyear":"2026","year":"2030","dist_coast":34479.736302,"notes":null}},{"type":"Feature","id":"windfarms.146","geometry":{"type":"Point","coordinates":[-10.33,52.45]},"geometry_name":"the_geom","properties":{"country":"Ireland","name":"Moneypoint Offshore One","n_turbines":null,"power_mw":400.0,"status":"Planned","type_inst":"Floating","updateyear":"2026","year":"2030","dist_coast":20416.3185178,"notes":null}},{"type":"Feature","id":"windfarms.147","geometry":{"type":"Point","coordinates":[-10.58,52.56]},"geometry_name":"the_geom","properties":{"country":"Ireland","name":"Moneypoint Offshore Two","n_turbines":null,"power_mw":1100.0,"status":"Planned","type_inst":"Floating","updateyear":"2026","year":"2030","dist_coast":38973.072091,"notes":null}},{"type":"Feature","id":"windfarms.152","geometry":{"type":"Point","coordinates":[-5.91,53.27]},"geometry_name":"the_geom","properties":{"country":"Ireland","name":"Sea Stacks","n_turbines":null,"power_mw":800.0,"status":"Planned","type_inst":"Grounded","updateyear":"2026","year":"2030","dist_coast":11416.6036788,"notes":null}},{"type":"Feature","id":"windfarms.153","geometry":{"type":"Point","coordinates":[-6.06,52.39]},"geometry_name":"the_geom","properties":{"country":"Ireland","name":"Shelmalere","n_turbines":null,"power_mw":1000.0,"status":"Planned","type_inst":"Grounded","updateyear":"2026","year":"2030","dist_coast":17654.7551243,"notes":null}},{"type":"Feature","id":"windfarms.166","geometry":{"type":"Point","coordinates":[-10.25,52.84]},"geometry_name":"the_geom","properties":{"country":"Ireland","name":"Western Star Floating Wind","n_turbines":null,"power_mw":1350.0,"status":"Planned","type_inst":"Floating","updateyear":"2026","year":"2032","dist_coast":21255.3770951,"notes":null}},{"type":"Feature","id":"windfarms.168","geometry":{"type":"Point","coordinates":[-5.7,52.86]},"geometry_name":"the_geom","properties":{"country":"Ireland","name":"Wicklow","n_turbines":null,"power_mw":500.0,"status":"Planned","type_inst":"Floating","updateyear":"2026","year":"2030","dist_coast":22755.1189981,"notes":null}},{"type":"Feature","id":"windfarms.269","geometry":{"type":"Point","coordinates":[17.53,55.56]},"geometry_name":"the_geom","properties":{"country":"Poland","name":"Baltica 1","n_turbines":null,"power_mw":900.0,"status":"Planned","type_inst":"Grounded","updateyear":"2026","year":"2030","dist_coast":68610.9138187,"notes":null}},{"type":"Feature","id":"windfarms.270","geometry":{"type":"Point","coordinates":[17.1,55.07]},"geometry_name":"the_geom","properties":{"country":"Poland","name":"Baltica 2","n_turbines":null,"power_mw":1498.0,"status":"Planned","type_inst":"Grounded","updateyear":"2026","year":"2027","dist_coast":38842.0660973,"notes":null}},{"type":"Feature","id":"windfarms.272","geometry":{"type":"Point","coordinates":[17.45,55.06]},"geometry_name":"the_geom","properties":{"country":"Poland","name":"Baltica 3","n_turbines":null,"power_mw":1045.5,"status":"Planned","type_inst":"Grounded","updateyear":"2026","year":"2030","dist_coast":33058.5337673,"notes":null}},{"type":"Feature","id":"windfarms.275","geometry":{"type":"Point","coordinates":[16.88,55.08]},"geometry_name":"the_geom","properties":{"country":"Poland","name":"Baltyk II","n_turbines":null,"power_mw":720.0,"status":"Planned","type_inst":"Grounded","updateyear":"2026","year":"2028","dist_coast":38794.6271149,"notes":null}},{"type":"Feature","id":"windfarms.276","geometry":{"type":"Point","coordinates":[17.36,54.99]},"geometry_name":"the_geom","properties":{"country":"Poland","name":"Baltyk III","n_turbines":null,"power_mw":720.0,"status":"Planned","type_inst":"Grounded","updateyear":"2026","year":"2028","dist_coast":26496.0077637,"notes":null}},{"type":"Feature","id":"windfarms.279","geometry":{"type":"Point","coordinates":[16.64,55.09]},"geometry_name":"the_geom","properties":{"country":"Poland","name":"FEW Baltic II","n_turbines":null,"power_mw":350.0,"status":"Planned","type_inst":"Grounded","updateyear":"2025","year":"2030","dist_coast":30662.3392396,"notes":null}},{"type":"Feature","id":"windfarms.281","geometry":{"type":"Point","coordinates":[-9.46,40.33]},"geometry_name":"the_geom","properties":{"country":"Portugal","name":"Botafogo","n_turbines":null,"power_mw":990.0,"status":"Planned","type_inst":"Floating","updateyear":"2026","year":"2030","dist_coast":49845.6771217,"notes":null}},{"type":"Feature","id":"windfarms.283","geometry":{"type":"Point","coordinates":[-9.09,40.11]},"geometry_name":"the_geom","properties":{"country":"Portugal","name":"Nortada","n_turbines":null,"power_mw":2000.0,"status":"Planned","type_inst":"Floating","updateyear":"2026","year":"2030","dist_coast":17265.3440771,"notes":null}},{"type":"Feature","id":"windfarms.293","geometry":{"type":"Point","coordinates":[-2.41,36.77]},"geometry_name":"the_geom","properties":{"country":"Spain","name":"Alwind","n_turbines":null,"power_mw":300.0,"status":"Planned","type_inst":"Floating","updateyear":"2026","year":"2028","dist_coast":4836.63918699,"notes":null}},{"type":"Feature","id":"windfarms.299","geometry":{"type":"Point","coordinates":[-15.35,27.83]},"geometry_name":"the_geom","properties":{"country":"Spain","name":"Cabildo","n_turbines":null,"power_mw":49.9,"status":"Planned","type_inst":"Floating","updateyear":"2026","year":"2028","dist_coast":5149.76653492,"notes":null}},{"type":"Feature","id":"windfarms.300","geometry":{"type":"Point","coordinates":[-15.39,27.78]},"geometry_name":"the_geom","properties":{"country":"Spain","name":"CanArray","n_turbines":null,"power_mw":48.0,"status":"Planned","type_inst":"Floating","updateyear":"2026","year":"2029","dist_coast":5205.56768259,"notes":null}},{"type":"Feature","id":"windfarms.301","geometry":{"type":"Point","coordinates":[-15.38,27.78]},"geometry_name":"the_geom","properties":{"country":"Spain","name":"CanArray II","n_turbines":null,"power_mw":132.0,"status":"Planned","type_inst":"Floating","updateyear":"2026","year":"2029","dist_coast":6053.23141232,"notes":null}},{"type":"Feature","id":"windfarms.318","geometry":{"type":"Point","coordinates":[3.42,42.15]},"geometry_name":"the_geom","properties":{"country":"Spain","name":"Gavina","n_turbines":null,"power_mw":500.0,"status":"Planned","type_inst":"Floating","updateyear":"2026","year":"2030","dist_coast":16263.4738572,"notes":null}},{"type":"Feature","id":"windfarms.319","geometry":{"type":"Point","coordinates":[-2.87,43.52]},"geometry_name":"the_geom","properties":{"country":"Spain","name":"GEROA","n_turbines":null,"power_mw":45.0,"status":"Planned","type_inst":"Floating","updateyear":"2026","year":"2026","dist_coast":9344.52992278,"notes":null}},{"type":"Feature","id":"windfarms.320","geometry":{"type":"Point","coordinates":[-15.37,27.79]},"geometry_name":"the_geom","properties":{"country":"Spain","name":"Gofio","n_turbines":null,"power_mw":50.0,"status":"Planned","type_inst":"Floating","updateyear":"2026","year":"2028","dist_coast":6469.00232559,"notes":null}},{"type":"Feature","id":"windfarms.333","geometry":{"type":"Point","coordinates":[3.43,42.28]},"geometry_name":"the_geom","properties":{"country":"Spain","name":"Medfloat Pilot Parc","n_turbines":null,"power_mw":50.0,"status":"Planned","type_inst":"Floating","updateyear":"2026","year":"2027","dist_coast":10028.1853535,"notes":null}},{"type":"Feature","id":"windfarms.353","geometry":{"type":"Point","coordinates":[-7.99,43.95]},"geometry_name":"the_geom","properties":{"country":"Spain","name":"San Brandan","n_turbines":null,"power_mw":490.0,"status":"Planned","type_inst":"Floating","updateyear":"2026","year":"2028","dist_coast":21519.8019581,"notes":null}},{"type":"Feature","id":"windfarms.362","geometry":{"type":"Point","coordinates":[-9.28,41.92]},"geometry_name":"the_geom","properties":{"country":"Spain","name":"Volanteiro","n_turbines":null,"power_mw":510.0,"status":"Planned","type_inst":"Floating","updateyear":"2026","year":"2029","dist_coast":32564.3276044,"notes":null}},{"type":"Feature","id":"windfarms.335","geometry":{"type":"Point","coordinates":[-15.32,27.8]},"geometry_name":"the_geom","properties":{"country":"Spain","name":"Mojo","n_turbines":null,"power_mw":50.0,"status":"Planned","type_inst":null,"updateyear":"2024","year":null,"dist_coast":9653.71403076,"notes":null}},{"type":"Feature","id":"windfarms.397","geometry":{"type":"Point","coordinates":[18.23,61.09]},"geometry_name":"the_geom","properties":{"country":"Sweden","name":"Gävle West","n_turbines":null,"power_mw":4000.0,"status":"Planned","type_inst":null,"updateyear":"2026","year":"2032","dist_coast":49019.6333138,"notes":null}},{"type":"Feature","id":"windfarms.401","geometry":{"type":"Point","coordinates":[12.38,56.63]},"geometry_name":"the_geom","properties":{"country":"Sweden","name":"Kattegatt","n_turbines":null,"power_mw":1500.0,"status":"Planned","type_inst":null,"updateyear":"2026","year":"2023","dist_coast":19125.924123,"notes":null}},{"type":"Feature","id":"windfarms.423","geometry":{"type":"Point","coordinates":[5.9495,54.2645]},"geometry_name":"the_geom","properties":{"country":"Germany","name":"Atlantis I wind farm","n_turbines":null,"power_mw":584.0,"status":"Planned","type_inst":"Grounded","updateyear":"2026","year":"2028","dist_coast":86038.9153273,"notes":null}},{"type":"Feature","id":"windfarms.424","geometry":{"type":"Point","coordinates":[4.0952,53.1721]},"geometry_name":"the_geom","properties":{"country":"Netherlands","name":"Nederwiek III Offshore wind farm","n_turbines":null,"power_mw":2000.0,"status":"Planned","type_inst":"Grounded","updateyear":"2026","year":"2031","dist_coast":43333.20758,"notes":null}},{"type":"Feature","id":"windfarms.425","geometry":{"type":"Point","coordinates":[3.7773,53.3958]},"geometry_name":"the_geom","properties":{"country":"Netherlands","name":"Nederwiek I offshore wind farm 1-A","n_turbines":null,"power_mw":1000.0,"status":"Planned","type_inst":"Grounded","updateyear":"2026","year":"2030","dist_coast":72807.4980546,"notes":null}},{"type":"Feature","id":"windfarms.426","geometry":{"type":"Point","coordinates":[3.7773,53.3958]},"geometry_name":"the_geom","properties":{"country":"Netherlands","name":"Nederwiek I offshore wind farm 1-B","n_turbines":null,"power_mw":1000.0,"status":"Planned","type_inst":"Grounded","updateyear":"2026","year":"2030","dist_coast":72807.4980546,"notes":null}},{"type":"Feature","id":"windfarms.438","geometry":{"type":"Point","coordinates":[21.8435,57.9973]},"geometry_name":"the_geom","properties":{"country":"Estonia","name":"Elwind wind farm 2","n_turbines":null,"power_mw":500.0,"status":"Planned","type_inst":null,"updateyear":"2026","year":"2033","dist_coast":8513.07688786,"notes":null}},{"type":"Feature","id":"windfarms.439","geometry":{"type":"Point","coordinates":[20.9649,58.2287]},"geometry_name":"the_geom","properties":{"country":"Estonia","name":"Saare 2.1 wind farm","n_turbines":null,"power_mw":1560.0,"status":"Planned","type_inst":"Grounded","updateyear":"2026","year":"2030","dist_coast":47960.0507118,"notes":null}},{"type":"Feature","id":"windfarms.440","geometry":{"type":"Point","coordinates":[21.8435,57.9973]},"geometry_name":"the_geom","properties":{"country":"Estonia","name":"Elwind wind farm 1","n_turbines":null,"power_mw":500.0,"status":"Planned","type_inst":null,"updateyear":"2026","year":"2033","dist_coast":8513.07688786,"notes":null}},{"type":"Feature","id":"windfarms.449","geometry":{"type":"Point","coordinates":[22.0634,65.1429]},"geometry_name":"the_geom","properties":{"country":"Sweden","name":"Baltic Offshore Omega wind farm","n_turbines":null,"power_mw":1400.0,"status":"Planned","type_inst":"Grounded","updateyear":"2026","year":"2032","dist_coast":6797.79985627,"notes":null}},{"type":"Feature","id":"windfarms.450","geometry":{"type":"Point","coordinates":[17.8585,62.3201]},"geometry_name":"the_geom","properties":{"country":"Sweden","name":"Baltic Offshore Sigma wind farm","n_turbines":null,"power_mw":3000.0,"status":"Planned","type_inst":"Grounded","updateyear":"2026","year":"2033","dist_coast":9804.84551091,"notes":null}},{"type":"Feature","id":"windfarms.452","geometry":{"type":"Point","coordinates":[4.1128,54.2472]},"geometry_name":"the_geom","properties":{"country":"Netherlands","name":"Doordewind offshore wind farm 1","n_turbines":null,"power_mw":2000.0,"status":"Planned","type_inst":"Grounded","updateyear":"2026","year":"2032","dist_coast":119016.592512,"notes":null}},{"type":"Feature","id":"windfarms.454","geometry":{"type":"Point","coordinates":[10.5834,55.7281]},"geometry_name":"the_geom","properties":{"country":"Denmark","name":"Samsø Offshore wind farm","n_turbines":null,"power_mw":21.0,"status":"Production","type_inst":null,"updateyear":"2026","year":"2003","dist_coast":4407.7317321,"notes":null}},{"type":"Feature","id":"windfarms.455","geometry":{"type":"Point","coordinates":[8.0143,56.3695]},"geometry_name":"the_geom","properties":{"country":"Denmark","name":"Thor Offshore wind farm","n_turbines":null,"power_mw":1000.0,"status":"Planned","type_inst":"Grounded","updateyear":"2026","year":"2027","dist_coast":6250.90035777,"notes":null}},{"type":"Feature","id":"windfarms.457","geometry":{"type":"Point","coordinates":[6.5344,55.8797]},"geometry_name":"the_geom","properties":{"country":"Denmark","name":"VindØ Energy Island Offshore wind farm 1","n_turbines":null,"power_mw":3000.0,"status":"Planned","type_inst":null,"updateyear":"2026","year":"2033","dist_coast":99374.8526635,"notes":null}},{"type":"Feature","id":"windfarms.458","geometry":{"type":"Point","coordinates":[-0.3832,49.4331]},"geometry_name":"the_geom","properties":{"country":"France","name":"Centre Manche 2 offshore wind farm","n_turbines":null,"power_mw":1500.0,"status":"Planned","type_inst":"Grounded","updateyear":"2026","year":"2032","dist_coast":11009.5574662,"notes":null}},{"type":"Feature","id":"windfarms.459","geometry":{"type":"Point","coordinates":[21.059,57.1406]},"geometry_name":"the_geom","properties":{"country":"Latvia","name":"Elwind wind farm (Latvia)","n_turbines":null,"power_mw":1000.0,"status":"Planned","type_inst":null,"updateyear":"2026","year":"2030","dist_coast":21137.2725334,"notes":null}},{"type":"Feature","id":"windfarms.460","geometry":{"type":"Point","coordinates":[11.7597,54.5254]},"geometry_name":"the_geom","properties":{"country":"Denmark","name":"Rødsand wind farm 1","n_turbines":null,"power_mw":166.0,"status":"Production","type_inst":null,"updateyear":"2026","year":"2003","dist_coast":6838.15929784,"notes":null}},{"type":"Feature","id":"windfarms.462","geometry":{"type":"Point","coordinates":[3.4718,42.8469]},"geometry_name":"the_geom","properties":{"country":"France","name":"EFGL wind farm","n_turbines":null,"power_mw":30.0,"status":"Construction","type_inst":"Floating","updateyear":"2026","year":"2026","dist_coast":34377.3930654,"notes":null}},{"type":"Feature","id":"windfarms.463","geometry":{"type":"Point","coordinates":[14.8002,54.9901]},"geometry_name":"the_geom","properties":{"country":"Denmark","name":"Bornholm Energy Island wind farm 1","n_turbines":null,"power_mw":1500.0,"status":"Planned","type_inst":"Grounded","updateyear":"2026","year":"2030","dist_coast":6033.54577064,"notes":null}},{"type":"Feature","id":"windfarms.464","geometry":{"type":"Point","coordinates":[14.8002,54.9901]},"geometry_name":"the_geom","properties":{"country":"Denmark","name":"Bornholm Energy Island wind farm 2","n_turbines":null,"power_mw":1500.0,"status":"Planned","type_inst":"Grounded","updateyear":"2026","year":"2030","dist_coast":6033.54577064,"notes":null}},{"type":"Feature","id":"windfarms.465","geometry":{"type":"Point","coordinates":[24.0138,64.5485]},"geometry_name":"the_geom","properties":{"country":"Finland","name":"Maanahkiainen wind farm","n_turbines":null,"power_mw":500.0,"status":"Planned","type_inst":"Grounded","updateyear":"2026","year":"2032","dist_coast":11386.3511895,"notes":null}},{"type":"Feature","id":"windfarms.466","geometry":{"type":"Point","coordinates":[4.4393,52.7698]},"geometry_name":"the_geom","properties":{"country":"Netherlands","name":"Noordoostpolder-Westermeerwind Windpark 1","n_turbines":null,"power_mw":144.0,"status":"Production","type_inst":"Grounded","updateyear":"2026","year":"2017","dist_coast":14228.8788337,"notes":null}},{"type":"Feature","id":"windfarms.467","geometry":{"type":"Point","coordinates":[4.2486,52.6878]},"geometry_name":"the_geom","properties":{"country":"Netherlands","name":"Borssele III & IV offshore wind farm 2","n_turbines":null,"power_mw":380.0,"status":"Production","type_inst":"Grounded","updateyear":"2026","year":"2021","dist_coast":25771.8106038,"notes":null}},{"type":"Feature","id":"windfarms.468","geometry":{"type":"Point","coordinates":[4.2486,52.6878]},"geometry_name":"the_geom","properties":{"country":"Netherlands","name":"Borssele III & IV offshore wind farm 1","n_turbines":null,"power_mw":360.0,"status":"Production","type_inst":"Grounded","updateyear":"2026","year":"2021","dist_coast":25771.8106038,"notes":null}},{"type":"Feature","id":"windfarms.469","geometry":{"type":"Point","coordinates":[3.8833,52.3717]},"geometry_name":"the_geom","properties":{"country":"Netherlands","name":"Luchterduinen wind farm","n_turbines":null,"power_mw":129.0,"status":"Production","type_inst":"Grounded","updateyear":"2026","year":"2015","dist_coast":39213.1258886,"notes":null}},{"type":"Feature","id":"windfarms.471","geometry":{"type":"Point","coordinates":[16.4314,55.0365]},"geometry_name":"the_geom","properties":{"country":"Poland","name":"Sharco Duo Offshore wind farm","n_turbines":null,"power_mw":1800.0,"status":"Planned","type_inst":"Grounded","updateyear":"2026","year":"2028","dist_coast":35621.4151225,"notes":null}},{"type":"Feature","id":"windfarms.475","geometry":{"type":"Point","coordinates":[13.9727,54.8353]},"geometry_name":"the_geom","properties":{"country":"Germany","name":"Windanker wind farm","n_turbines":null,"power_mw":300.0,"status":"Planned","type_inst":"Grounded","updateyear":"2026","year":"2026","dist_coast":35230.0669521,"notes":null}},{"type":"Feature","id":"windfarms.477","geometry":{"type":"Point","coordinates":[18.0144,54.9946]},"geometry_name":"the_geom","properties":{"country":"Poland","name":"BC Wind Offshore wind farm C","n_turbines":null,"power_mw":250.0,"status":"Planned","type_inst":"Grounded","updateyear":"2026","year":"2028","dist_coast":18074.6278958,"notes":null}},{"type":"Feature","id":"windfarms.478","geometry":{"type":"Point","coordinates":[3.3979,42.1632]},"geometry_name":"the_geom","properties":{"country":"Spain","name":"Parc Tramuntana offshore wind farm 1","n_turbines":null,"power_mw":500.0,"status":"Planned","type_inst":"Floating","updateyear":"2026","year":"2027","dist_coast":13913.3784319,"notes":null}},{"type":"Feature","id":"windfarms.480","geometry":{"type":"Point","coordinates":[3.4162,42.1428]},"geometry_name":"the_geom","properties":{"country":"Spain","name":"PLEMCAT wind farm","n_turbines":null,"power_mw":30.0,"status":"Planned","type_inst":"Floating","updateyear":"2026","year":"2026","dist_coast":16519.6426084,"notes":null}},{"type":"Feature","id":"windfarms.481","geometry":{"type":"Point","coordinates":[23.023,57.9251]},"geometry_name":"the_geom","properties":{"country":"Estonia","name":"Liivi 1 wind farm","n_turbines":null,"power_mw":900.0,"status":"Planned","type_inst":null,"updateyear":"2026","year":"2035","dist_coast":16523.429127,"notes":null}},{"type":"Feature","id":"windfarms.482","geometry":{"type":"Point","coordinates":[23.1026,57.9732]},"geometry_name":"the_geom","properties":{"country":"Estonia","name":"Liivi 2 wind farm","n_turbines":null,"power_mw":1400.0,"status":"Planned","type_inst":null,"updateyear":"2026","year":"2035","dist_coast":18262.8005203,"notes":null}},{"type":"Feature","id":"windfarms.483","geometry":{"type":"Point","coordinates":[-6.5569,51.7257]},"geometry_name":"the_geom","properties":{"country":"Ireland","name":"Danu offshore wind farm","n_turbines":null,"power_mw":1000.0,"status":"Planned","type_inst":"Floating","updateyear":"2026","year":"2031","dist_coast":43085.9305522,"notes":null}},{"type":"Feature","id":"windfarms.484","geometry":{"type":"Point","coordinates":[7.4434,55.9575]},"geometry_name":"the_geom","properties":{"country":"Denmark","name":"North Sea Mid wind farm","n_turbines":null,"power_mw":1000.0,"status":"Planned","type_inst":null,"updateyear":"2026","year":"2032","dist_coast":41891.0317814,"notes":null}},{"type":"Feature","id":"windfarms.485","geometry":{"type":"Point","coordinates":[7.4365,55.8073]},"geometry_name":"the_geom","properties":{"country":"Denmark","name":"North Sea South wind farm","n_turbines":null,"power_mw":1000.0,"status":"Planned","type_inst":null,"updateyear":"2026","year":"2034","dist_coast":45660.1305316,"notes":null}},{"type":"Feature","id":"windfarms.489","geometry":{"type":"Point","coordinates":[2.8056,51.5954]},"geometry_name":"the_geom","properties":{"country":"Belgium","name":"Noordhinder Noord wind farm","n_turbines":null,"power_mw":700.0,"status":"Planned","type_inst":"Grounded","updateyear":"2026","year":"2028","dist_coast":37010.8433826,"notes":null}},{"type":"Feature","id":"windfarms.490","geometry":{"type":"Point","coordinates":[2.7975,51.5901]},"geometry_name":"the_geom","properties":{"country":"Belgium","name":"Noordhinder Zuid wind farm","n_turbines":null,"power_mw":1400.0,"status":"Planned","type_inst":"Grounded","updateyear":"2026","year":"2030","dist_coast":36978.808334,"notes":null}},{"type":"Feature","id":"windfarms.491","geometry":{"type":"Point","coordinates":[21.3956,61.6374]},"geometry_name":"the_geom","properties":{"country":"Finland","name":"Tahkoluoto Offshore wind farm Extension","n_turbines":null,"power_mw":700.0,"status":"Planned","type_inst":"Grounded","updateyear":"2026","year":"2029","dist_coast":120.698818436,"notes":null}},{"type":"Feature","id":"windfarms.492","geometry":{"type":"Point","coordinates":[24.2276,65.734]},"geometry_name":"the_geom","properties":{"country":"Finland","name":"Röyttä Kiiri wind farm","n_turbines":null,"power_mw":160.0,"status":"Planned","type_inst":null,"updateyear":"2026","year":"2030","dist_coast":1421.26692516,"notes":null}},{"type":"Feature","id":"windfarms.493","geometry":{"type":"Point","coordinates":[21.3956,61.6374]},"geometry_name":"the_geom","properties":{"country":"Finland","name":"Tahkoluoto Offshore wind farm 1","n_turbines":null,"power_mw":42.0,"status":"Production","type_inst":"Grounded","updateyear":"2026","year":"2017","dist_coast":120.698818436,"notes":null}},{"type":"Feature","id":"windfarms.494","geometry":{"type":"Point","coordinates":[23.7711,58.0534]},"geometry_name":"the_geom","properties":{"country":"Estonia","name":"Saare Liivi wind farm 1","n_turbines":null,"power_mw":1200.0,"status":"Planned","type_inst":"Grounded","updateyear":"2026","year":"2028","dist_coast":12522.2192022,"notes":null}},{"type":"Feature","id":"windfarms.495","geometry":{"type":"Point","coordinates":[24.2055,59.5211]},"geometry_name":"the_geom","properties":{"country":"Estonia","name":"Respect Energy Offshore wind farm","n_turbines":null,"power_mw":820.0,"status":"Planned","type_inst":"Floating","updateyear":"2026","year":"2032","dist_coast":10099.1924585,"notes":null}},{"type":"Feature","id":"windfarms.496","geometry":{"type":"Point","coordinates":[23.9814,57.9641]},"geometry_name":"the_geom","properties":{"country":"Estonia","name":"Gulf Of Riga wind farm","n_turbines":null,"power_mw":1000.0,"status":"Planned","type_inst":null,"updateyear":"2026","year":"2032","dist_coast":14281.8947953,"notes":null}},{"type":"Feature","id":"windfarms.497","geometry":{"type":"Point","coordinates":[6.9534,53.8214]},"geometry_name":"the_geom","properties":{"country":"Germany","name":"Nordsee 2 wind farm","n_turbines":null,"power_mw":435.0,"status":"Planned","type_inst":"Grounded","updateyear":"2026","year":"2027","dist_coast":15780.4400542,"notes":null}},{"type":"Feature","id":"windfarms.498","geometry":{"type":"Point","coordinates":[6.9267,53.8013]},"geometry_name":"the_geom","properties":{"country":"Germany","name":"Nordsee 3 wind farm","n_turbines":null,"power_mw":420.0,"status":"Planned","type_inst":"Grounded","updateyear":"2026","year":"2029","dist_coast":13760.3061626,"notes":null}},{"type":"Feature","id":"windfarms.499","geometry":{"type":"Point","coordinates":[6.719,53.6451]},"geometry_name":"the_geom","properties":{"country":"Germany","name":"Nordlicht wind farm 1","n_turbines":null,"power_mw":980.0,"status":"Planned","type_inst":"Grounded","updateyear":"2026","year":"2028","dist_coast":3607.71061073,"notes":null}},{"type":"Feature","id":"windfarms.500","geometry":{"type":"Point","coordinates":[6.8601,53.7985]},"geometry_name":"the_geom","properties":{"country":"Germany","name":"Delta Nordsee wind farm","n_turbines":null,"power_mw":480.0,"status":"Planned","type_inst":"Grounded","updateyear":"2026","year":"2029","dist_coast":14213.0136884,"notes":null}},{"type":"Feature","id":"windfarms.501","geometry":{"type":"Point","coordinates":[-3.7364,47.677]},"geometry_name":"the_geom","properties":{"country":"France","name":"Triskéol wind farm","n_turbines":null,"power_mw":250.0,"status":"Planned","type_inst":"Floating","updateyear":"2026","year":"2030","dist_coast":11478.2309796,"notes":null}},{"type":"Feature","id":"windfarms.502","geometry":{"type":"Point","coordinates":[-1.7802,45.8912]},"geometry_name":"the_geom","properties":{"country":"France","name":"Sud Atlantique offshore wind farm","n_turbines":null,"power_mw":500.0,"status":"Planned","type_inst":"Grounded","updateyear":"2026","year":"2030","dist_coast":31200.6421984,"notes":null}},{"type":"Feature","id":"windfarms.503","geometry":{"type":"Point","coordinates":[-1.4336,45.7955]},"geometry_name":"the_geom","properties":{"country":"France","name":"Oleron wind farm 2","n_turbines":null,"power_mw":1000.0,"status":"Planned","type_inst":null,"updateyear":"2026","year":"2030","dist_coast":14763.7797092,"notes":null}},{"type":"Feature","id":"windfarms.504","geometry":{"type":"Point","coordinates":[-3.2467,47.3946]},"geometry_name":"the_geom","properties":{"country":"France","name":"Pointe des Poulains de Belle-Île floating wind farm","n_turbines":null,"power_mw":250.0,"status":"Planned","type_inst":"Floating","updateyear":"2026","year":"2031","dist_coast":671.157997983,"notes":null}},{"type":"Feature","id":"windfarms.505","geometry":{"type":"Point","coordinates":[-1.4336,45.7955]},"geometry_name":"the_geom","properties":{"country":"France","name":"Oleron wind farm 1","n_turbines":null,"power_mw":1000.0,"status":"Planned","type_inst":"Grounded","updateyear":"2026","year":"2030","dist_coast":14763.7797092,"notes":null}},{"type":"Feature","id":"windfarms.506","geometry":{"type":"Point","coordinates":[3.0866,42.9933]},"geometry_name":"the_geom","properties":{"country":"France","name":"Narbonnaise Floating wind farm 1","n_turbines":null,"power_mw":250.0,"status":"Planned","type_inst":"Floating","updateyear":"2026","year":"2031","dist_coast":2508.55846708,"notes":null}},{"type":"Feature","id":"windfarms.507","geometry":{"type":"Point","coordinates":[3.0866,42.9933]},"geometry_name":"the_geom","properties":{"country":"France","name":"Narbonnaise Floating wind farm extension","n_turbines":null,"power_mw":500.0,"status":"Planned","type_inst":"Floating","updateyear":"2026","year":"2031","dist_coast":2508.55846708,"notes":null}},{"type":"Feature","id":"windfarms.510","geometry":{"type":"Point","coordinates":[-8.9983,51.4316]},"geometry_name":"the_geom","properties":{"country":"Ireland","name":"Floating Cork Offshore Wind","n_turbines":null,"power_mw":1000.0,"status":"Planned","type_inst":"Floating","updateyear":"2026","year":"2031","dist_coast":11412.9438719,"notes":null}},{"type":"Feature","id":"windfarms.522","geometry":{"type":"Point","coordinates":[-10.1478,52.5136]},"geometry_name":"the_geom","properties":{"country":"Ireland","name":"Tarbert Offshore wind farm","n_turbines":null,"power_mw":1000.0,"status":"Planned","type_inst":null,"updateyear":"2026","year":"2030","dist_coast":15040.1639498,"notes":null}},{"type":"Feature","id":"windfarms.523","geometry":{"type":"Point","coordinates":[-5.7523,53.5026]},"geometry_name":"the_geom","properties":{"country":"Ireland","name":"South Irish Sea Offshore wind farm","n_turbines":null,"power_mw":1330.0,"status":"Planned","type_inst":"Floating","updateyear":"2026","year":"2030","dist_coast":16105.4265031,"notes":null}},{"type":"Feature","id":"windfarms.524","geometry":{"type":"Point","coordinates":[-6.9112,51.5734]},"geometry_name":"the_geom","properties":{"country":"Ireland","name":"Muirgen Offshore wind farm","n_turbines":null,"power_mw":1000.0,"status":"Planned","type_inst":"Floating","updateyear":"2026","year":"2031","dist_coast":61465.6424809,"notes":null}},{"type":"Feature","id":"windfarms.525","geometry":{"type":"Point","coordinates":[-5.9743,53.1228]},"geometry_name":"the_geom","properties":{"country":"Ireland","name":"Leinster Offshore wind farm","n_turbines":null,"power_mw":500.0,"status":"Planned","type_inst":"Floating","updateyear":"2026","year":"2030","dist_coast":4547.67441257,"notes":null}},{"type":"Feature","id":"windfarms.529","geometry":{"type":"Point","coordinates":[11.5171,37.9614]},"geometry_name":"the_geom","properties":{"country":"Italy","name":"Med Wind wind farm","n_turbines":null,"power_mw":2793.0,"status":"Planned","type_inst":"Floating","updateyear":"2026","year":"2027","dist_coast":45351.9741815,"notes":null}},{"type":"Feature","id":"windfarms.538","geometry":{"type":"Point","coordinates":[16.8937,39.7155]},"geometry_name":"the_geom","properties":{"country":"Italy","name":"Corigliano wind farm","n_turbines":null,"power_mw":420.0,"status":"Planned","type_inst":"Floating","updateyear":"2026","year":"2028","dist_coast":14821.8264195,"notes":null}},{"type":"Feature","id":"windfarms.540","geometry":{"type":"Point","coordinates":[3.9651,52.4661]},"geometry_name":"the_geom","properties":{"country":"Netherlands","name":"Beaufort wind farm","n_turbines":null,"power_mw":350.0,"status":"Production","type_inst":"Grounded","updateyear":"2026","year":"2009","dist_coast":39061.5363234,"notes":null}},{"type":"Feature","id":"windfarms.541","geometry":{"type":"Point","coordinates":[3.4169,52.4393]},"geometry_name":"the_geom","properties":{"country":"Netherlands","name":"Borssele Site V wind farm","n_turbines":null,"power_mw":19.0,"status":"Production","type_inst":"Grounded","updateyear":"2026","year":"2021","dist_coast":65350.565322,"notes":null}},{"type":"Feature","id":"windfarms.542","geometry":{"type":"Point","coordinates":[4.48,52.5368]},"geometry_name":"the_geom","properties":{"country":"Netherlands","name":"Amazon Shell HKN offshore wind farm","n_turbines":null,"power_mw":759.0,"status":"Production","type_inst":null,"updateyear":"2026","year":"2023","dist_coast":7996.94348464,"notes":null}},{"type":"Feature","id":"windfarms.544","geometry":{"type":"Point","coordinates":[20.7914,55.9652]},"geometry_name":"the_geom","properties":{"country":"Lithuania","name":"Baltic Sea wind farm 2","n_turbines":null,"power_mw":700.0,"status":"Planned","type_inst":null,"updateyear":"2026","year":"2030","dist_coast":16899.0359929,"notes":null}},{"type":"Feature","id":"windfarms.545","geometry":{"type":"Point","coordinates":[20.8804,55.9174]},"geometry_name":"the_geom","properties":{"country":"Lithuania","name":"Baltic Sea wind farm 1","n_turbines":null,"power_mw":700.0,"status":"Planned","type_inst":null,"updateyear":"2026","year":"2030","dist_coast":10567.3085305,"notes":null}},{"type":"Feature","id":"windfarms.549","geometry":{"type":"Point","coordinates":[12.5929,44.3456]},"geometry_name":"the_geom","properties":{"country":"Italy","name":"Romagna 1 offshore wind farm","n_turbines":null,"power_mw":200.0,"status":"Planned","type_inst":"Floating","updateyear":"2026","year":"2029","dist_coast":20186.2946401,"notes":null}},{"type":"Feature","id":"windfarms.556","geometry":{"type":"Point","coordinates":[18.1298,54.9826]},"geometry_name":"the_geom","properties":{"country":"Poland","name":"BC Wind Offshore wind farm B","n_turbines":null,"power_mw":250.0,"status":"Planned","type_inst":"Grounded","updateyear":"2026","year":"2028","dist_coast":16665.5397766,"notes":null}},{"type":"Feature","id":"windfarms.558","geometry":{"type":"Point","coordinates":[4.4564,52.7129]},"geometry_name":"the_geom","properties":{"country":"Netherlands","name":"Ten noorden van de Waddeneilanden offshore wind farm","n_turbines":null,"power_mw":700.0,"status":"Planned","type_inst":"Grounded","updateyear":"2026","year":"2033","dist_coast":12163.2980753,"notes":null}},{"type":"Feature","id":"windfarms.559","geometry":{"type":"Point","coordinates":[3.5171,52.4127]},"geometry_name":"the_geom","properties":{"country":"Netherlands","name":"Oranje Offshore wind farm","n_turbines":null,"power_mw":760.0,"status":"Planned","type_inst":"Grounded","updateyear":"2026","year":"2027","dist_coast":58832.9891308,"notes":null}},{"type":"Feature","id":"windfarms.560","geometry":{"type":"Point","coordinates":[3.586,53.3912]},"geometry_name":"the_geom","properties":{"country":"Netherlands","name":"Nederwiek II Offshore wind farm","n_turbines":null,"power_mw":2000.0,"status":"Planned","type_inst":"Grounded","updateyear":"2026","year":"2032","dist_coast":83976.7817159,"notes":null}},{"type":"Feature","id":"windfarms.561","geometry":{"type":"Point","coordinates":[5.5797,52.7037]},"geometry_name":"the_geom","properties":{"country":"Netherlands","name":"NOP Agrowind wind farm","n_turbines":null,"power_mw":195.0,"status":"Production","type_inst":"Grounded","updateyear":"2026","year":"2017","dist_coast":4987.3491484,"notes":null}},{"type":"Feature","id":"windfarms.562","geometry":{"type":"Point","coordinates":[4.2149,53.5353]},"geometry_name":"the_geom","properties":{"country":"Netherlands","name":"IJmuiden Ver Gamma Offshore wind farm B","n_turbines":null,"power_mw":1000.0,"status":"Planned","type_inst":"Grounded","updateyear":"2026","year":"2029","dist_coast":54829.0293993,"notes":null}},{"type":"Feature","id":"windfarms.630","geometry":{"type":"Point","coordinates":[3.82,52.72]},"geometry_name":"the_geom","properties":{"country":"Netherlands","name":"Ecowende","n_turbines":null,"power_mw":760.0,"status":"Approved","type_inst":null,"updateyear":"2026","year":"2026","dist_coast":54946.4139694,"notes":null}},{"type":"Feature","id":"windfarms.564","geometry":{"type":"Point","coordinates":[4.2149,53.5353]},"geometry_name":"the_geom","properties":{"country":"Netherlands","name":"IJmuiden Ver Gamma Offshore wind farm A","n_turbines":null,"power_mw":1000.0,"status":"Planned","type_inst":"Grounded","updateyear":"2026","year":"2029","dist_coast":54829.0293993,"notes":null}},{"type":"Feature","id":"windfarms.565","geometry":{"type":"Point","coordinates":[3.9456,52.6705]},"geometry_name":"the_geom","properties":{"country":"Netherlands","name":"Hollandse Kust Zuid wind farm 3","n_turbines":null,"power_mw":385.0,"status":"Production","type_inst":"Grounded","updateyear":"2026","year":"2023","dist_coast":45914.5808491,"notes":null}},{"type":"Feature","id":"windfarms.566","geometry":{"type":"Point","coordinates":[3.9456,52.6705]},"geometry_name":"the_geom","properties":{"country":"Netherlands","name":"Hollandse Kust Zuid wind farm 4","n_turbines":null,"power_mw":380.0,"status":"Production","type_inst":"Grounded","updateyear":"2026","year":"2023","dist_coast":45914.5808491,"notes":null}},{"type":"Feature","id":"windfarms.568","geometry":{"type":"Point","coordinates":[5.262,52.9969]},"geometry_name":"the_geom","properties":{"country":"Netherlands","name":"Fryslân wind farm","n_turbines":null,"power_mw":383.0,"status":"Production","type_inst":"Grounded","updateyear":"2026","year":"2021","dist_coast":4446.98407543,"notes":null}},{"type":"Feature","id":"windfarms.569","geometry":{"type":"Point","coordinates":[4.3268,52.9032]},"geometry_name":"the_geom","properties":{"country":"Netherlands","name":"Dronten offshore wind farm","n_turbines":null,"power_mw":17.0,"status":"Production","type_inst":"Grounded","updateyear":"2026","year":"1996","dist_coast":23179.5478724,"notes":null}},{"type":"Feature","id":"windfarms.574","geometry":{"type":"Point","coordinates":[-5.2778,36.217]},"geometry_name":"the_geom","properties":{"country":"Spain","name":"Nao Victoria Floating Offshore wind farm","n_turbines":null,"power_mw":990.0,"status":"Planned","type_inst":"Floating","updateyear":"2026","year":"2029","dist_coast":3603.92392044,"notes":null}},{"type":"Feature","id":"windfarms.575","geometry":{"type":"Point","coordinates":[-15.4709,28.1781]},"geometry_name":"the_geom","properties":{"country":"Spain","name":"Maresia Offshore wind farm","n_turbines":null,"power_mw":255.0,"status":"Planned","type_inst":"Grounded","updateyear":"2026","year":"2026","dist_coast":4202.9711659,"notes":null}},{"type":"Feature","id":"windfarms.577","geometry":{"type":"Point","coordinates":[13.3482,59.2575]},"geometry_name":"the_geom","properties":{"country":"Sweden","name":"Vänern wind farm","n_turbines":null,"power_mw":30.0,"status":"Production","type_inst":"Grounded","updateyear":"2026","year":"2009","dist_coast":111568.799034,"notes":null}},{"type":"Feature","id":"windfarms.578","geometry":{"type":"Point","coordinates":[11.1758,57.8676]},"geometry_name":"the_geom","properties":{"country":"Sweden","name":"Baltic Offshore Gamma wind farm","n_turbines":null,"power_mw":2000.0,"status":"Planned","type_inst":null,"updateyear":"2026","year":"2032","dist_coast":17442.132145,"notes":null}},{"type":"Feature","id":"windfarms.579","geometry":{"type":"Point","coordinates":[17.5988,61.6131]},"geometry_name":"the_geom","properties":{"country":"Sweden","name":"Baltic Offshore Lambda wind farm","n_turbines":null,"power_mw":3440.0,"status":"Planned","type_inst":"Grounded","updateyear":"2026","year":"2032","dist_coast":5921.34663419,"notes":null}},{"type":"Feature","id":"windfarms.580","geometry":{"type":"Point","coordinates":[-1.2636,50.0183]},"geometry_name":"the_geom","properties":{"country":"France","name":"Cotentin wind farm","n_turbines":null,"power_mw":1000.0,"status":"Planned","type_inst":"Grounded","updateyear":"2026","year":"2031","dist_coast":35522.0277999,"notes":null}},{"type":"Feature","id":"windfarms.594","geometry":{"type":"Point","coordinates":[17.89,60.87]},"geometry_name":"the_geom","properties":{"country":"Sweden","name":"Gävle East","n_turbines":null,"power_mw":5500.0,"status":"Planned","type_inst":null,"updateyear":"2026","year":"2032","dist_coast":23711.5488454,"notes":null}},{"type":"Feature","id":"windfarms.603","geometry":{"type":"Point","coordinates":[20.8,58.2]},"geometry_name":"the_geom","properties":{"country":"Estonia","name":"Saare 1","n_turbines":null,"power_mw":900.0,"status":"Planned","type_inst":null,"updateyear":"2026","year":"2033","dist_coast":58107.8520924,"notes":null}},{"type":"Feature","id":"windfarms.624","geometry":{"type":"Point","coordinates":[5.95,54.27]},"geometry_name":"the_geom","properties":{"country":"Germany","name":"Nordlicht II","n_turbines":null,"power_mw":630.0,"status":"Planned","type_inst":null,"updateyear":"2026","year":"2028","dist_coast":86637.2807213,"notes":null}},{"type":"Feature","id":"windfarms.36","geometry":{"type":"Point","coordinates":[22.5,59.15]},"geometry_name":"the_geom","properties":{"country":"Estonia","name":"Loode-Eesti Meretuulepark Hiiumaa","n_turbines":200,"power_mw":1100.0,"status":"Planned","type_inst":null,"updateyear":"2024","year":null,"dist_coast":8027.17112256,"notes":null}},{"type":"Feature","id":"windfarms.64","geometry":{"type":"Point","coordinates":[23.89,59.86]},"geometry_name":"the_geom","properties":{"country":"Finland","name":"Inkoo Inkoo-Raaseporin","n_turbines":60,"power_mw":300.0,"status":"Planned","type_inst":null,"updateyear":"2024","year":null,"dist_coast":4411.25467975,"notes":null}},{"type":"Feature","id":"windfarms.75","geometry":{"type":"Point","coordinates":[24.09,64.58]},"geometry_name":"the_geom","properties":{"country":"Finland","name":"Raahe Maanahkiaisen","n_turbines":70,"power_mw":350.0,"status":"Planned","type_inst":null,"updateyear":"2024","year":null,"dist_coast":8449.56908651,"notes":null}},{"type":"Feature","id":"windfarms.76","geometry":{"type":"Point","coordinates":[24.4,64.78]},"geometry_name":"the_geom","properties":{"country":"Finland","name":"Raahe Pertunmatala","n_turbines":24,"power_mw":72.0,"status":"Planned","type_inst":null,"updateyear":"2024","year":null,"dist_coast":7455.9915581,"notes":null}},{"type":"Feature","id":"windfarms.78","geometry":{"type":"Point","coordinates":[21.3,61.71]},"geometry_name":"the_geom","properties":{"country":"Finland","name":"Tahkoluoto demonstration","n_turbines":2,"power_mw":30.0,"status":"Approved","type_inst":null,"updateyear":"2024","year":null,"dist_coast":4185.06675214,"notes":null}},{"type":"Feature","id":"windfarms.80","geometry":{"type":"Point","coordinates":[23.89,64.61]},"geometry_name":"the_geom","properties":{"country":"Finland","name":"Ulkonahkiainen","n_turbines":70,"power_mw":210.0,"status":"Planned","type_inst":null,"updateyear":"2024","year":null,"dist_coast":17882.3365294,"notes":null}},{"type":"Feature","id":"windfarms.81","geometry":{"type":"Point","coordinates":[19.74,60.75]},"geometry_name":"the_geom","properties":{"country":"Finland","name":"Vagskär","n_turbines":98,"power_mw":1960.0,"status":"Planned","type_inst":null,"updateyear":"2024","year":null,"dist_coast":33035.5801985,"notes":null}},{"type":"Feature","id":"windfarms.100","geometry":{"type":"Point","coordinates":[19.44,39.87]},"geometry_name":"the_geom","properties":{"country":"Greece","name":"Diapontia Wind phase Five","n_turbines":4,"power_mw":20.0,"status":"Planned","type_inst":null,"updateyear":"2024","year":null,"dist_coast":910.656543045,"notes":null}},{"type":"Feature","id":"windfarms.101","geometry":{"type":"Point","coordinates":[19.45,39.8]},"geometry_name":"the_geom","properties":{"country":"Greece","name":"Diapontia Wind phase Nine","n_turbines":6,"power_mw":30.0,"status":"Planned","type_inst":null,"updateyear":"2024","year":null,"dist_coast":4909.96971997,"notes":null}},{"type":"Feature","id":"windfarms.102","geometry":{"type":"Point","coordinates":[19.48,39.87]},"geometry_name":"the_geom","properties":{"country":"Greece","name":"Diapontia Wind phase Seven","n_turbines":3,"power_mw":15.0,"status":"Planned","type_inst":null,"updateyear":"2024","year":null,"dist_coast":4125.54662662,"notes":null}},{"type":"Feature","id":"windfarms.103","geometry":{"type":"Point","coordinates":[19.45,39.86]},"geometry_name":"the_geom","properties":{"country":"Greece","name":"Diapontia Wind phase Six","n_turbines":4,"power_mw":20.0,"status":"Planned","type_inst":null,"updateyear":"2024","year":null,"dist_coast":1494.48331652,"notes":null}},{"type":"Feature","id":"windfarms.190","geometry":{"type":"Point","coordinates":[17.94,39.9]},"geometry_name":"the_geom","properties":{"country":"Italy","name":"Dorada","n_turbines":108,"power_mw":1620.0,"status":"Planned","type_inst":null,"updateyear":"2024","year":null,"dist_coast":9471.4524822,"notes":null}},{"type":"Feature","id":"windfarms.196","geometry":{"type":"Point","coordinates":[16.21,41.59]},"geometry_name":"the_geom","properties":{"country":"Italy","name":"Gargano Sud","n_turbines":85,"power_mw":340.0,"status":"Planned","type_inst":null,"updateyear":"2024","year":null,"dist_coast":16649.7540932,"notes":null}},{"type":"Feature","id":"windfarms.202","geometry":{"type":"Point","coordinates":[16.9,39.98]},"geometry_name":"the_geom","properties":{"country":"Italy","name":"Ionio","n_turbines":28,"power_mw":420.0,"status":"Planned","type_inst":"Floating","updateyear":"2026","year":null,"dist_coast":23296.5636536,"notes":null}},{"type":"Feature","id":"windfarms.224","geometry":{"type":"Point","coordinates":[10.29,41.09]},"geometry_name":"the_geom","properties":{"country":"Italy","name":"Poseidon","n_turbines":72,"power_mw":1008.0,"status":"Planned","type_inst":"Floating","updateyear":"2026","year":null,"dist_coast":49323.9270535,"notes":null}},{"type":"Feature","id":"windfarms.226","geometry":{"type":"Point","coordinates":[18.81,39.68]},"geometry_name":"the_geom","properties":{"country":"Italy","name":"Puglia 1","n_turbines":60,"power_mw":900.0,"status":"Planned","type_inst":null,"updateyear":"2024","year":null,"dist_coast":39065.0931995,"notes":null}},{"type":"Feature","id":"windfarms.254","geometry":{"type":"Point","coordinates":[11.88,37.4]},"geometry_name":"the_geom","properties":{"country":"Italy","name":"Trinacria","n_turbines":56,"power_mw":840.0,"status":"Planned","type_inst":null,"updateyear":"2024","year":null,"dist_coast":62031.719181,"notes":null}},{"type":"Feature","id":"windfarms.313","geometry":{"type":"Point","coordinates":[-15.392,27.765]},"geometry_name":"the_geom","properties":{"country":"Spain","name":"Flocan 5","n_turbines":5,"power_mw":25.0,"status":"Planned","type_inst":null,"updateyear":"2024","year":null,"dist_coast":6224.22136087,"notes":null}},{"type":"Feature","id":"windfarms.346","geometry":{"type":"Point","coordinates":[-15.37,28.04]},"geometry_name":"the_geom","properties":{"country":"Spain","name":"PLOCAN W2Power WIP10 Scale prototype","n_turbines":1,"power_mw":0.2,"status":"Dismantled","type_inst":null,"updateyear":"2024","year":null,"dist_coast":2592.06293762,"notes":null}},{"type":"Feature","id":"windfarms.373","geometry":{"type":"Point","coordinates":[2.5,52.7]},"geometry_name":"the_geom","properties":{"country":"United Kingdom","name":"East Anglia Two","n_turbines":75,"power_mw":900.0,"status":"Approved","type_inst":null,"updateyear":"2025","year":null,"dist_coast":51624.2767506,"notes":null}},{"type":"Feature","id":"windfarms.375","geometry":{"type":"Point","coordinates":[-3.02,56.14]},"geometry_name":"the_geom","properties":{"country":"United Kingdom","name":"Forthwind Offshore Wind Demonstration Project - 2","n_turbines":7,"power_mw":53.0,"status":"Planned","type_inst":null,"updateyear":"2024","year":null,"dist_coast":3147.54814398,"notes":null}},{"type":"Feature","id":"windfarms.415","geometry":{"type":"Point","coordinates":[11.94,56.88]},"geometry_name":"the_geom","properties":{"country":"Sweden","name":"Galatea-Galene","n_turbines":21,"power_mw":400.0,"status":"Planned","type_inst":null,"updateyear":"2025","year":null,"dist_coast":23454.8006937,"notes":null}},{"type":"Feature","id":"windfarms.535","geometry":{"type":"Point","coordinates":[7.9753,39.2427]},"geometry_name":"the_geom","properties":{"country":"Italy","name":"Ichnusa wind farm","n_turbines":42,"power_mw":504.0,"status":"Planned","type_inst":"Floating","updateyear":"2026","year":null,"dist_coast":23599.072681,"notes":null}},{"type":"Feature","id":"windfarms.546","geometry":{"type":"Point","coordinates":[10.0608,41.1398]},"geometry_name":"the_geom","properties":{"country":"Italy","name":"Zefiro","n_turbines":168,"power_mw":3150.0,"status":"Planned","type_inst":"Floating","updateyear":"2026","year":null,"dist_coast":36123.8523221,"notes":null}},{"type":"Feature","id":"windfarms.585","geometry":{"type":"Point","coordinates":[-8.79,41.36]},"geometry_name":"the_geom","properties":{"country":"Portugal","name":"Nau Azul","n_turbines":1,"power_mw":2.0,"status":"Approved","type_inst":null,"updateyear":"2026","year":null,"dist_coast":2360.22805122,"notes":null}},{"type":"Feature","id":"windfarms.592","geometry":{"type":"Point","coordinates":[-1.35,55.19]},"geometry_name":"the_geom","properties":{"country":"United Kingdom","name":"Blyth Offshore - 3A-4","n_turbines":10,"power_mw":58.4,"status":"Approved","type_inst":null,"updateyear":"2026","year":null,"dist_coast":9522.39647098,"notes":null}},{"type":"Feature","id":"windfarms.2","geometry":{"type":"Point","coordinates":[11.36,57.45]},"geometry_name":"the_geom","properties":{"country":"Denmark","name":"Bochers Banke","n_turbines":null,"power_mw":1102.5,"status":"Planned","type_inst":null,"updateyear":"2024","year":null,"dist_coast":17145.5506444,"notes":null}},{"type":"Feature","id":"windfarms.3","geometry":{"type":"Point","coordinates":[15.96,55.14]},"geometry_name":"the_geom","properties":{"country":"Denmark","name":"Bornholm Bassin Ost","n_turbines":null,"power_mw":1500.0,"status":"Planned","type_inst":null,"updateyear":"2024","year":null,"dist_coast":41357.1617523,"notes":null}},{"type":"Feature","id":"windfarms.4","geometry":{"type":"Point","coordinates":[15.96,54.88]},"geometry_name":"the_geom","properties":{"country":"Denmark","name":"Bornholm Bassin Syd","n_turbines":null,"power_mw":1500.0,"status":"Planned","type_inst":null,"updateyear":"2024","year":null,"dist_coast":52608.8586189,"notes":null}},{"type":"Feature","id":"windfarms.5","geometry":{"type":"Point","coordinates":[11.2,54.7]},"geometry_name":"the_geom","properties":{"country":"Denmark","name":"Femern","n_turbines":null,"power_mw":400.0,"status":"Planned","type_inst":null,"updateyear":"2024","year":null,"dist_coast":1762.15360866,"notes":null}},{"type":"Feature","id":"windfarms.6","geometry":{"type":"Point","coordinates":[11.45,54.46]},"geometry_name":"the_geom","properties":{"country":"Denmark","name":"Femern Bugt","n_turbines":null,"power_mw":300.0,"status":"Planned","type_inst":null,"updateyear":"2024","year":null,"dist_coast":10406.5027984,"notes":null}},{"type":"Feature","id":"windfarms.7","geometry":{"type":"Point","coordinates":[10.65,57.68]},"geometry_name":"the_geom","properties":{"country":"Denmark","name":"Frederikshavn Nord","n_turbines":null,"power_mw":500.0,"status":"Planned","type_inst":null,"updateyear":"2024","year":null,"dist_coast":5195.75951933,"notes":null}},{"type":"Feature","id":"windfarms.8","geometry":{"type":"Point","coordinates":[7.54,57.27]},"geometry_name":"the_geom","properties":{"country":"Denmark","name":"Freya","n_turbines":null,"power_mw":1500.0,"status":"Planned","type_inst":null,"updateyear":"2024","year":null,"dist_coast":60389.959154,"notes":null}},{"type":"Feature","id":"windfarms.9","geometry":{"type":"Point","coordinates":[12.39,56.17]},"geometry_name":"the_geom","properties":{"country":"Denmark","name":"Gilleleje","n_turbines":null,"power_mw":210.0,"status":"Planned","type_inst":null,"updateyear":"2024","year":null,"dist_coast":6142.34723361,"notes":null}},{"type":"Feature","id":"windfarms.10","geometry":{"type":"Point","coordinates":[11.11,56.47]},"geometry_name":"the_geom","properties":{"country":"Denmark","name":"Gjerrild Bugt","n_turbines":null,"power_mw":400.0,"status":"Planned","type_inst":null,"updateyear":"2024","year":null,"dist_coast":9734.38125679,"notes":null}},{"type":"Feature","id":"windfarms.11","geometry":{"type":"Point","coordinates":[10.99,56.57]},"geometry_name":"the_geom","properties":{"country":"Denmark","name":"Grena","n_turbines":null,"power_mw":315.0,"status":"Planned","type_inst":null,"updateyear":"2024","year":null,"dist_coast":9862.08052004,"notes":null}},{"type":"Feature","id":"windfarms.12","geometry":{"type":"Point","coordinates":[12.09,54.66]},"geometry_name":"the_geom","properties":{"country":"Denmark","name":"Guldborgsund","n_turbines":null,"power_mw":500.0,"status":"Planned","type_inst":null,"updateyear":"2024","year":null,"dist_coast":8306.53557943,"notes":null}},{"type":"Feature","id":"windfarms.13","geometry":{"type":"Point","coordinates":[11.99,54.53]},"geometry_name":"the_geom","properties":{"country":"Denmark","name":"Guldborgsund Syd","n_turbines":null,"power_mw":500.0,"status":"Planned","type_inst":null,"updateyear":"2024","year":null,"dist_coast":3520.97095616,"notes":null}},{"type":"Feature","id":"windfarms.14","geometry":{"type":"Point","coordinates":[8.35,57.18]},"geometry_name":"the_geom","properties":{"country":"Denmark","name":"Hanstholm Syd","n_turbines":null,"power_mw":500.0,"status":"Planned","type_inst":null,"updateyear":"2024","year":null,"dist_coast":15722.1710996,"notes":null}},{"type":"Feature","id":"windfarms.15","geometry":{"type":"Point","coordinates":[9.88,57.61]},"geometry_name":"the_geom","properties":{"country":"Denmark","name":"Hirtshals Havn Offshore","n_turbines":null,"power_mw":350.0,"status":"Planned","type_inst":null,"updateyear":"2024","year":null,"dist_coast":4444.27711957,"notes":null}},{"type":"Feature","id":"windfarms.16","geometry":{"type":"Point","coordinates":[9.76,57.55]},"geometry_name":"the_geom","properties":{"country":"Denmark","name":"Hirtshals Havn Syd","n_turbines":null,"power_mw":500.0,"status":"Planned","type_inst":null,"updateyear":"2024","year":null,"dist_coast":7209.9731705,"notes":null}},{"type":"Feature","id":"windfarms.17","geometry":{"type":"Point","coordinates":[11.56,56.07]},"geometry_name":"the_geom","properties":{"country":"Denmark","name":"Klintebjerg","n_turbines":null,"power_mw":585.0,"status":"Planned","type_inst":null,"updateyear":"2024","year":null,"dist_coast":12164.9109017,"notes":null}},{"type":"Feature","id":"windfarms.18","geometry":{"type":"Point","coordinates":[11.4,57.32]},"geometry_name":"the_geom","properties":{"country":"Denmark","name":"Laeso","n_turbines":null,"power_mw":540.0,"status":"Planned","type_inst":null,"updateyear":"2024","year":null,"dist_coast":12084.0242624,"notes":null}},{"type":"Feature","id":"windfarms.19","geometry":{"type":"Point","coordinates":[11.65,54.42]},"geometry_name":"the_geom","properties":{"country":"Denmark","name":"Lolland","n_turbines":null,"power_mw":253.0,"status":"Planned","type_inst":null,"updateyear":"2024","year":null,"dist_coast":20502.8645805,"notes":null}},{"type":"Feature","id":"windfarms.20","geometry":{"type":"Point","coordinates":[11.2,54.66]},"geometry_name":"the_geom","properties":{"country":"Denmark","name":"Lolland Syd","n_turbines":null,"power_mw":260.0,"status":"Planned","type_inst":null,"updateyear":"2024","year":null,"dist_coast":5702.08843419,"notes":null}},{"type":"Feature","id":"windfarms.21","geometry":{"type":"Point","coordinates":[12.19,56.21]},"geometry_name":"the_geom","properties":{"country":"Denmark","name":"Lysegrund","n_turbines":null,"power_mw":550.0,"status":"Planned","type_inst":null,"updateyear":"2024","year":null,"dist_coast":10304.9555294,"notes":null}},{"type":"Feature","id":"windfarms.22","geometry":{"type":"Point","coordinates":[11.25,56.47]},"geometry_name":"the_geom","properties":{"country":"Denmark","name":"Norddjurs","n_turbines":null,"power_mw":650.0,"status":"Planned","type_inst":null,"updateyear":"2024","year":null,"dist_coast":18177.9531415,"notes":null}},{"type":"Feature","id":"windfarms.23","geometry":{"type":"Point","coordinates":[5.91,56.96]},"geometry_name":"the_geom","properties":{"country":"Denmark","name":"Odin (DK)","n_turbines":null,"power_mw":2250.0,"status":"Planned","type_inst":null,"updateyear":"2024","year":null,"dist_coast":130406.897747,"notes":null}},{"type":"Feature","id":"windfarms.24","geometry":{"type":"Point","coordinates":[8.29,55.18]},"geometry_name":"the_geom","properties":{"country":"Denmark","name":"Rømø","n_turbines":null,"power_mw":500.0,"status":"Planned","type_inst":null,"updateyear":"2026","year":null,"dist_coast":11281.9396837,"notes":null}},{"type":"Feature","id":"windfarms.25","geometry":{"type":"Point","coordinates":[11.63,56.63]},"geometry_name":"the_geom","properties":{"country":"Denmark","name":"Sønderbjerg","n_turbines":null,"power_mw":285.0,"status":"Planned","type_inst":"Floating","updateyear":"2024","year":null,"dist_coast":7410.84813077,"notes":null}},{"type":"Feature","id":"windfarms.26","geometry":{"type":"Point","coordinates":[12.53,55.27]},"geometry_name":"the_geom","properties":{"country":"Denmark","name":"Stevns Nord","n_turbines":null,"power_mw":350.0,"status":"Planned","type_inst":null,"updateyear":"2024","year":null,"dist_coast":5186.76234295,"notes":null}},{"type":"Feature","id":"windfarms.27","geometry":{"type":"Point","coordinates":[11.25,56.25]},"geometry_name":"the_geom","properties":{"country":"Denmark","name":"Stokkebro","n_turbines":null,"power_mw":210.0,"status":"Planned","type_inst":null,"updateyear":"2024","year":null,"dist_coast":23265.8011856,"notes":null}},{"type":"Feature","id":"windfarms.28","geometry":{"type":"Point","coordinates":[6.1,57.07]},"geometry_name":"the_geom","properties":{"country":"Denmark","name":"Thybo","n_turbines":null,"power_mw":4000.0,"status":"Planned","type_inst":null,"updateyear":"2024","year":null,"dist_coast":115086.018658,"notes":null}},{"type":"Feature","id":"windfarms.30","geometry":{"type":"Point","coordinates":[8.65,57.17]},"geometry_name":"the_geom","properties":{"country":"Denmark","name":"Vigso Bay","n_turbines":null,"power_mw":450.0,"status":"Planned","type_inst":null,"updateyear":"2024","year":null,"dist_coast":5189.60980038,"notes":null}},{"type":"Feature","id":"windfarms.32","geometry":{"type":"Point","coordinates":[24.19,57.98]},"geometry_name":"the_geom","properties":{"country":"Estonia","name":"Area 1 - Eesti Energia","n_turbines":null,"power_mw":1005.0,"status":"Planned","type_inst":null,"updateyear":"2024","year":null,"dist_coast":12277.0776252,"notes":null}},{"type":"Feature","id":"windfarms.33","geometry":{"type":"Point","coordinates":[24.01,57.97]},"geometry_name":"the_geom","properties":{"country":"Estonia","name":"Area 2 - Eesti Energia","n_turbines":null,"power_mw":1005.0,"status":"Planned","type_inst":null,"updateyear":"2024","year":null,"dist_coast":13651.7271803,"notes":null}},{"type":"Feature","id":"windfarms.34","geometry":{"type":"Point","coordinates":[21.25,58.13]},"geometry_name":"the_geom","properties":{"country":"Estonia","name":"European Energy Estonia OÜ Area SaareWest","n_turbines":null,"power_mw":1000.0,"status":"Planned","type_inst":null,"updateyear":"2024","year":null,"dist_coast":36846.3536815,"notes":null}},{"type":"Feature","id":"windfarms.35","geometry":{"type":"Point","coordinates":[23.98,57.97]},"geometry_name":"the_geom","properties":{"country":"Estonia","name":"Liivi Iaht Kihnu","n_turbines":null,"power_mw":960.0,"status":"Planned","type_inst":null,"updateyear":"2024","year":null,"dist_coast":13628.2809108,"notes":null}},{"type":"Feature","id":"windfarms.39","geometry":{"type":"Point","coordinates":[21.74,58.06]},"geometry_name":"the_geom","properties":{"country":"Estonia","name":"Sõrve","n_turbines":null,"power_mw":1200.0,"status":"Planned","type_inst":null,"updateyear":"2024","year":null,"dist_coast":17087.5982803,"notes":null}},{"type":"Feature","id":"windfarms.40","geometry":{"type":"Point","coordinates":[21.73,57.94]},"geometry_name":"the_geom","properties":{"country":"Estonia","name":"Sõrve 2","n_turbines":null,"power_mw":1200.0,"status":"Planned","type_inst":null,"updateyear":"2024","year":null,"dist_coast":15059.8275375,"notes":null}},{"type":"Feature","id":"windfarms.41","geometry":{"type":"Point","coordinates":[22.09,59.12]},"geometry_name":"the_geom","properties":{"country":"Estonia","name":"Sunly SW1","n_turbines":null,"power_mw":84.0,"status":"Planned","type_inst":null,"updateyear":"2024","year":null,"dist_coast":19392.6923563,"notes":null}},{"type":"Feature","id":"windfarms.42","geometry":{"type":"Point","coordinates":[21.61,57.83]},"geometry_name":"the_geom","properties":{"country":"Estonia","name":"Sunly SW10","n_turbines":null,"power_mw":72.0,"status":"Planned","type_inst":null,"updateyear":"2024","year":null,"dist_coast":25851.3314522,"notes":null}},{"type":"Feature","id":"windfarms.43","geometry":{"type":"Point","coordinates":[21.37,58.18]},"geometry_name":"the_geom","properties":{"country":"Estonia","name":"Sunly SW11","n_turbines":null,"power_mw":108.0,"status":"Planned","type_inst":null,"updateyear":"2024","year":null,"dist_coast":27920.9753927,"notes":null}},{"type":"Feature","id":"windfarms.44","geometry":{"type":"Point","coordinates":[21.41,58.23]},"geometry_name":"the_geom","properties":{"country":"Estonia","name":"Sunly SW12","n_turbines":null,"power_mw":72.0,"status":"Planned","type_inst":null,"updateyear":"2024","year":null,"dist_coast":23116.2020673,"notes":null}},{"type":"Feature","id":"windfarms.45","geometry":{"type":"Point","coordinates":[21.41,58.23]},"geometry_name":"the_geom","properties":{"country":"Estonia","name":"Sunly SW13","n_turbines":null,"power_mw":72.0,"status":"Planned","type_inst":null,"updateyear":"2024","year":null,"dist_coast":23116.2020673,"notes":null}},{"type":"Feature","id":"windfarms.46","geometry":{"type":"Point","coordinates":[21.96,59.07]},"geometry_name":"the_geom","properties":{"country":"Estonia","name":"Sunly SW2","n_turbines":null,"power_mw":114.0,"status":"Planned","type_inst":null,"updateyear":"2024","year":null,"dist_coast":15080.9391391,"notes":null}},{"type":"Feature","id":"windfarms.47","geometry":{"type":"Point","coordinates":[21.77,58.95]},"geometry_name":"the_geom","properties":{"country":"Estonia","name":"Sunly SW3","n_turbines":null,"power_mw":144.0,"status":"Planned","type_inst":null,"updateyear":"2024","year":null,"dist_coast":15706.9935451,"notes":null}},{"type":"Feature","id":"windfarms.48","geometry":{"type":"Point","coordinates":[21.84,58.91]},"geometry_name":"the_geom","properties":{"country":"Estonia","name":"Sunly SW4","n_turbines":null,"power_mw":132.0,"status":"Planned","type_inst":null,"updateyear":"2024","year":null,"dist_coast":11615.1980715,"notes":null}},{"type":"Feature","id":"windfarms.49","geometry":{"type":"Point","coordinates":[21.87,58.14]},"geometry_name":"the_geom","properties":{"country":"Estonia","name":"Sunly SW5","n_turbines":null,"power_mw":84.0,"status":"Planned","type_inst":null,"updateyear":"2024","year":null,"dist_coast":11157.1063545,"notes":null}},{"type":"Feature","id":"windfarms.50","geometry":{"type":"Point","coordinates":[21.6,58.24]},"geometry_name":"the_geom","properties":{"country":"Estonia","name":"Sunly SW6","n_turbines":null,"power_mw":492.0,"status":"Planned","type_inst":null,"updateyear":"2024","year":null,"dist_coast":13029.0203118,"notes":null}},{"type":"Feature","id":"windfarms.51","geometry":{"type":"Point","coordinates":[21.43,58.28]},"geometry_name":"the_geom","properties":{"country":"Estonia","name":"Sunly SW7","n_turbines":null,"power_mw":252.0,"status":"Planned","type_inst":null,"updateyear":"2024","year":null,"dist_coast":20115.3981252,"notes":null}},{"type":"Feature","id":"windfarms.52","geometry":{"type":"Point","coordinates":[21.42,58.18]},"geometry_name":"the_geom","properties":{"country":"Estonia","name":"Sunly SW8","n_turbines":null,"power_mw":120.0,"status":"Planned","type_inst":null,"updateyear":"2024","year":null,"dist_coast":25473.2223214,"notes":null}},{"type":"Feature","id":"windfarms.53","geometry":{"type":"Point","coordinates":[21.26,58.19]},"geometry_name":"the_geom","properties":{"country":"Estonia","name":"Sunly SW9","n_turbines":null,"power_mw":120.0,"status":"Planned","type_inst":null,"updateyear":"2024","year":null,"dist_coast":32967.4889537,"notes":null}},{"type":"Feature","id":"windfarms.54","geometry":{"type":"Point","coordinates":[23.34,58.11]},"geometry_name":"the_geom","properties":{"country":"Estonia","name":"Tuuletraal","n_turbines":null,"power_mw":1050.0,"status":"Planned","type_inst":null,"updateyear":"2024","year":null,"dist_coast":31280.1643804,"notes":null}},{"type":"Feature","id":"windfarms.65","geometry":{"type":"Point","coordinates":[24.51,65.64]},"geometry_name":"the_geom","properties":{"country":"Finland","name":"Kemi Ajos III Kemin Ajoksen III","n_turbines":null,"power_mw":189.0,"status":"Planned","type_inst":null,"updateyear":"2024","year":null,"dist_coast":1272.2954614,"notes":null}},{"type":"Feature","id":"windfarms.69","geometry":{"type":"Point","coordinates":[20.49,59.71]},"geometry_name":"the_geom","properties":{"country":"Finland","name":"Noatun Syd","n_turbines":null,"power_mw":3000.0,"status":"Planned","type_inst":null,"updateyear":"2024","year":null,"dist_coast":14040.4197715,"notes":null}},{"type":"Feature","id":"windfarms.70","geometry":{"type":"Point","coordinates":[20.31,62.67]},"geometry_name":"the_geom","properties":{"country":"Finland","name":"Norrskar","n_turbines":null,"power_mw":1550.0,"status":"Planned","type_inst":null,"updateyear":"2024","year":null,"dist_coast":37726.7213676,"notes":null}},{"type":"Feature","id":"windfarms.77","geometry":{"type":"Point","coordinates":[21.82,63.79]},"geometry_name":"the_geom","properties":{"country":"Finland","name":"Reimari","n_turbines":null,"power_mw":3600.0,"status":"Planned","type_inst":null,"updateyear":"2024","year":null,"dist_coast":32691.1666619,"notes":null}},{"type":"Feature","id":"windfarms.82","geometry":{"type":"Point","coordinates":[21.92,63.86]},"geometry_name":"the_geom","properties":{"country":"Finland","name":"Voima","n_turbines":null,"power_mw":1500.0,"status":"Planned","type_inst":null,"updateyear":"2024","year":null,"dist_coast":32503.2747235,"notes":null}},{"type":"Feature","id":"windfarms.84","geometry":{"type":"Point","coordinates":[4.92,43.31]},"geometry_name":"the_geom","properties":{"country":"France","name":"AFLOWT France","n_turbines":null,"power_mw":6.0,"status":"Planned","type_inst":null,"updateyear":"2024","year":null,"dist_coast":5500.83501439,"notes":null}},{"type":"Feature","id":"windfarms.85","geometry":{"type":"Point","coordinates":[-2.71,47.41]},"geometry_name":"the_geom","properties":{"country":"France","name":"Eolink 20 MW Prototype","n_turbines":null,"power_mw":20.0,"status":"Planned","type_inst":"Floating","updateyear":"2026","year":null,"dist_coast":6414.32640755,"notes":null}},{"type":"Feature","id":"windfarms.86","geometry":{"type":"Point","coordinates":[-2.71,47.41]},"geometry_name":"the_geom","properties":{"country":"France","name":"Eolink Commercial","n_turbines":null,"power_mw":250.0,"status":"Planned","type_inst":"Floating","updateyear":"2026","year":null,"dist_coast":6414.32640755,"notes":null}},{"type":"Feature","id":"windfarms.87","geometry":{"type":"Point","coordinates":[-2.78,47.24]},"geometry_name":"the_geom","properties":{"country":"France","name":"Eolink Démonstrateur","n_turbines":null,"power_mw":5.0,"status":"Approved","type_inst":null,"updateyear":"2024","year":null,"dist_coast":10339.6516681,"notes":null}},{"type":"Feature","id":"windfarms.88","geometry":{"type":"Point","coordinates":[-2.71,47.41]},"geometry_name":"the_geom","properties":{"country":"France","name":"Eolink GW Scale","n_turbines":null,"power_mw":1000.0,"status":"Planned","type_inst":"Floating","updateyear":"2026","year":null,"dist_coast":6414.32640755,"notes":null}},{"type":"Feature","id":"windfarms.91","geometry":{"type":"Point","coordinates":[3.4,42.9]},"geometry_name":"the_geom","properties":{"country":"France","name":"Ideol & Quadran Floating Project Ailes Marines","n_turbines":null,"power_mw":500.0,"status":"Planned","type_inst":null,"updateyear":"2024","year":null,"dist_coast":27892.7000539,"notes":null}},{"type":"Feature","id":"windfarms.93","geometry":{"type":"Point","coordinates":[4.91,43.31]},"geometry_name":"the_geom","properties":{"country":"France","name":"NextFloat","n_turbines":null,"power_mw":6.0,"status":"Planned","type_inst":null,"updateyear":"2024","year":null,"dist_coast":4796.07818036,"notes":null}},{"type":"Feature","id":"windfarms.95","geometry":{"type":"Point","coordinates":[7.8,54.21]},"geometry_name":"the_geom","properties":{"country":"Germany","name":"AquaPrimus","n_turbines":null,"power_mw":28.0,"status":"Planned","type_inst":"Grounded","updateyear":"2026","year":null,"dist_coast":5263.97050597,"notes":null}},{"type":"Feature","id":"windfarms.106","geometry":{"type":"Point","coordinates":[25.85,40.83]},"geometry_name":"the_geom","properties":{"country":"Greece","name":"Thrakiki Wind 1 Thrakiki Aioliki 1","n_turbines":null,"power_mw":24.0,"status":"Planned","type_inst":null,"updateyear":"2024","year":null,"dist_coast":1711.23912979,"notes":null}},{"type":"Feature","id":"windfarms.107","geometry":{"type":"Point","coordinates":[25.81,40.84]},"geometry_name":"the_geom","properties":{"country":"Greece","name":"Thrakiki Wind 1 Thrakiki Aioliki 2","n_turbines":null,"power_mw":24.0,"status":"Planned","type_inst":null,"updateyear":"2024","year":null,"dist_coast":1120.36657419,"notes":null}},{"type":"Feature","id":"windfarms.108","geometry":{"type":"Point","coordinates":[25.78,40.84]},"geometry_name":"the_geom","properties":{"country":"Greece","name":"Thrakiki Wind 1 Thrakiki Aioliki 3","n_turbines":null,"power_mw":24.0,"status":"Planned","type_inst":null,"updateyear":"2024","year":null,"dist_coast":1214.25155825,"notes":null}},{"type":"Feature","id":"windfarms.109","geometry":{"type":"Point","coordinates":[25.84,40.83]},"geometry_name":"the_geom","properties":{"country":"Greece","name":"Thrakiki Wind 1 Thrakiki Aioliki 4","n_turbines":null,"power_mw":24.0,"status":"Planned","type_inst":null,"updateyear":"2024","year":null,"dist_coast":1924.17023972,"notes":null}},{"type":"Feature","id":"windfarms.110","geometry":{"type":"Point","coordinates":[25.81,40.83]},"geometry_name":"the_geom","properties":{"country":"Greece","name":"Thrakiki Wind 1 Thrakiki Aioliki 5","n_turbines":null,"power_mw":24.0,"status":"Planned","type_inst":null,"updateyear":"2024","year":null,"dist_coast":2228.27310938,"notes":null}},{"type":"Feature","id":"windfarms.111","geometry":{"type":"Point","coordinates":[25.84,40.82]},"geometry_name":"the_geom","properties":{"country":"Greece","name":"Thrakiki Wind 1 Thrakiki Aioliki 6","n_turbines":null,"power_mw":24.0,"status":"Planned","type_inst":null,"updateyear":"2024","year":null,"dist_coast":3029.67831263,"notes":null}},{"type":"Feature","id":"windfarms.112","geometry":{"type":"Point","coordinates":[25.97,40.81]},"geometry_name":"the_geom","properties":{"country":"Greece","name":"Thrakiki Wind 1 Thrakiki Aioliki 7","n_turbines":null,"power_mw":24.0,"status":"Planned","type_inst":null,"updateyear":"2024","year":null,"dist_coast":1918.79289179,"notes":null}},{"type":"Feature","id":"windfarms.113","geometry":{"type":"Point","coordinates":[25.97,40.8]},"geometry_name":"the_geom","properties":{"country":"Greece","name":"Thrakiki Wind 1 Thrakiki Aioliki 8","n_turbines":null,"power_mw":24.0,"status":"Planned","type_inst":null,"updateyear":"2024","year":null,"dist_coast":2472.1129976,"notes":null}},{"type":"Feature","id":"windfarms.114","geometry":{"type":"Point","coordinates":[25.97,40.79]},"geometry_name":"the_geom","properties":{"country":"Greece","name":"Thrakiki Wind 1 Thrakiki Aioliki 9","n_turbines":null,"power_mw":24.0,"status":"Planned","type_inst":null,"updateyear":"2024","year":null,"dist_coast":2868.28173227,"notes":null}},{"type":"Feature","id":"windfarms.115","geometry":{"type":"Point","coordinates":[-8.87,54.42]},"geometry_name":"the_geom","properties":{"country":"Ireland","name":"Aniar Offshore Array Phase 1","n_turbines":null,"power_mw":500.0,"status":"Planned","type_inst":"Grounded","updateyear":"2026","year":null,"dist_coast":12758.7601381,"notes":null}},{"type":"Feature","id":"windfarms.116","geometry":{"type":"Point","coordinates":[-9.11,54.59]},"geometry_name":"the_geom","properties":{"country":"Ireland","name":"Aniar Offshore Array Phase 2","n_turbines":null,"power_mw":500.0,"status":"Planned","type_inst":"Floating","updateyear":"2026","year":null,"dist_coast":19210.4766561,"notes":null}},{"type":"Feature","id":"windfarms.117","geometry":{"type":"Point","coordinates":[-8.9,54.9]},"geometry_name":"the_geom","properties":{"country":"Ireland","name":"Arranmore Wind","n_turbines":null,"power_mw":1000.0,"status":"Planned","type_inst":"Floating","updateyear":"2026","year":null,"dist_coast":20102.2274743,"notes":null}},{"type":"Feature","id":"windfarms.118","geometry":{"type":"Point","coordinates":[-10.26,54.27]},"geometry_name":"the_geom","properties":{"country":"Ireland","name":"Atlantic Marine Energy Test Site","n_turbines":null,"power_mw":10.0,"status":"Approved","type_inst":"Floating","updateyear":"2026","year":null,"dist_coast":10314.8881111,"notes":null}},{"type":"Feature","id":"windfarms.119","geometry":{"type":"Point","coordinates":[-5.8,52.99]},"geometry_name":"the_geom","properties":{"country":"Ireland","name":"Banba Wind","n_turbines":null,"power_mw":1000.0,"status":"Planned","type_inst":null,"updateyear":"2024","year":null,"dist_coast":13553.6273078,"notes":null}},{"type":"Feature","id":"windfarms.121","geometry":{"type":"Point","coordinates":[-6.51,51.98]},"geometry_name":"the_geom","properties":{"country":"Ireland","name":"Bore Array","n_turbines":null,"power_mw":500.0,"status":"Planned","type_inst":null,"updateyear":"2024","year":null,"dist_coast":16347.5124233,"notes":null}},{"type":"Feature","id":"windfarms.122","geometry":{"type":"Point","coordinates":[-6.55,51.99]},"geometry_name":"the_geom","properties":{"country":"Ireland","name":"Celtic Horizon","n_turbines":null,"power_mw":700.0,"status":"Planned","type_inst":null,"updateyear":"2024","year":null,"dist_coast":14206.1470882,"notes":null}},{"type":"Feature","id":"windfarms.123","geometry":{"type":"Point","coordinates":[-6.76,51.51]},"geometry_name":"the_geom","properties":{"country":"Ireland","name":"Celtic Offshore Renewable Energy","n_turbines":null,"power_mw":1680.0,"status":"Planned","type_inst":"Floating","updateyear":"2026","year":null,"dist_coast":67589.9825052,"notes":null}},{"type":"Feature","id":"windfarms.124","geometry":{"type":"Point","coordinates":[-7.46,51.81]},"geometry_name":"the_geom","properties":{"country":"Ireland","name":"Celtic One","n_turbines":null,"power_mw":800.0,"status":"Planned","type_inst":null,"updateyear":"2024","year":null,"dist_coast":21928.7593977,"notes":null}},{"type":"Feature","id":"windfarms.125","geometry":{"type":"Point","coordinates":[-7.1,51.5]},"geometry_name":"the_geom","properties":{"country":"Ireland","name":"Celtic Two","n_turbines":null,"power_mw":800.0,"status":"Planned","type_inst":null,"updateyear":"2024","year":null,"dist_coast":64429.0986643,"notes":null}},{"type":"Feature","id":"windfarms.126","geometry":{"type":"Point","coordinates":[-10.27,52.71]},"geometry_name":"the_geom","properties":{"country":"Ireland","name":"Clarus","n_turbines":null,"power_mw":1000.0,"status":"Planned","type_inst":"Floating","updateyear":"2026","year":null,"dist_coast":27917.5702481,"notes":null}},{"type":"Feature","id":"windfarms.127","geometry":{"type":"Point","coordinates":[-8.98,51.25]},"geometry_name":"the_geom","properties":{"country":"Ireland","name":"Cork Offshore Wind","n_turbines":null,"power_mw":1000.0,"status":"Planned","type_inst":null,"updateyear":"2024","year":null,"dist_coast":31014.5951518,"notes":null}},{"type":"Feature","id":"windfarms.128","geometry":{"type":"Point","coordinates":[-6.1,53.75]},"geometry_name":"the_geom","properties":{"country":"Ireland","name":"Dublin North East Wind","n_turbines":null,"power_mw":2500.0,"status":"Planned","type_inst":null,"updateyear":"2024","year":null,"dist_coast":9205.84180921,"notes":null}},{"type":"Feature","id":"windfarms.129","geometry":{"type":"Point","coordinates":[-6.88,51.95]},"geometry_name":"the_geom","properties":{"country":"Ireland","name":"East Celtic","n_turbines":null,"power_mw":900.0,"status":"Planned","type_inst":"Grounded","updateyear":"2026","year":null,"dist_coast":19662.6163231,"notes":null}},{"type":"Feature","id":"windfarms.130","geometry":{"type":"Point","coordinates":[-8.08,51.36]},"geometry_name":"the_geom","properties":{"country":"Ireland","name":"Emerald - Commercial","n_turbines":null,"power_mw":700.0,"status":"Planned","type_inst":null,"updateyear":"2024","year":null,"dist_coast":41647.6605013,"notes":null}},{"type":"Feature","id":"windfarms.131","geometry":{"type":"Point","coordinates":[-8.08,51.36]},"geometry_name":"the_geom","properties":{"country":"Ireland","name":"Emerald - Demonstration","n_turbines":null,"power_mw":300.0,"status":"Planned","type_inst":null,"updateyear":"2024","year":null,"dist_coast":41647.6605013,"notes":null}},{"type":"Feature","id":"windfarms.132","geometry":{"type":"Point","coordinates":[-5.72,53.25]},"geometry_name":"the_geom","properties":{"country":"Ireland","name":"Greystones","n_turbines":null,"power_mw":1000.0,"status":"Planned","type_inst":"Grounded","updateyear":"2026","year":null,"dist_coast":24171.7865079,"notes":null}},{"type":"Feature","id":"windfarms.134","geometry":{"type":"Point","coordinates":[-7.28,51.97]},"geometry_name":"the_geom","properties":{"country":"Ireland","name":"Helvick Head","n_turbines":null,"power_mw":800.0,"status":"Planned","type_inst":null,"updateyear":"2024","year":null,"dist_coast":18322.4778003,"notes":null}},{"type":"Feature","id":"windfarms.135","geometry":{"type":"Point","coordinates":[-10.06,52.45]},"geometry_name":"the_geom","properties":{"country":"Ireland","name":"Ilen Array","n_turbines":null,"power_mw":1500.0,"status":"Planned","type_inst":null,"updateyear":"2024","year":null,"dist_coast":8416.23575012,"notes":null}},{"type":"Feature","id":"windfarms.137","geometry":{"type":"Point","coordinates":[-10.25,52.37]},"geometry_name":"the_geom","properties":{"country":"Ireland","name":"Inis Offshore Wind Kerry","n_turbines":null,"power_mw":1000.0,"status":"Planned","type_inst":null,"updateyear":"2024","year":null,"dist_coast":10083.5262971,"notes":null}},{"type":"Feature","id":"windfarms.138","geometry":{"type":"Point","coordinates":[-5.67,53.25]},"geometry_name":"the_geom","properties":{"country":"Ireland","name":"Inis Offshore Wind Leinster","n_turbines":null,"power_mw":500.0,"status":"Planned","type_inst":null,"updateyear":"2024","year":null,"dist_coast":27481.8217716,"notes":null}},{"type":"Feature","id":"windfarms.139","geometry":{"type":"Point","coordinates":[-9.88,52.78]},"geometry_name":"the_geom","properties":{"country":"Ireland","name":"Inis Offshore Wind Munster","n_turbines":null,"power_mw":1000.0,"status":"Planned","type_inst":null,"updateyear":"2024","year":null,"dist_coast":17174.9341662,"notes":null}},{"type":"Feature","id":"windfarms.142","geometry":{"type":"Point","coordinates":[-5.8,53.56]},"geometry_name":"the_geom","properties":{"country":"Ireland","name":"Lir Offshore Array","n_turbines":null,"power_mw":2000.0,"status":"Planned","type_inst":null,"updateyear":"2024","year":null,"dist_coast":13995.8286245,"notes":null}},{"type":"Feature","id":"windfarms.143","geometry":{"type":"Point","coordinates":[-6.09,52.54]},"geometry_name":"the_geom","properties":{"country":"Ireland","name":"Loch Garman","n_turbines":null,"power_mw":750.0,"status":"Planned","type_inst":"Grounded","updateyear":"2026","year":null,"dist_coast":7505.28456867,"notes":null}},{"type":"Feature","id":"windfarms.148","geometry":{"type":"Point","coordinates":[-6.9,51.66]},"geometry_name":"the_geom","properties":{"country":"Ireland","name":"Péarla Offshore Windfarm","n_turbines":null,"power_mw":1000.0,"status":"Planned","type_inst":null,"updateyear":"2024","year":null,"dist_coast":51821.3894014,"notes":null}},{"type":"Feature","id":"windfarms.149","geometry":{"type":"Point","coordinates":[-5.84,52.92]},"geometry_name":"the_geom","properties":{"country":"Ireland","name":"Réalt na Mara","n_turbines":null,"power_mw":1600.0,"status":"Planned","type_inst":"Grounded","updateyear":"2026","year":null,"dist_coast":11667.7352692,"notes":null}},{"type":"Feature","id":"windfarms.150","geometry":{"type":"Point","coordinates":[-11.06,52.46]},"geometry_name":"the_geom","properties":{"country":"Ireland","name":"Rian Offshore Array Phase 1","n_turbines":null,"power_mw":2500.0,"status":"Planned","type_inst":"Floating","updateyear":"2026","year":null,"dist_coast":48923.5473201,"notes":null}},{"type":"Feature","id":"windfarms.155","geometry":{"type":"Point","coordinates":[-6.99,51.98]},"geometry_name":"the_geom","properties":{"country":"Ireland","name":"SSE Renewables Celtic Sea","n_turbines":null,"power_mw":800.0,"status":"Planned","type_inst":null,"updateyear":"2024","year":null,"dist_coast":16514.8521641,"notes":null}},{"type":"Feature","id":"windfarms.157","geometry":{"type":"Point","coordinates":[-5.83,53.24]},"geometry_name":"the_geom","properties":{"country":"Ireland","name":"Sunrise Wind (IE)","n_turbines":null,"power_mw":1330.0,"status":"Planned","type_inst":"Grounded","updateyear":"2026","year":null,"dist_coast":17107.5464336,"notes":null}},{"type":"Feature","id":"windfarms.158","geometry":{"type":"Point","coordinates":[-9.97,52.56]},"geometry_name":"the_geom","properties":{"country":"Ireland","name":"Tralee South West Wind","n_turbines":null,"power_mw":2500.0,"status":"Planned","type_inst":null,"updateyear":"2024","year":null,"dist_coast":2140.10689903,"notes":null}},{"type":"Feature","id":"windfarms.159","geometry":{"type":"Point","coordinates":[-8.85,51.38]},"geometry_name":"the_geom","properties":{"country":"Ireland","name":"Tulca Offshore Array Phase 1","n_turbines":null,"power_mw":1650.0,"status":"Planned","type_inst":"Floating","updateyear":"2026","year":null,"dist_coast":18193.8532338,"notes":null}},{"type":"Feature","id":"windfarms.160","geometry":{"type":"Point","coordinates":[-8.82,51.38]},"geometry_name":"the_geom","properties":{"country":"Ireland","name":"Tulca Offshore Array Phase 2","n_turbines":null,"power_mw":2240.0,"status":"Planned","type_inst":"Floating","updateyear":"2026","year":null,"dist_coast":19099.287358,"notes":null}},{"type":"Feature","id":"windfarms.161","geometry":{"type":"Point","coordinates":[-10.06,51.43]},"geometry_name":"the_geom","properties":{"country":"Ireland","name":"Urban Sea","n_turbines":null,"power_mw":4000.0,"status":"Planned","type_inst":null,"updateyear":"2024","year":null,"dist_coast":16354.1655606,"notes":null}},{"type":"Feature","id":"windfarms.162","geometry":{"type":"Point","coordinates":[-10.81,51.83]},"geometry_name":"the_geom","properties":{"country":"Ireland","name":"Valentia Phase 1","n_turbines":null,"power_mw":920.0,"status":"Planned","type_inst":"Floating","updateyear":"2026","year":null,"dist_coast":19409.6034373,"notes":null}},{"type":"Feature","id":"windfarms.163","geometry":{"type":"Point","coordinates":[-10.95,51.96]},"geometry_name":"the_geom","properties":{"country":"Ireland","name":"Valentia Phase 2","n_turbines":null,"power_mw":620.0,"status":"Planned","type_inst":"Floating","updateyear":"2026","year":null,"dist_coast":23496.5012982,"notes":null}},{"type":"Feature","id":"windfarms.164","geometry":{"type":"Point","coordinates":[-7.35,51.36]},"geometry_name":"the_geom","properties":{"country":"Ireland","name":"Voyage Offshore Array","n_turbines":null,"power_mw":2900.0,"status":"Planned","type_inst":null,"updateyear":"2024","year":null,"dist_coast":67873.235712,"notes":null}},{"type":"Feature","id":"windfarms.165","geometry":{"type":"Point","coordinates":[-8.93,55.54]},"geometry_name":"the_geom","properties":{"country":"Ireland","name":"West Ireland","n_turbines":null,"power_mw":2000.0,"status":"Planned","type_inst":null,"updateyear":"2024","year":null,"dist_coast":52006.7606684,"notes":null}},{"type":"Feature","id":"windfarms.167","geometry":{"type":"Point","coordinates":[-6.74,51.57]},"geometry_name":"the_geom","properties":{"country":"Ireland","name":"Wexford South East Wind","n_turbines":null,"power_mw":2500.0,"status":"Planned","type_inst":null,"updateyear":"2024","year":null,"dist_coast":60765.5432913,"notes":null}},{"type":"Feature","id":"windfarms.169","geometry":{"type":"Point","coordinates":[14.4,42.54]},"geometry_name":"the_geom","properties":{"country":"Italy","name":"Abruzzo 1","n_turbines":null,"power_mw":1760.0,"status":"Planned","type_inst":"Floating","updateyear":"2026","year":null,"dist_coast":15738.3566417,"notes":null}},{"type":"Feature","id":"windfarms.170","geometry":{"type":"Point","coordinates":[12.79,44.34]},"geometry_name":"the_geom","properties":{"country":"Italy","name":"Agnes 1 Romagna 1","n_turbines":null,"power_mw":120.0,"status":"Planned","type_inst":null,"updateyear":"2024","year":null,"dist_coast":33442.3832658,"notes":null}},{"type":"Feature","id":"windfarms.171","geometry":{"type":"Point","coordinates":[12.73,44.56]},"geometry_name":"the_geom","properties":{"country":"Italy","name":"Agnes 2 Romagna 2","n_turbines":null,"power_mw":400.0,"status":"Planned","type_inst":null,"updateyear":"2024","year":null,"dist_coast":35486.6891137,"notes":null}},{"type":"Feature","id":"windfarms.172","geometry":{"type":"Point","coordinates":[16.59,42.15]},"geometry_name":"the_geom","properties":{"country":"Italy","name":"APENESTE Offshore","n_turbines":null,"power_mw":915.0,"status":"Planned","type_inst":"Floating","updateyear":"2026","year":null,"dist_coast":32573.8480588,"notes":null}},{"type":"Feature","id":"windfarms.173","geometry":{"type":"Point","coordinates":[9.62,43.32]},"geometry_name":"the_geom","properties":{"country":"Italy","name":"Atis","n_turbines":null,"power_mw":864.0,"status":"Planned","type_inst":null,"updateyear":"2024","year":null,"dist_coast":24701.04488,"notes":null}},{"type":"Feature","id":"windfarms.174","geometry":{"type":"Point","coordinates":[17.44,41.74]},"geometry_name":"the_geom","properties":{"country":"Italy","name":"Bari","n_turbines":null,"power_mw":600.0,"status":"Planned","type_inst":null,"updateyear":"2024","year":null,"dist_coast":80280.0214621,"notes":null}},{"type":"Feature","id":"windfarms.175","geometry":{"type":"Point","coordinates":[16.39,41.68]},"geometry_name":"the_geom","properties":{"country":"Italy","name":"Barium Bay","n_turbines":null,"power_mw":1100.0,"status":"Planned","type_inst":"Floating","updateyear":"2026","year":null,"dist_coast":19715.015493,"notes":null}},{"type":"Feature","id":"windfarms.176","geometry":{"type":"Point","coordinates":[16.74,41.45]},"geometry_name":"the_geom","properties":{"country":"Italy","name":"Barletta Offshore","n_turbines":null,"power_mw":840.0,"status":"Planned","type_inst":null,"updateyear":"2024","year":null,"dist_coast":29216.6968481,"notes":null}},{"type":"Feature","id":"windfarms.177","geometry":{"type":"Point","coordinates":[18.05,40.9]},"geometry_name":"the_geom","properties":{"country":"Italy","name":"Bluwind Brindisi","n_turbines":null,"power_mw":840.0,"status":"Planned","type_inst":null,"updateyear":"2024","year":null,"dist_coast":25755.4072909,"notes":null}},{"type":"Feature","id":"windfarms.178","geometry":{"type":"Point","coordinates":[11.23,42.01]},"geometry_name":"the_geom","properties":{"country":"Italy","name":"Bluwind Civitavecchia","n_turbines":null,"power_mw":870.0,"status":"Planned","type_inst":null,"updateyear":"2024","year":null,"dist_coast":27196.124979,"notes":null}},{"type":"Feature","id":"windfarms.179","geometry":{"type":"Point","coordinates":[16.69,41.89]},"geometry_name":"the_geom","properties":{"country":"Italy","name":"Bluwind Manfredonia","n_turbines":null,"power_mw":825.0,"status":"Planned","type_inst":null,"updateyear":"2024","year":null,"dist_coast":41562.542402,"notes":null}},{"type":"Feature","id":"windfarms.180","geometry":{"type":"Point","coordinates":[14.82,36.41]},"geometry_name":"the_geom","properties":{"country":"Italy","name":"Bluwind Pozzallo","n_turbines":null,"power_mw":975.0,"status":"Planned","type_inst":"Floating","updateyear":"2026","year":null,"dist_coast":32491.2952568,"notes":null}},{"type":"Feature","id":"windfarms.181","geometry":{"type":"Point","coordinates":[16.83,41.49]},"geometry_name":"the_geom","properties":{"country":"Italy","name":"BNW","n_turbines":null,"power_mw":504.0,"status":"Planned","type_inst":null,"updateyear":"2024","year":null,"dist_coast":35702.2608333,"notes":null}},{"type":"Feature","id":"windfarms.182","geometry":{"type":"Point","coordinates":[17.96,40.89]},"geometry_name":"the_geom","properties":{"country":"Italy","name":"Brenda Energia","n_turbines":null,"power_mw":741.0,"status":"Planned","type_inst":null,"updateyear":"2024","year":null,"dist_coast":22821.1414323,"notes":null}},{"type":"Feature","id":"windfarms.183","geometry":{"type":"Point","coordinates":[17.96,40.91]},"geometry_name":"the_geom","properties":{"country":"Italy","name":"BRN Civitavecchia","n_turbines":null,"power_mw":504.0,"status":"Planned","type_inst":null,"updateyear":"2024","year":null,"dist_coast":25025.6498823,"notes":null}},{"type":"Feature","id":"windfarms.184","geometry":{"type":"Point","coordinates":[11.83,37.76]},"geometry_name":"the_geom","properties":{"country":"Italy","name":"Calypso","n_turbines":null,"power_mw":600.0,"status":"Planned","type_inst":"Floating","updateyear":"2026","year":null,"dist_coast":28887.341129,"notes":null}},{"type":"Feature","id":"windfarms.185","geometry":{"type":"Point","coordinates":[18.11,40.59]},"geometry_name":"the_geom","properties":{"country":"Italy","name":"Centrale Eolica Offshore Brindisi","n_turbines":null,"power_mw":108.0,"status":"Planned","type_inst":null,"updateyear":"2024","year":null,"dist_coast":5596.06539984,"notes":null}},{"type":"Feature","id":"windfarms.186","geometry":{"type":"Point","coordinates":[11.35,42.14]},"geometry_name":"the_geom","properties":{"country":"Italy","name":"Civitavecchia A","n_turbines":null,"power_mw":225.0,"status":"Planned","type_inst":null,"updateyear":"2024","year":null,"dist_coast":22685.7180548,"notes":null}},{"type":"Feature","id":"windfarms.187","geometry":{"type":"Point","coordinates":[11.29,42.07]},"geometry_name":"the_geom","properties":{"country":"Italy","name":"Civitavecchia B","n_turbines":null,"power_mw":375.0,"status":"Planned","type_inst":null,"updateyear":"2024","year":null,"dist_coast":23916.4330391,"notes":null}},{"type":"Feature","id":"windfarms.188","geometry":{"type":"Point","coordinates":[8.3,38.75]},"geometry_name":"the_geom","properties":{"country":"Italy","name":"Del Toro 1","n_turbines":null,"power_mw":293.0,"status":"Planned","type_inst":null,"updateyear":"2024","year":null,"dist_coast":15370.4536203,"notes":null}},{"type":"Feature","id":"windfarms.189","geometry":{"type":"Point","coordinates":[8.16,38.88]},"geometry_name":"the_geom","properties":{"country":"Italy","name":"Del Toro 2","n_turbines":null,"power_mw":293.0,"status":"Planned","type_inst":null,"updateyear":"2024","year":null,"dist_coast":21813.0861125,"notes":null}},{"type":"Feature","id":"windfarms.191","geometry":{"type":"Point","coordinates":[12.07,37.34]},"geometry_name":"the_geom","properties":{"country":"Italy","name":"Elymo A","n_turbines":null,"power_mw":858.0,"status":"Planned","type_inst":null,"updateyear":"2024","year":null,"dist_coast":53301.9802693,"notes":null}},{"type":"Feature","id":"windfarms.192","geometry":{"type":"Point","coordinates":[12.35,36.92]},"geometry_name":"the_geom","properties":{"country":"Italy","name":"Elymo B","n_turbines":null,"power_mw":435.0,"status":"Planned","type_inst":null,"updateyear":"2024","year":null,"dist_coast":30026.4247288,"notes":null}},{"type":"Feature","id":"windfarms.193","geometry":{"type":"Point","coordinates":[14.67,36.54]},"geometry_name":"the_geom","properties":{"country":"Italy","name":"Eureka Wind","n_turbines":null,"power_mw":570.0,"status":"Planned","type_inst":"Floating","updateyear":"2026","year":null,"dist_coast":19755.0393095,"notes":null}},{"type":"Feature","id":"windfarms.194","geometry":{"type":"Point","coordinates":[14.78,36.21]},"geometry_name":"the_geom","properties":{"country":"Italy","name":"Euribia","n_turbines":null,"power_mw":660.0,"status":"Planned","type_inst":null,"updateyear":"2024","year":null,"dist_coast":40472.3356385,"notes":null}},{"type":"Feature","id":"windfarms.195","geometry":{"type":"Point","coordinates":[16.66,38.62]},"geometry_name":"the_geom","properties":{"country":"Italy","name":"Fortevento","n_turbines":null,"power_mw":585.0,"status":"Planned","type_inst":"Floating","updateyear":"2026","year":null,"dist_coast":8350.59117431,"notes":null}},{"type":"Feature","id":"windfarms.197","geometry":{"type":"Point","coordinates":[17.09,40.38]},"geometry_name":"the_geom","properties":{"country":"Italy","name":"Golfo di Taranto","n_turbines":null,"power_mw":1500.0,"status":"Planned","type_inst":null,"updateyear":"2024","year":null,"dist_coast":9004.04582961,"notes":null}},{"type":"Feature","id":"windfarms.198","geometry":{"type":"Point","coordinates":[15.14,35.75]},"geometry_name":"the_geom","properties":{"country":"Italy","name":"Gulf of Gela","n_turbines":null,"power_mw":384.0,"status":"Planned","type_inst":null,"updateyear":"2024","year":null,"dist_coast":52516.1054546,"notes":null}},{"type":"Feature","id":"windfarms.199","geometry":{"type":"Point","coordinates":[12.12,37.54]},"geometry_name":"the_geom","properties":{"country":"Italy","name":"Hannibal","n_turbines":null,"power_mw":250.0,"status":"Planned","type_inst":null,"updateyear":"2024","year":null,"dist_coast":36131.2785648,"notes":null}},{"type":"Feature","id":"windfarms.200","geometry":{"type":"Point","coordinates":[16.88,42.09]},"geometry_name":"the_geom","properties":{"country":"Italy","name":"Hope Group Manfredonia","n_turbines":null,"power_mw":945.0,"status":"Planned","type_inst":null,"updateyear":"2024","year":null,"dist_coast":54800.2977182,"notes":null}},{"type":"Feature","id":"windfarms.201","geometry":{"type":"Point","coordinates":[12.44,37.41]},"geometry_name":"the_geom","properties":{"country":"Italy","name":"HyMed","n_turbines":null,"power_mw":3200.0,"status":"Planned","type_inst":null,"updateyear":"2025","year":null,"dist_coast":26186.8816754,"notes":null}},{"type":"Feature","id":"windfarms.203","geometry":{"type":"Point","coordinates":[18.46,40.51]},"geometry_name":"the_geom","properties":{"country":"Italy","name":"Iron Solar","n_turbines":null,"power_mw":525.0,"status":"Planned","type_inst":null,"updateyear":"2024","year":null,"dist_coast":18609.3893269,"notes":null}},{"type":"Feature","id":"windfarms.204","geometry":{"type":"Point","coordinates":[18.02,40.69]},"geometry_name":"the_geom","properties":{"country":"Italy","name":"Kailia Energia","n_turbines":null,"power_mw":1176.0,"status":"Planned","type_inst":"Floating","updateyear":"2026","year":null,"dist_coast":3618.60810596,"notes":null}},{"type":"Feature","id":"windfarms.205","geometry":{"type":"Point","coordinates":[18.46,40.51]},"geometry_name":"the_geom","properties":{"country":"Italy","name":"Lupiae Maris","n_turbines":null,"power_mw":525.0,"status":"Planned","type_inst":"Floating","updateyear":"2026","year":null,"dist_coast":18609.3893269,"notes":null}},{"type":"Feature","id":"windfarms.206","geometry":{"type":"Point","coordinates":[16.37,41.64]},"geometry_name":"the_geom","properties":{"country":"Italy","name":"Maxima Energia - 1","n_turbines":null,"power_mw":1140.0,"status":"Planned","type_inst":null,"updateyear":"2024","year":null,"dist_coast":21153.4717595,"notes":null}},{"type":"Feature","id":"windfarms.207","geometry":{"type":"Point","coordinates":[16.37,41.6]},"geometry_name":"the_geom","properties":{"country":"Italy","name":"Maxima Energia - 2","n_turbines":null,"power_mw":1140.0,"status":"Planned","type_inst":null,"updateyear":"2024","year":null,"dist_coast":24282.7560433,"notes":null}},{"type":"Feature","id":"windfarms.208","geometry":{"type":"Point","coordinates":[11.73,37.46]},"geometry_name":"the_geom","properties":{"country":"Italy","name":"Mazara del Vallo Offshore","n_turbines":null,"power_mw":1110.0,"status":"Planned","type_inst":null,"updateyear":"2024","year":null,"dist_coast":61559.8361323,"notes":null}},{"type":"Feature","id":"windfarms.209","geometry":{"type":"Point","coordinates":[12.55,37.05]},"geometry_name":"the_geom","properties":{"country":"Italy","name":"Mazara del Vallo Offshore 2","n_turbines":null,"power_mw":795.0,"status":"Planned","type_inst":null,"updateyear":"2024","year":null,"dist_coast":52717.9759721,"notes":null}},{"type":"Feature","id":"windfarms.210","geometry":{"type":"Point","coordinates":[11.98,37.22]},"geometry_name":"the_geom","properties":{"country":"Italy","name":"Mazara del Vallo Offshore 3","n_turbines":null,"power_mw":810.0,"status":"Planned","type_inst":null,"updateyear":"2024","year":null,"dist_coast":41945.3009125,"notes":null}},{"type":"Feature","id":"windfarms.211","geometry":{"type":"Point","coordinates":[12.08,37.34]},"geometry_name":"the_geom","properties":{"country":"Italy","name":"MDV - Mazara del Vallo","n_turbines":null,"power_mw":504.0,"status":"Planned","type_inst":null,"updateyear":"2024","year":null,"dist_coast":52663.3986184,"notes":null}},{"type":"Feature","id":"windfarms.212","geometry":{"type":"Point","coordinates":[19.44,39.67]},"geometry_name":"the_geom","properties":{"country":"Italy","name":"Medio Adriatico","n_turbines":null,"power_mw":800.0,"status":"Planned","type_inst":null,"updateyear":"2024","year":null,"dist_coast":10491.7848584,"notes":null}},{"type":"Feature","id":"windfarms.213","geometry":{"type":"Point","coordinates":[11.43,37.93]},"geometry_name":"the_geom","properties":{"country":"Italy","name":"MedWind","n_turbines":null,"power_mw":2793.0,"status":"Planned","type_inst":null,"updateyear":"2024","year":null,"dist_coast":53379.3987541,"notes":null}},{"type":"Feature","id":"windfarms.214","geometry":{"type":"Point","coordinates":[16.96,38.76]},"geometry_name":"the_geom","properties":{"country":"Italy","name":"Minervia Energia","n_turbines":null,"power_mw":675.0,"status":"Planned","type_inst":"Floating","updateyear":"2026","year":null,"dist_coast":17026.7404112,"notes":null}},{"type":"Feature","id":"windfarms.215","geometry":{"type":"Point","coordinates":[11.48,42.26]},"geometry_name":"the_geom","properties":{"country":"Italy","name":"MoDiCa","n_turbines":null,"power_mw":510.0,"status":"Planned","type_inst":null,"updateyear":"2024","year":null,"dist_coast":10693.7569284,"notes":null}},{"type":"Feature","id":"windfarms.216","geometry":{"type":"Point","coordinates":[16.55,41.39]},"geometry_name":"the_geom","properties":{"country":"Italy","name":"MoDiCa 2","n_turbines":null,"power_mw":510.0,"status":"Planned","type_inst":null,"updateyear":"2024","year":null,"dist_coast":15865.1213199,"notes":null}},{"type":"Feature","id":"windfarms.217","geometry":{"type":"Point","coordinates":[7.78,39.11]},"geometry_name":"the_geom","properties":{"country":"Italy","name":"Molise","n_turbines":null,"power_mw":1800.0,"status":"Planned","type_inst":null,"updateyear":"2024","year":null,"dist_coast":38517.3223947,"notes":null}},{"type":"Feature","id":"windfarms.218","geometry":{"type":"Point","coordinates":[19.36,39.06]},"geometry_name":"the_geom","properties":{"country":"Italy","name":"Monopoli","n_turbines":null,"power_mw":600.0,"status":"Planned","type_inst":null,"updateyear":"2024","year":null,"dist_coast":61588.3837936,"notes":null}},{"type":"Feature","id":"windfarms.219","geometry":{"type":"Point","coordinates":[9.12,39.02]},"geometry_name":"the_geom","properties":{"country":"Italy","name":"Nora Energia 1","n_turbines":null,"power_mw":795.0,"status":"Planned","type_inst":"Floating","updateyear":"2026","year":null,"dist_coast":7329.50782167,"notes":null}},{"type":"Feature","id":"windfarms.220","geometry":{"type":"Point","coordinates":[9.67,39.01]},"geometry_name":"the_geom","properties":{"country":"Italy","name":"Nora Energia 2","n_turbines":null,"power_mw":600.0,"status":"Planned","type_inst":"Floating","updateyear":"2026","year":null,"dist_coast":13809.4821804,"notes":null}},{"type":"Feature","id":"windfarms.221","geometry":{"type":"Point","coordinates":[9.07,38.72]},"geometry_name":"the_geom","properties":{"country":"Italy","name":"Nuovo Porto Pino","n_turbines":null,"power_mw":705.0,"status":"Planned","type_inst":null,"updateyear":"2024","year":null,"dist_coast":25062.2780583,"notes":null}},{"type":"Feature","id":"windfarms.222","geometry":{"type":"Point","coordinates":[9.86,41.21]},"geometry_name":"the_geom","properties":{"country":"Italy","name":"Nurax","n_turbines":null,"power_mw":500.0,"status":"Planned","type_inst":"Floating","updateyear":"2024","year":null,"dist_coast":25406.044233,"notes":null}},{"type":"Feature","id":"windfarms.223","geometry":{"type":"Point","coordinates":[18.57,39.79]},"geometry_name":"the_geom","properties":{"country":"Italy","name":"Odra Energia","n_turbines":null,"power_mw":1350.0,"status":"Planned","type_inst":"Floating","updateyear":"2026","year":null,"dist_coast":15724.1433224,"notes":null}},{"type":"Feature","id":"windfarms.225","geometry":{"type":"Point","coordinates":[15.14,36.26]},"geometry_name":"the_geom","properties":{"country":"Italy","name":"Pozzallo Offshore","n_turbines":null,"power_mw":800.0,"status":"Planned","type_inst":"Floating","updateyear":"2026","year":null,"dist_coast":42634.0936781,"notes":null}},{"type":"Feature","id":"windfarms.227","geometry":{"type":"Point","coordinates":[16.66,41.28]},"geometry_name":"the_geom","properties":{"country":"Italy","name":"Puglia A","n_turbines":null,"power_mw":1005.0,"status":"Planned","type_inst":"Floating","updateyear":"2026","year":null,"dist_coast":9489.88899409,"notes":null}},{"type":"Feature","id":"windfarms.228","geometry":{"type":"Point","coordinates":[16.69,41.25]},"geometry_name":"the_geom","properties":{"country":"Italy","name":"Puglia B","n_turbines":null,"power_mw":930.0,"status":"Planned","type_inst":"Floating","updateyear":"2026","year":null,"dist_coast":6708.38801362,"notes":null}},{"type":"Feature","id":"windfarms.229","geometry":{"type":"Point","coordinates":[15.34,37.08]},"geometry_name":"the_geom","properties":{"country":"Italy","name":"Ragusa Offshore","n_turbines":null,"power_mw":945.0,"status":"Planned","type_inst":null,"updateyear":"2024","year":null,"dist_coast":3472.92013641,"notes":null}},{"type":"Feature","id":"windfarms.230","geometry":{"type":"Point","coordinates":[17.53,38.4]},"geometry_name":"the_geom","properties":{"country":"Italy","name":"Repower FOWT Scandale","n_turbines":null,"power_mw":495.0,"status":"Planned","type_inst":null,"updateyear":"2024","year":null,"dist_coast":66153.920789,"notes":null}},{"type":"Feature","id":"windfarms.231","geometry":{"type":"Point","coordinates":[17.51,38.39]},"geometry_name":"the_geom","properties":{"country":"Italy","name":"Repower FOWT Sicilia","n_turbines":null,"power_mw":495.0,"status":"Planned","type_inst":null,"updateyear":"2024","year":null,"dist_coast":66091.5157762,"notes":null}},{"type":"Feature","id":"windfarms.232","geometry":{"type":"Point","coordinates":[12.78,44.12]},"geometry_name":"the_geom","properties":{"country":"Italy","name":"Rimini","n_turbines":null,"power_mw":330.0,"status":"Planned","type_inst":"Grounded","updateyear":"2026","year":null,"dist_coast":15825.359054,"notes":null}},{"type":"Feature","id":"windfarms.233","geometry":{"type":"Point","coordinates":[12.97,44.44]},"geometry_name":"the_geom","properties":{"country":"Italy","name":"Romagna 3","n_turbines":null,"power_mw":320.0,"status":"Planned","type_inst":"Floating","updateyear":"2026","year":null,"dist_coast":51069.4560966,"notes":null}},{"type":"Feature","id":"windfarms.234","geometry":{"type":"Point","coordinates":[7.99,38.96]},"geometry_name":"the_geom","properties":{"country":"Italy","name":"San Pietro Nord","n_turbines":null,"power_mw":510.0,"status":"Planned","type_inst":"Floating","updateyear":"2026","year":null,"dist_coast":27849.2056778,"notes":null}},{"type":"Feature","id":"windfarms.235","geometry":{"type":"Point","coordinates":[9.09,38.91]},"geometry_name":"the_geom","properties":{"country":"Italy","name":"San Pietro Sud","n_turbines":null,"power_mw":504.0,"status":"Planned","type_inst":"Floating","updateyear":"2026","year":null,"dist_coast":10167.5752691,"notes":null}},{"type":"Feature","id":"windfarms.236","geometry":{"type":"Point","coordinates":[18.82,39.65]},"geometry_name":"the_geom","properties":{"country":"Italy","name":"Santa Maria di Leuca","n_turbines":null,"power_mw":675.0,"status":"Planned","type_inst":null,"updateyear":"2024","year":null,"dist_coast":41216.7044689,"notes":null}},{"type":"Feature","id":"windfarms.237","geometry":{"type":"Point","coordinates":[7.92,40.18]},"geometry_name":"the_geom","properties":{"country":"Italy","name":"Sardegna","n_turbines":null,"power_mw":480.0,"status":"Planned","type_inst":"Floating","updateyear":"2026","year":null,"dist_coast":38609.6751793,"notes":null}},{"type":"Feature","id":"windfarms.238","geometry":{"type":"Point","coordinates":[8.8,38.74]},"geometry_name":"the_geom","properties":{"country":"Italy","name":"Sardegna 1","n_turbines":null,"power_mw":550.0,"status":"Planned","type_inst":null,"updateyear":"2024","year":null,"dist_coast":15460.4873955,"notes":null}},{"type":"Feature","id":"windfarms.239","geometry":{"type":"Point","coordinates":[8.55,38.74]},"geometry_name":"the_geom","properties":{"country":"Italy","name":"Sardegna 2","n_turbines":null,"power_mw":825.0,"status":"Planned","type_inst":null,"updateyear":"2024","year":null,"dist_coast":15901.0653566,"notes":null}},{"type":"Feature","id":"windfarms.240","geometry":{"type":"Point","coordinates":[9.96,41.21]},"geometry_name":"the_geom","properties":{"country":"Italy","name":"Sardinia Northeast - AvenHexicon","n_turbines":null,"power_mw":2150.0,"status":"Planned","type_inst":"Floating","updateyear":"2026","year":null,"dist_coast":32746.4501067,"notes":null}},{"type":"Feature","id":"windfarms.241","geometry":{"type":"Point","coordinates":[7.84,40.49]},"geometry_name":"the_geom","properties":{"country":"Italy","name":"Sardinia Northwest - AvenHexicon","n_turbines":null,"power_mw":1350.0,"status":"Planned","type_inst":"Floating","updateyear":"2026","year":null,"dist_coast":27874.8453832,"notes":null}},{"type":"Feature","id":"windfarms.242","geometry":{"type":"Point","coordinates":[8.5,38.53]},"geometry_name":"the_geom","properties":{"country":"Italy","name":"Sardinia South 1","n_turbines":null,"power_mw":1600.0,"status":"Planned","type_inst":"Floating","updateyear":"2026","year":null,"dist_coast":37227.7691689,"notes":null}},{"type":"Feature","id":"windfarms.243","geometry":{"type":"Point","coordinates":[8.76,38.55]},"geometry_name":"the_geom","properties":{"country":"Italy","name":"Sardinia South 2","n_turbines":null,"power_mw":750.0,"status":"Planned","type_inst":"Floating","updateyear":"2026","year":null,"dist_coast":36138.4452779,"notes":null}},{"type":"Feature","id":"windfarms.244","geometry":{"type":"Point","coordinates":[14.56,36.43]},"geometry_name":"the_geom","properties":{"country":"Italy","name":"Scicli","n_turbines":null,"power_mw":750.0,"status":"Planned","type_inst":null,"updateyear":"2024","year":null,"dist_coast":34193.701562,"notes":null}},{"type":"Feature","id":"windfarms.245","geometry":{"type":"Point","coordinates":[11.46,42.15]},"geometry_name":"the_geom","properties":{"country":"Italy","name":"Seabass","n_turbines":null,"power_mw":810.0,"status":"Planned","type_inst":null,"updateyear":"2024","year":null,"dist_coast":21172.8697592,"notes":null}},{"type":"Feature","id":"windfarms.246","geometry":{"type":"Point","coordinates":[11.97,37.21]},"geometry_name":"the_geom","properties":{"country":"Italy","name":"Seawind Mazara","n_turbines":null,"power_mw":798.0,"status":"Planned","type_inst":null,"updateyear":"2024","year":null,"dist_coast":40802.2950268,"notes":null}},{"type":"Feature","id":"windfarms.247","geometry":{"type":"Point","coordinates":[12.56,37.15]},"geometry_name":"the_geom","properties":{"country":"Italy","name":"Sicilia 495 MW","n_turbines":null,"power_mw":495.0,"status":"Planned","type_inst":null,"updateyear":"2024","year":null,"dist_coast":46335.653496,"notes":null}},{"type":"Feature","id":"windfarms.248","geometry":{"type":"Point","coordinates":[13.41,35.92]},"geometry_name":"the_geom","properties":{"country":"Italy","name":"Sicilia A","n_turbines":null,"power_mw":1020.0,"status":"Planned","type_inst":"Floating","updateyear":"2026","year":null,"dist_coast":48857.7547531,"notes":null}},{"type":"Feature","id":"windfarms.249","geometry":{"type":"Point","coordinates":[13.41,35.92]},"geometry_name":"the_geom","properties":{"country":"Italy","name":"Sicilia B","n_turbines":null,"power_mw":1005.0,"status":"Planned","type_inst":"Floating","updateyear":"2026","year":null,"dist_coast":48857.7547531,"notes":null}},{"type":"Feature","id":"windfarms.250","geometry":{"type":"Point","coordinates":[12.08,37.34]},"geometry_name":"the_geom","properties":{"country":"Italy","name":"Sicily","n_turbines":null,"power_mw":504.0,"status":"Planned","type_inst":null,"updateyear":"2024","year":null,"dist_coast":52663.3986184,"notes":null}},{"type":"Feature","id":"windfarms.251","geometry":{"type":"Point","coordinates":[13.21,37.16]},"geometry_name":"the_geom","properties":{"country":"Italy","name":"Sicily South - AvenHexicon","n_turbines":null,"power_mw":1200.0,"status":"Planned","type_inst":"Floating","updateyear":"2026","year":null,"dist_coast":24616.5244896,"notes":null}},{"type":"Feature","id":"windfarms.253","geometry":{"type":"Point","coordinates":[8.59,38.53]},"geometry_name":"the_geom","properties":{"country":"Italy","name":"Thalassa","n_turbines":null,"power_mw":525.0,"status":"Planned","type_inst":"Floating","updateyear":"2026","year":null,"dist_coast":37188.4298867,"notes":null}},{"type":"Feature","id":"windfarms.255","geometry":{"type":"Point","coordinates":[12.82,44.96]},"geometry_name":"the_geom","properties":{"country":"Italy","name":"Veneto 1","n_turbines":null,"power_mw":800.0,"status":"Planned","type_inst":"Grounded","updateyear":"2026","year":null,"dist_coast":21020.9493226,"notes":null}},{"type":"Feature","id":"windfarms.256","geometry":{"type":"Point","coordinates":[18.02,40.9]},"geometry_name":"the_geom","properties":{"country":"Italy","name":"Vieste","n_turbines":null,"power_mw":1200.0,"status":"Planned","type_inst":null,"updateyear":"2024","year":null,"dist_coast":24919.0480661,"notes":null}},{"type":"Feature","id":"windfarms.257","geometry":{"type":"Point","coordinates":[20.77,56.82]},"geometry_name":"the_geom","properties":{"country":"Latvia","name":"Baltic Wind Park Phase 1","n_turbines":null,"power_mw":200.0,"status":"Planned","type_inst":null,"updateyear":"2024","year":null,"dist_coast":17203.5038823,"notes":null}},{"type":"Feature","id":"windfarms.258","geometry":{"type":"Point","coordinates":[20.77,56.82]},"geometry_name":"the_geom","properties":{"country":"Latvia","name":"Baltic Wind Park Phase 2","n_turbines":null,"power_mw":300.0,"status":"Planned","type_inst":null,"updateyear":"2024","year":null,"dist_coast":17203.5038823,"notes":null}},{"type":"Feature","id":"windfarms.259","geometry":{"type":"Point","coordinates":[20.95,56.73]},"geometry_name":"the_geom","properties":{"country":"Latvia","name":"JK Energy","n_turbines":null,"power_mw":900.0,"status":"Planned","type_inst":null,"updateyear":"2024","year":null,"dist_coast":6683.84063387,"notes":null}},{"type":"Feature","id":"windfarms.260","geometry":{"type":"Point","coordinates":[20.27,56.5]},"geometry_name":"the_geom","properties":{"country":"Lithuania","name":"Kurzéme","n_turbines":null,"power_mw":1000.0,"status":"Planned","type_inst":null,"updateyear":"2024","year":null,"dist_coast":43840.7347442,"notes":null}},{"type":"Feature","id":"windfarms.267","geometry":{"type":"Point","coordinates":[4.92,56.78]},"geometry_name":"the_geom","properties":{"country":"Norway","name":"Sorlige Nordsjo II Phase 1","n_turbines":null,"power_mw":1000.0,"status":"Planned","type_inst":null,"updateyear":"2024","year":null,"dist_coast":176650.010196,"notes":null}},{"type":"Feature","id":"windfarms.271","geometry":{"type":"Point","coordinates":[17.13,55.04]},"geometry_name":"the_geom","properties":{"country":"Poland","name":"Baltica 2+","n_turbines":null,"power_mw":210.0,"status":"Planned","type_inst":null,"updateyear":"2024","year":null,"dist_coast":35115.6064355,"notes":null}},{"type":"Feature","id":"windfarms.277","geometry":{"type":"Point","coordinates":[18.08,55.06]},"geometry_name":"the_geom","properties":{"country":"Poland","name":"B-Wind","n_turbines":null,"power_mw":200.0,"status":"Planned","type_inst":null,"updateyear":"2024","year":null,"dist_coast":25173.2745986,"notes":null}},{"type":"Feature","id":"windfarms.278","geometry":{"type":"Point","coordinates":[17.95,55.08]},"geometry_name":"the_geom","properties":{"country":"Poland","name":"C-Wind","n_turbines":null,"power_mw":200.0,"status":"Planned","type_inst":null,"updateyear":"2024","year":null,"dist_coast":27729.0622761,"notes":null}},{"type":"Feature","id":"windfarms.280","geometry":{"type":"Point","coordinates":[15.16,54.37]},"geometry_name":"the_geom","properties":{"country":"Poland","name":"Licence Application No. 76","n_turbines":null,"power_mw":14.0,"status":"Planned","type_inst":null,"updateyear":"2024","year":null,"dist_coast":26149.8015596,"notes":null}},{"type":"Feature","id":"windfarms.282","geometry":{"type":"Point","coordinates":[-9.14,41.61]},"geometry_name":"the_geom","properties":{"country":"Portugal","name":"Creoula","n_turbines":null,"power_mw":1440.0,"status":"Planned","type_inst":"Floating","updateyear":"2026","year":null,"dist_coast":25435.7389183,"notes":null}},{"type":"Feature","id":"windfarms.284","geometry":{"type":"Point","coordinates":[-16.4,33.13]},"geometry_name":"the_geom","properties":{"country":"Portugal","name":"Offshore Island Porto Santo OIPS","n_turbines":null,"power_mw":10.0,"status":"Planned","type_inst":null,"updateyear":"2024","year":null,"dist_coast":4065.20897496,"notes":null}},{"type":"Feature","id":"windfarms.285","geometry":{"type":"Point","coordinates":[-9.05,41.72]},"geometry_name":"the_geom","properties":{"country":"Portugal","name":"Viana do Castelo","n_turbines":null,"power_mw":600.0,"status":"Planned","type_inst":null,"updateyear":"2024","year":null,"dist_coast":14473.395821,"notes":null}},{"type":"Feature","id":"windfarms.286","geometry":{"type":"Point","coordinates":[-8.91,41.48]},"geometry_name":"the_geom","properties":{"country":"Portugal","name":"WavEC","n_turbines":null,"power_mw":2.0,"status":"Planned","type_inst":null,"updateyear":"2024","year":null,"dist_coast":10325.8702191,"notes":null}},{"type":"Feature","id":"windfarms.288","geometry":{"type":"Point","coordinates":[28.67,43.89]},"geometry_name":"the_geom","properties":{"country":"Romania","name":"Black Sea 1","n_turbines":null,"power_mw":500.0,"status":"Planned","type_inst":null,"updateyear":"2025","year":null,"dist_coast":4083.55126715,"notes":null}},{"type":"Feature","id":"windfarms.289","geometry":{"type":"Point","coordinates":[28.69,43.94]},"geometry_name":"the_geom","properties":{"country":"Romania","name":"Black Sea 2","n_turbines":null,"power_mw":1400.0,"status":"Planned","type_inst":null,"updateyear":"2025","year":null,"dist_coast":4118.98712028,"notes":null}},{"type":"Feature","id":"windfarms.290","geometry":{"type":"Point","coordinates":[-3.71,36.66]},"geometry_name":"the_geom","properties":{"country":"Spain","name":"Albaicin","n_turbines":null,"power_mw":510.0,"status":"Planned","type_inst":null,"updateyear":"2024","year":null,"dist_coast":6912.98859262,"notes":null}},{"type":"Feature","id":"windfarms.291","geometry":{"type":"Point","coordinates":[-15.38,27.82]},"geometry_name":"the_geom","properties":{"country":"Spain","name":"Alisio Offshore","n_turbines":null,"power_mw":49.9,"status":"Planned","type_inst":"Floating","updateyear":"2026","year":null,"dist_coast":3959.87313137,"notes":null}},{"type":"Feature","id":"windfarms.292","geometry":{"type":"Point","coordinates":[-6.18,36.23]},"geometry_name":"the_geom","properties":{"country":"Spain","name":"Almadraba","n_turbines":null,"power_mw":495.0,"status":"Planned","type_inst":null,"updateyear":"2024","year":null,"dist_coast":7960.79055751,"notes":null}},{"type":"Feature","id":"windfarms.294","geometry":{"type":"Point","coordinates":[-15.47,27.7]},"geometry_name":"the_geom","properties":{"country":"Spain","name":"Andamana","n_turbines":null,"power_mw":240.0,"status":"Planned","type_inst":null,"updateyear":"2024","year":null,"dist_coast":9573.47500265,"notes":null}},{"type":"Feature","id":"windfarms.295","geometry":{"type":"Point","coordinates":[-15.39,28.05]},"geometry_name":"the_geom","properties":{"country":"Spain","name":"Archime 3","n_turbines":null,"power_mw":1.5,"status":"Planned","type_inst":null,"updateyear":"2024","year":null,"dist_coast":2138.23458426,"notes":null}},{"type":"Feature","id":"windfarms.296","geometry":{"type":"Point","coordinates":[-15.56,27.65]},"geometry_name":"the_geom","properties":{"country":"Spain","name":"Atlantida Iberdrola Floating","n_turbines":null,"power_mw":300.0,"status":"Planned","type_inst":null,"updateyear":"2024","year":null,"dist_coast":9433.52556402,"notes":null}},{"type":"Feature","id":"windfarms.297","geometry":{"type":"Point","coordinates":[-15.38,28.09]},"geometry_name":"the_geom","properties":{"country":"Spain","name":"Bandama Offshore","n_turbines":null,"power_mw":195.0,"status":"Planned","type_inst":null,"updateyear":"2024","year":null,"dist_coast":2876.1034558,"notes":null}},{"type":"Feature","id":"windfarms.298","geometry":{"type":"Point","coordinates":[-8.42,43.43]},"geometry_name":"the_geom","properties":{"country":"Spain","name":"Breogan","n_turbines":null,"power_mw":510.0,"status":"Planned","type_inst":"Floating","updateyear":"2026","year":null,"dist_coast":4756.97114214,"notes":null}},{"type":"Feature","id":"windfarms.302","geometry":{"type":"Point","coordinates":[-15.45,28.34]},"geometry_name":"the_geom","properties":{"country":"Spain","name":"Canary Island Test Area","n_turbines":null,"power_mw":310.0,"status":"Planned","type_inst":"Floating","updateyear":"2026","year":null,"dist_coast":20234.402841,"notes":null}},{"type":"Feature","id":"windfarms.303","geometry":{"type":"Point","coordinates":[-15.32,27.78]},"geometry_name":"the_geom","properties":{"country":"Spain","name":"Cardon","n_turbines":null,"power_mw":50.0,"status":"Planned","type_inst":"Floating","updateyear":"2026","year":null,"dist_coast":11214.225932,"notes":null}},{"type":"Feature","id":"windfarms.304","geometry":{"type":"Point","coordinates":[3.46,42.13]},"geometry_name":"the_geom","properties":{"country":"Spain","name":"Catwind","n_turbines":null,"power_mw":1200.0,"status":"Planned","type_inst":"Floating","updateyear":"2026","year":null,"dist_coast":20256.4717161,"notes":null}},{"type":"Feature","id":"windfarms.305","geometry":{"type":"Point","coordinates":[-7.33,43.98]},"geometry_name":"the_geom","properties":{"country":"Spain","name":"Celta I","n_turbines":null,"power_mw":495.0,"status":"Planned","type_inst":"Floating","updateyear":"2026","year":null,"dist_coast":30242.6943747,"notes":null}},{"type":"Feature","id":"windfarms.306","geometry":{"type":"Point","coordinates":[-9.31,41.91]},"geometry_name":"the_geom","properties":{"country":"Spain","name":"Celta II","n_turbines":null,"power_mw":510.0,"status":"Planned","type_inst":"Floating","updateyear":"2026","year":null,"dist_coast":35102.8053792,"notes":null}},{"type":"Feature","id":"windfarms.307","geometry":{"type":"Point","coordinates":[-15.35,27.84]},"geometry_name":"the_geom","properties":{"country":"Spain","name":"Colombino","n_turbines":null,"power_mw":49.9,"status":"Planned","type_inst":"Floating","updateyear":"2026","year":null,"dist_coast":4623.87875259,"notes":null}},{"type":"Feature","id":"windfarms.308","geometry":{"type":"Point","coordinates":[3.15,41.63]},"geometry_name":"the_geom","properties":{"country":"Spain","name":"Creus","n_turbines":null,"power_mw":510.0,"status":"Planned","type_inst":null,"updateyear":"2024","year":null,"dist_coast":18611.4972706,"notes":null}},{"type":"Feature","id":"windfarms.310","geometry":{"type":"Point","coordinates":[-15.32,27.82]},"geometry_name":"the_geom","properties":{"country":"Spain","name":"DUNAS","n_turbines":null,"power_mw":50.0,"status":"Planned","type_inst":"Floating","updateyear":"2026","year":null,"dist_coast":8376.03130735,"notes":null}},{"type":"Feature","id":"windfarms.312","geometry":{"type":"Point","coordinates":[-15.35,28.05]},"geometry_name":"the_geom","properties":{"country":"Spain","name":"Floating Power Plant - PLOCAN","n_turbines":null,"power_mw":8.0,"status":"Approved","type_inst":null,"updateyear":"2024","year":null,"dist_coast":4643.18985972,"notes":null}},{"type":"Feature","id":"windfarms.314","geometry":{"type":"Point","coordinates":[-15.59,28.65]},"geometry_name":"the_geom","properties":{"country":"Spain","name":"FLOTANT","n_turbines":null,"power_mw":10.0,"status":"Planned","type_inst":null,"updateyear":"2024","year":null,"dist_coast":54037.3560191,"notes":null}},{"type":"Feature","id":"windfarms.315","geometry":{"type":"Point","coordinates":[-15.31,27.81]},"geometry_name":"the_geom","properties":{"country":"Spain","name":"FOWCA","n_turbines":null,"power_mw":225.0,"status":"Planned","type_inst":null,"updateyear":"2024","year":null,"dist_coast":9832.74136745,"notes":null}},{"type":"Feature","id":"windfarms.316","geometry":{"type":"Point","coordinates":[-9.35,43.11]},"geometry_name":"the_geom","properties":{"country":"Spain","name":"Galwind","n_turbines":null,"power_mw":1000.0,"status":"Planned","type_inst":"Floating","updateyear":"2026","year":null,"dist_coast":7371.82921998,"notes":null}},{"type":"Feature","id":"windfarms.321","geometry":{"type":"Point","coordinates":[-15.35,27.79]},"geometry_name":"the_geom","properties":{"country":"Spain","name":"Gran Canaria Este Ocean Winds","n_turbines":null,"power_mw":144.0,"status":"Planned","type_inst":"Floating","updateyear":"2026","year":null,"dist_coast":8348.94694156,"notes":null}},{"type":"Feature","id":"windfarms.322","geometry":{"type":"Point","coordinates":[-15.48,27.65]},"geometry_name":"the_geom","properties":{"country":"Spain","name":"Gran Canaria Offshore","n_turbines":null,"power_mw":210.0,"status":"Planned","type_inst":null,"updateyear":"2024","year":null,"dist_coast":14009.8180954,"notes":null}},{"type":"Feature","id":"windfarms.323","geometry":{"type":"Point","coordinates":[-16.26,28.43]},"geometry_name":"the_geom","properties":{"country":"Spain","name":"Granadilla","n_turbines":null,"power_mw":50.0,"status":"Planned","type_inst":null,"updateyear":"2024","year":null,"dist_coast":1082.32359204,"notes":null}},{"type":"Feature","id":"windfarms.324","geometry":{"type":"Point","coordinates":[-15.56,27.67]},"geometry_name":"the_geom","properties":{"country":"Spain","name":"Guanche","n_turbines":null,"power_mw":50.0,"status":"Planned","type_inst":"Floating","updateyear":"2026","year":null,"dist_coast":7332.08508591,"notes":null}},{"type":"Feature","id":"windfarms.325","geometry":{"type":"Point","coordinates":[3.42,42.14]},"geometry_name":"the_geom","properties":{"country":"Spain","name":"Hivewind demonstration PlemCat","n_turbines":null,"power_mw":11.0,"status":"Planned","type_inst":null,"updateyear":"2024","year":null,"dist_coast":16961.8635932,"notes":null}},{"type":"Feature","id":"windfarms.326","geometry":{"type":"Point","coordinates":[-9.28,41.91]},"geometry_name":"the_geom","properties":{"country":"Spain","name":"Juan Sebastián Elcano","n_turbines":null,"power_mw":522.0,"status":"Planned","type_inst":"Floating","updateyear":"2026","year":null,"dist_coast":32624.6307395,"notes":null}},{"type":"Feature","id":"windfarms.327","geometry":{"type":"Point","coordinates":[3.47,42.17]},"geometry_name":"the_geom","properties":{"country":"Spain","name":"L’Emporda","n_turbines":null,"power_mw":510.0,"status":"Planned","type_inst":null,"updateyear":"2024","year":null,"dist_coast":18426.7137893,"notes":null}},{"type":"Feature","id":"windfarms.328","geometry":{"type":"Point","coordinates":[-3.18,36.53]},"geometry_name":"the_geom","properties":{"country":"Spain","name":"La Pinta","n_turbines":null,"power_mw":990.0,"status":"Planned","type_inst":null,"updateyear":"2024","year":null,"dist_coast":23628.2012207,"notes":null}},{"type":"Feature","id":"windfarms.329","geometry":{"type":"Point","coordinates":[-13.5,28.94]},"geometry_name":"the_geom","properties":{"country":"Spain","name":"Lanzarote Este","n_turbines":null,"power_mw":50.0,"status":"Planned","type_inst":"Floating","updateyear":"2026","year":null,"dist_coast":4146.67246764,"notes":null}},{"type":"Feature","id":"windfarms.330","geometry":{"type":"Point","coordinates":[-1.84,36.87]},"geometry_name":"the_geom","properties":{"country":"Spain","name":"Mar de Agata","n_turbines":null,"power_mw":300.0,"status":"Planned","type_inst":null,"updateyear":"2024","year":null,"dist_coast":9514.41282356,"notes":null}},{"type":"Feature","id":"windfarms.331","geometry":{"type":"Point","coordinates":[-15.3,27.91]},"geometry_name":"the_geom","properties":{"country":"Spain","name":"Marino Drago","n_turbines":null,"power_mw":260.0,"status":"Planned","type_inst":null,"updateyear":"2024","year":null,"dist_coast":8347.72633015,"notes":null}},{"type":"Feature","id":"windfarms.332","geometry":{"type":"Point","coordinates":[-15.92,27.91]},"geometry_name":"the_geom","properties":{"country":"Spain","name":"Marino Maresia","n_turbines":null,"power_mw":254.0,"status":"Planned","type_inst":null,"updateyear":"2024","year":null,"dist_coast":9727.83834413,"notes":null}},{"type":"Feature","id":"windfarms.334","geometry":{"type":"Point","coordinates":[-16.72,28.43]},"geometry_name":"the_geom","properties":{"country":"Spain","name":"Mencey","n_turbines":null,"power_mw":150.0,"status":"Planned","type_inst":"Floating","updateyear":"2026","year":null,"dist_coast":6918.85775244,"notes":null}},{"type":"Feature","id":"windfarms.336","geometry":{"type":"Point","coordinates":[-2.89,43.46]},"geometry_name":"the_geom","properties":{"country":"Spain","name":"MPS demo - BiMEP","n_turbines":null,"power_mw":2.5,"status":"Planned","type_inst":null,"updateyear":"2024","year":null,"dist_coast":2730.4135197,"notes":null}},{"type":"Feature","id":"windfarms.337","geometry":{"type":"Point","coordinates":[-15.35,28.05]},"geometry_name":"the_geom","properties":{"country":"Spain","name":"Multiplat 2","n_turbines":null,"power_mw":10.0,"status":"Planned","type_inst":null,"updateyear":"2024","year":null,"dist_coast":4643.18985972,"notes":null}},{"type":"Feature","id":"windfarms.339","geometry":{"type":"Point","coordinates":[-2.85,43.59]},"geometry_name":"the_geom","properties":{"country":"Spain","name":"Nautilus (ES)","n_turbines":null,"power_mw":2.0,"status":"Planned","type_inst":null,"updateyear":"2024","year":null,"dist_coast":16461.4010401,"notes":null}},{"type":"Feature","id":"windfarms.340","geometry":{"type":"Point","coordinates":[-8.45,44.13]},"geometry_name":"the_geom","properties":{"country":"Spain","name":"Nordes Phase 1","n_turbines":null,"power_mw":525.0,"status":"Planned","type_inst":"Floating","updateyear":"2026","year":null,"dist_coast":56960.2813267,"notes":null}},{"type":"Feature","id":"windfarms.341","geometry":{"type":"Point","coordinates":[-8.45,44.13]},"geometry_name":"the_geom","properties":{"country":"Spain","name":"Nordes Phase 2","n_turbines":null,"power_mw":675.0,"status":"Planned","type_inst":"Floating","updateyear":"2026","year":null,"dist_coast":56960.2813267,"notes":null}},{"type":"Feature","id":"windfarms.342","geometry":{"type":"Point","coordinates":[0.198,39.29]},"geometry_name":"the_geom","properties":{"country":"Spain","name":"Ocean H2","n_turbines":null,"power_mw":6.0,"status":"Planned","type_inst":null,"updateyear":"2024","year":null,"dist_coast":37629.0663346,"notes":null}},{"type":"Feature","id":"windfarms.343","geometry":{"type":"Point","coordinates":[-15.38,28.05]},"geometry_name":"the_geom","properties":{"country":"Spain","name":"Pivot Buoy - PLOCAN","n_turbines":null,"power_mw":0.22,"status":"Construction","type_inst":null,"updateyear":"2025","year":null,"dist_coast":2796.17860261,"notes":null}},{"type":"Feature","id":"windfarms.345","geometry":{"type":"Point","coordinates":[-15.59,28.64]},"geometry_name":"the_geom","properties":{"country":"Spain","name":"PLOCAN hybrid floating","n_turbines":null,"power_mw":2.0,"status":"Planned","type_inst":null,"updateyear":"2024","year":null,"dist_coast":52946.7910008,"notes":null}},{"type":"Feature","id":"windfarms.347","geometry":{"type":"Point","coordinates":[-6.65,43.88]},"geometry_name":"the_geom","properties":{"country":"Spain","name":"Poniente I","n_turbines":null,"power_mw":435.0,"status":"Planned","type_inst":"Floating","updateyear":"2026","year":null,"dist_coast":34255.1647315,"notes":null}},{"type":"Feature","id":"windfarms.348","geometry":{"type":"Point","coordinates":[-6.88,43.9]},"geometry_name":"the_geom","properties":{"country":"Spain","name":"Poniente II","n_turbines":null,"power_mw":480.0,"status":"Planned","type_inst":"Floating","updateyear":"2026","year":null,"dist_coast":36463.4423594,"notes":null}},{"type":"Feature","id":"windfarms.349","geometry":{"type":"Point","coordinates":[-15.35,27.86]},"geometry_name":"the_geom","properties":{"country":"Spain","name":"Sahariano","n_turbines":null,"power_mw":49.9,"status":"Planned","type_inst":"Floating","updateyear":"2026","year":null,"dist_coast":4137.38452869,"notes":null}},{"type":"Feature","id":"windfarms.350","geometry":{"type":"Point","coordinates":[-15.53,27.66]},"geometry_name":"the_geom","properties":{"country":"Spain","name":"Salinas I","n_turbines":null,"power_mw":49.9,"status":"Planned","type_inst":"Floating","updateyear":"2026","year":null,"dist_coast":9791.65989628,"notes":null}},{"type":"Feature","id":"windfarms.351","geometry":{"type":"Point","coordinates":[-15.51,27.68]},"geometry_name":"the_geom","properties":{"country":"Spain","name":"San Augustin I","n_turbines":null,"power_mw":49.9,"status":"Planned","type_inst":"Floating","updateyear":"2026","year":null,"dist_coast":9420.23213741,"notes":null}},{"type":"Feature","id":"windfarms.352","geometry":{"type":"Point","coordinates":[-15.34,27.84]},"geometry_name":"the_geom","properties":{"country":"Spain","name":"San Borondón","n_turbines":null,"power_mw":238.0,"status":"Planned","type_inst":"Floating","updateyear":"2026","year":null,"dist_coast":5579.29047738,"notes":null}},{"type":"Feature","id":"windfarms.354","geometry":{"type":"Point","coordinates":[-7.67,43.97]},"geometry_name":"the_geom","properties":{"country":"Spain","name":"San Cibrao","n_turbines":null,"power_mw":490.0,"status":"Planned","type_inst":"Floating","updateyear":"2026","year":null,"dist_coast":20072.0387414,"notes":null}},{"type":"Feature","id":"windfarms.355","geometry":{"type":"Point","coordinates":[-15.35,28.05]},"geometry_name":"the_geom","properties":{"country":"Spain","name":"SeaWorthy","n_turbines":null,"power_mw":4.3,"status":"Planned","type_inst":null,"updateyear":"2024","year":null,"dist_coast":4643.18985972,"notes":null}},{"type":"Feature","id":"windfarms.356","geometry":{"type":"Point","coordinates":[-15.56,27.67]},"geometry_name":"the_geom","properties":{"country":"Spain","name":"Talasa","n_turbines":null,"power_mw":50.0,"status":"Planned","type_inst":null,"updateyear":"2024","year":null,"dist_coast":7332.08508591,"notes":null}},{"type":"Feature","id":"windfarms.357","geometry":{"type":"Point","coordinates":[-15.48,27.67]},"geometry_name":"the_geom","properties":{"country":"Spain","name":"Tarahal","n_turbines":null,"power_mw":225.0,"status":"Planned","type_inst":null,"updateyear":"2024","year":null,"dist_coast":12448.6274801,"notes":null}},{"type":"Feature","id":"windfarms.358","geometry":{"type":"Point","coordinates":[-15.59,28.26]},"geometry_name":"the_geom","properties":{"country":"Spain","name":"The Wheel","n_turbines":null,"power_mw":6.0,"status":"Planned","type_inst":null,"updateyear":"2024","year":null,"dist_coast":11896.6720675,"notes":null}},{"type":"Feature","id":"windfarms.359","geometry":{"type":"Point","coordinates":[-13.49,28.96]},"geometry_name":"the_geom","properties":{"country":"Spain","name":"Timanfaya","n_turbines":null,"power_mw":50.0,"status":"Planned","type_inst":"Grounded","updateyear":"2026","year":null,"dist_coast":2739.01197478,"notes":null}},{"type":"Feature","id":"windfarms.360","geometry":{"type":"Point","coordinates":[3.44,42.19]},"geometry_name":"the_geom","properties":{"country":"Spain","name":"Tramuntana Phase 1","n_turbines":null,"power_mw":450.0,"status":"Planned","type_inst":null,"updateyear":"2024","year":null,"dist_coast":15165.2778063,"notes":null}},{"type":"Feature","id":"windfarms.361","geometry":{"type":"Point","coordinates":[-15.56,27.69]},"geometry_name":"the_geom","properties":{"country":"Spain","name":"Varuna","n_turbines":null,"power_mw":300.0,"status":"Planned","type_inst":null,"updateyear":"2024","year":null,"dist_coast":5296.36939034,"notes":null}},{"type":"Feature","id":"windfarms.363","geometry":{"type":"Point","coordinates":[-3.24,60.15]},"geometry_name":"the_geom","properties":{"country":"United Kingdom","name":"Aspen","n_turbines":null,"power_mw":1500.0,"status":"Planned","type_inst":null,"updateyear":"2024","year":null,"dist_coast":62514.2018025,"notes":null}},{"type":"Feature","id":"windfarms.364","geometry":{"type":"Point","coordinates":[-0.43,58.23]},"geometry_name":"the_geom","properties":{"country":"United Kingdom","name":"Avalon","n_turbines":null,"power_mw":1500.0,"status":"Planned","type_inst":null,"updateyear":"2024","year":null,"dist_coast":107727.605862,"notes":null}},{"type":"Feature","id":"windfarms.366","geometry":{"type":"Point","coordinates":[1.4,56.67]},"geometry_name":"the_geom","properties":{"country":"United Kingdom","name":"Beech South","n_turbines":null,"power_mw":1500.0,"status":"Planned","type_inst":null,"updateyear":"2024","year":null,"dist_coast":211714.8314,"notes":null}},{"type":"Feature","id":"windfarms.367","geometry":{"type":"Point","coordinates":[0.51,57.58]},"geometry_name":"the_geom","properties":{"country":"United Kingdom","name":"Cenos","n_turbines":null,"power_mw":1400.0,"status":"Planned","type_inst":null,"updateyear":"2024","year":null,"dist_coast":136577.19715,"notes":null}},{"type":"Feature","id":"windfarms.368","geometry":{"type":"Point","coordinates":[1.96,57.11]},"geometry_name":"the_geom","properties":{"country":"United Kingdom","name":"Central North Sea Electrification","n_turbines":null,"power_mw":250.0,"status":"Planned","type_inst":null,"updateyear":"2024","year":null,"dist_coast":228547.925475,"notes":null}},{"type":"Feature","id":"windfarms.369","geometry":{"type":"Point","coordinates":[-2.09,59.56]},"geometry_name":"the_geom","properties":{"country":"United Kingdom","name":"Dolphyn (commercial)","n_turbines":null,"power_mw":300.0,"status":"Planned","type_inst":null,"updateyear":"2024","year":null,"dist_coast":24726.4025488,"notes":null}},{"type":"Feature","id":"windfarms.370","geometry":{"type":"Point","coordinates":[-2.09,59.54]},"geometry_name":"the_geom","properties":{"country":"United Kingdom","name":"Dolphyn (full scale)","n_turbines":null,"power_mw":2000.0,"status":"Planned","type_inst":null,"updateyear":"2024","year":null,"dist_coast":23149.1157203,"notes":null}},{"type":"Feature","id":"windfarms.371","geometry":{"type":"Point","coordinates":[-1.88,56.97]},"geometry_name":"the_geom","properties":{"country":"United Kingdom","name":"Dolphyn (precommercial)","n_turbines":null,"power_mw":10.0,"status":"Planned","type_inst":null,"updateyear":"2024","year":null,"dist_coast":16774.3742274,"notes":null}},{"type":"Feature","id":"windfarms.372","geometry":{"type":"Point","coordinates":[-4.77,53.19]},"geometry_name":"the_geom","properties":{"country":"United Kingdom","name":"Draig Y Môr","n_turbines":null,"power_mw":100.0,"status":"Planned","type_inst":null,"updateyear":"2024","year":null,"dist_coast":11892.9628275,"notes":null}},{"type":"Feature","id":"windfarms.374","geometry":{"type":"Point","coordinates":[-5.6,51.38]},"geometry_name":"the_geom","properties":{"country":"United Kingdom","name":"Erebus (Commercial) Blue Gem Wind","n_turbines":null,"power_mw":600.0,"status":"Planned","type_inst":null,"updateyear":"2025","year":null,"dist_coast":41129.0283058,"notes":null}},{"type":"Feature","id":"windfarms.376","geometry":{"type":"Point","coordinates":[-1.24,57.88]},"geometry_name":"the_geom","properties":{"country":"United Kingdom","name":"Harbour Energy North (INTOG)","n_turbines":null,"power_mw":15.0,"status":"Planned","type_inst":null,"updateyear":"2024","year":null,"dist_coast":45857.6586329,"notes":null}},{"type":"Feature","id":"windfarms.377","geometry":{"type":"Point","coordinates":[-5.45,51.34]},"geometry_name":"the_geom","properties":{"country":"United Kingdom","name":"Llyr 1","n_turbines":null,"power_mw":100.0,"status":"Planned","type_inst":null,"updateyear":"2024","year":null,"dist_coast":41039.1264196,"notes":null}},{"type":"Feature","id":"windfarms.378","geometry":{"type":"Point","coordinates":[-5.27,51.34]},"geometry_name":"the_geom","properties":{"country":"United Kingdom","name":"Llyr 2","n_turbines":null,"power_mw":100.0,"status":"Planned","type_inst":null,"updateyear":"2024","year":null,"dist_coast":34555.9439051,"notes":null}},{"type":"Feature","id":"windfarms.379","geometry":{"type":"Point","coordinates":[-5.8,51.11]},"geometry_name":"the_geom","properties":{"country":"United Kingdom","name":"Llywelyn","n_turbines":null,"power_mw":300.0,"status":"Planned","type_inst":null,"updateyear":"2024","year":null,"dist_coast":74172.563433,"notes":null}},{"type":"Feature","id":"windfarms.380","geometry":{"type":"Point","coordinates":[1.53,58.15]},"geometry_name":"the_geom","properties":{"country":"United Kingdom","name":"Neos","n_turbines":null,"power_mw":25.0,"status":"Planned","type_inst":null,"updateyear":"2024","year":null,"dist_coast":208004.426183,"notes":null}},{"type":"Feature","id":"windfarms.381","geometry":{"type":"Point","coordinates":[-6.52,55.58]},"geometry_name":"the_geom","properties":{"country":"United Kingdom","name":"Nomadic Offshore Wind","n_turbines":null,"power_mw":400.0,"status":"Planned","type_inst":null,"updateyear":"2024","year":null,"dist_coast":10269.3057712,"notes":null}},{"type":"Feature","id":"windfarms.382","geometry":{"type":"Point","coordinates":[-5.66,55.04]},"geometry_name":"the_geom","properties":{"country":"United Kingdom","name":"North Channel Wind 1","n_turbines":null,"power_mw":300.0,"status":"Planned","type_inst":null,"updateyear":"2024","year":null,"dist_coast":10570.3330422,"notes":null}},{"type":"Feature","id":"windfarms.383","geometry":{"type":"Point","coordinates":[-5.35,54.76]},"geometry_name":"the_geom","properties":{"country":"United Kingdom","name":"North Channel Wind 2","n_turbines":null,"power_mw":100.0,"status":"Planned","type_inst":null,"updateyear":"2024","year":null,"dist_coast":12367.9192192,"notes":null}},{"type":"Feature","id":"windfarms.384","geometry":{"type":"Point","coordinates":[-5.53,54.27]},"geometry_name":"the_geom","properties":{"country":"United Kingdom","name":"Olympic Wind (GB)","n_turbines":null,"power_mw":1300.0,"status":"Planned","type_inst":null,"updateyear":"2024","year":null,"dist_coast":2638.98948833,"notes":null}},{"type":"Feature","id":"windfarms.385","geometry":{"type":"Point","coordinates":[-0.56,58.12]},"geometry_name":"the_geom","properties":{"country":"United Kingdom","name":"Orcadian Microgrid","n_turbines":null,"power_mw":105.0,"status":"Planned","type_inst":null,"updateyear":"2024","year":null,"dist_coast":94125.8368375,"notes":null}},{"type":"Feature","id":"windfarms.386","geometry":{"type":"Point","coordinates":[-5.49,50.94]},"geometry_name":"the_geom","properties":{"country":"United Kingdom","name":"Petroc","n_turbines":null,"power_mw":300.0,"status":"Planned","type_inst":null,"updateyear":"2024","year":null,"dist_coast":53405.1485951,"notes":null}},{"type":"Feature","id":"windfarms.387","geometry":{"type":"Point","coordinates":[-1.86,57.05]},"geometry_name":"the_geom","properties":{"country":"United Kingdom","name":"SENSE Wind Pelastar Full-Scale Prototype","n_turbines":null,"power_mw":15.0,"status":"Planned","type_inst":null,"updateyear":"2024","year":null,"dist_coast":13953.9707152,"notes":null}},{"type":"Feature","id":"windfarms.338","geometry":{"type":"Point","coordinates":[-18.08,27.65]},"geometry_name":"the_geom","properties":{"country":"Spain","name":"Musica 4","n_turbines":null,"power_mw":null,"status":"Planned","type_inst":null,"updateyear":"2024","year":null,"dist_coast":4560.56800975,"notes":null}},{"type":"Feature","id":"windfarms.388","geometry":{"type":"Point","coordinates":[-2.03,57.17]},"geometry_name":"the_geom","properties":{"country":"United Kingdom","name":"SENSEWind Demonstrator","n_turbines":null,"power_mw":2.0,"status":"Planned","type_inst":null,"updateyear":"2024","year":null,"dist_coast":2899.16825561,"notes":null}},{"type":"Feature","id":"windfarms.389","geometry":{"type":"Point","coordinates":[-6.92,55.57]},"geometry_name":"the_geom","properties":{"country":"United Kingdom","name":"Shearwater One","n_turbines":null,"power_mw":3000.0,"status":"Planned","type_inst":null,"updateyear":"2024","year":null,"dist_coast":24266.7172481,"notes":null}},{"type":"Feature","id":"windfarms.390","geometry":{"type":"Point","coordinates":[-0.679,58.41]},"geometry_name":"the_geom","properties":{"country":"United Kingdom","name":"Spiorad na Mara","n_turbines":null,"power_mw":840.0,"status":"Planned","type_inst":null,"updateyear":"2024","year":null,"dist_coast":110292.138228,"notes":null}},{"type":"Feature","id":"windfarms.391","geometry":{"type":"Point","coordinates":[-4.85,51.62]},"geometry_name":"the_geom","properties":{"country":"United Kingdom","name":"Trivane Demonstrator","n_turbines":null,"power_mw":1.0,"status":"Planned","type_inst":null,"updateyear":"2024","year":null,"dist_coast":2287.98315766,"notes":null}},{"type":"Feature","id":"windfarms.393","geometry":{"type":"Point","coordinates":[-5.02,50.91]},"geometry_name":"the_geom","properties":{"country":"United Kingdom","name":"Whitecross","n_turbines":null,"power_mw":100.0,"status":"Planned","type_inst":null,"updateyear":"2024","year":null,"dist_coast":31697.6422517,"notes":null}},{"type":"Feature","id":"windfarms.395","geometry":{"type":"Point","coordinates":[14.95,54.99]},"geometry_name":"the_geom","properties":{"country":"Sweden","name":"Aurora Offshore (SE)","n_turbines":null,"power_mw":5.5,"status":"Planned","type_inst":null,"updateyear":"2024","year":null,"dist_coast":1756.81414858,"notes":null}},{"type":"Feature","id":"windfarms.396","geometry":{"type":"Point","coordinates":[15.58,55.86]},"geometry_name":"the_geom","properties":{"country":"Sweden","name":"Baltic Central Offshore","n_turbines":null,"power_mw":4000.0,"status":"Planned","type_inst":"Floating","updateyear":"2026","year":null,"dist_coast":12705.8608238,"notes":null}},{"type":"Feature","id":"windfarms.398","geometry":{"type":"Point","coordinates":[17.89,56.76]},"geometry_name":"the_geom","properties":{"country":"Sweden","name":"Gotland","n_turbines":null,"power_mw":1500.0,"status":"Planned","type_inst":"Floating","updateyear":"2026","year":null,"dist_coast":21925.4673584,"notes":null}},{"type":"Feature","id":"windfarms.399","geometry":{"type":"Point","coordinates":[10.55,58.67]},"geometry_name":"the_geom","properties":{"country":"Sweden","name":"Heimdall","n_turbines":null,"power_mw":2400.0,"status":"Planned","type_inst":"Floating","updateyear":"2026","year":null,"dist_coast":29116.8260653,"notes":null}},{"type":"Feature","id":"windfarms.400","geometry":{"type":"Point","coordinates":[18.04,61.49]},"geometry_name":"the_geom","properties":{"country":"Sweden","name":"Hudiksvall","n_turbines":null,"power_mw":1500.0,"status":"Planned","type_inst":null,"updateyear":"2025","year":null,"dist_coast":31104.8187841,"notes":null}},{"type":"Feature","id":"windfarms.404","geometry":{"type":"Point","coordinates":[23.07,65.05]},"geometry_name":"the_geom","properties":{"country":"Sweden","name":"Lulea-Kalix I","n_turbines":null,"power_mw":1200.0,"status":"Planned","type_inst":null,"updateyear":"2025","year":null,"dist_coast":43484.7499156,"notes":null}},{"type":"Feature","id":"windfarms.405","geometry":{"type":"Point","coordinates":[23.3,65.27]},"geometry_name":"the_geom","properties":{"country":"Sweden","name":"Lulea-Kalix II","n_turbines":null,"power_mw":1800.0,"status":"Planned","type_inst":null,"updateyear":"2025","year":null,"dist_coast":30164.4906744,"notes":null}},{"type":"Feature","id":"windfarms.408","geometry":{"type":"Point","coordinates":[17.64,58.55]},"geometry_name":"the_geom","properties":{"country":"Sweden","name":"Oxelösund","n_turbines":null,"power_mw":600.0,"status":"Planned","type_inst":null,"updateyear":"2025","year":null,"dist_coast":12931.7260432,"notes":null}},{"type":"Feature","id":"windfarms.411","geometry":{"type":"Point","coordinates":[11.14,58.38]},"geometry_name":"the_geom","properties":{"country":"Sweden","name":"Sotenäs Offshore Park","n_turbines":null,"power_mw":10.0,"status":"Planned","type_inst":null,"updateyear":"2025","year":null,"dist_coast":2895.27271632,"notes":null}},{"type":"Feature","id":"windfarms.412","geometry":{"type":"Point","coordinates":[13.31,59.22]},"geometry_name":"the_geom","properties":{"country":"Sweden","name":"Stenkalles grund","n_turbines":null,"power_mw":100.0,"status":"Approved","type_inst":null,"updateyear":"2025","year":null,"dist_coast":108448.792617,"notes":null}},{"type":"Feature","id":"windfarms.416","geometry":{"type":"Point","coordinates":[17.35,57.38]},"geometry_name":"the_geom","properties":{"country":"Sweden","name":"Simpevarp","n_turbines":null,"power_mw":800.0,"status":"Planned","type_inst":null,"updateyear":"2025","year":null,"dist_coast":13720.6439938,"notes":null}},{"type":"Feature","id":"windfarms.420","geometry":{"type":"Point","coordinates":[12.34,56.68]},"geometry_name":"the_geom","properties":{"country":"Sweden","name":"GinstVind","n_turbines":null,"power_mw":1000.0,"status":"Planned","type_inst":null,"updateyear":"2025","year":null,"dist_coast":18676.3422041,"notes":null}},{"type":"Feature","id":"windfarms.422","geometry":{"type":"Point","coordinates":[29.75,44.59]},"geometry_name":"the_geom","properties":{"country":"Romania","name":"RO-1","n_turbines":null,"power_mw":1000.0,"status":"Planned","type_inst":null,"updateyear":"2025","year":null,"dist_coast":27058.1247457,"notes":null}},{"type":"Feature","id":"windfarms.427","geometry":{"type":"Point","coordinates":[-15.3003,27.8741]},"geometry_name":"the_geom","properties":{"country":"Spain","name":"Canawind Floating wind farm Canawind 2","n_turbines":null,"power_mw":250.0,"status":"Planned","type_inst":"Floating","updateyear":"2026","year":null,"dist_coast":8846.73895404,"notes":null}},{"type":"Feature","id":"windfarms.428","geometry":{"type":"Point","coordinates":[-15.3003,27.8741]},"geometry_name":"the_geom","properties":{"country":"Spain","name":"Canawind Floating wind farm Canawind 1","n_turbines":null,"power_mw":250.0,"status":"Planned","type_inst":"Floating","updateyear":"2026","year":null,"dist_coast":8846.73895404,"notes":null}},{"type":"Feature","id":"windfarms.429","geometry":{"type":"Point","coordinates":[-7.7373,43.9864]},"geometry_name":"the_geom","properties":{"country":"Spain","name":"Elawan Nor4 Floating Offshore wind farm","n_turbines":null,"power_mw":495.0,"status":"Planned","type_inst":"Floating","updateyear":"2026","year":null,"dist_coast":22275.9910125,"notes":null}},{"type":"Feature","id":"windfarms.430","geometry":{"type":"Point","coordinates":[-7.3636,44.032]},"geometry_name":"the_geom","properties":{"country":"Spain","name":"Xistral Floating Offshore wind farm","n_turbines":null,"power_mw":810.0,"status":"Planned","type_inst":"Floating","updateyear":"2026","year":null,"dist_coast":34717.889504,"notes":null}},{"type":"Feature","id":"windfarms.431","geometry":{"type":"Point","coordinates":[-7.2773,43.9456]},"geometry_name":"the_geom","properties":{"country":"Spain","name":"Ventus Offshore wind farm","n_turbines":null,"power_mw":600.0,"status":"Planned","type_inst":null,"updateyear":"2026","year":null,"dist_coast":28247.9793922,"notes":null}},{"type":"Feature","id":"windfarms.432","geometry":{"type":"Point","coordinates":[-8.1032,44.0003]},"geometry_name":"the_geom","properties":{"country":"Spain","name":"Elawan Nor3 Floating Offshore wind farm","n_turbines":null,"power_mw":495.0,"status":"Planned","type_inst":"Floating","updateyear":"2026","year":null,"dist_coast":30591.9729504,"notes":null}},{"type":"Feature","id":"windfarms.433","geometry":{"type":"Point","coordinates":[-8.6592,43.8606]},"geometry_name":"the_geom","properties":{"country":"Spain","name":"Elawan Nor2 Floating Offshore wind farm","n_turbines":null,"power_mw":495.0,"status":"Planned","type_inst":"Floating","updateyear":"2026","year":null,"dist_coast":43021.7190775,"notes":null}},{"type":"Feature","id":"windfarms.434","geometry":{"type":"Point","coordinates":[21.8175,58.1964]},"geometry_name":"the_geom","properties":{"country":"Estonia","name":"Tuul wind farm","n_turbines":null,"power_mw":1000.0,"status":"Planned","type_inst":"Grounded","updateyear":"2026","year":null,"dist_coast":7251.2046601,"notes":null}},{"type":"Feature","id":"windfarms.436","geometry":{"type":"Point","coordinates":[21.0709,58.1578]},"geometry_name":"the_geom","properties":{"country":"Estonia","name":"Saare 2.2 wind farm","n_turbines":null,"power_mw":840.0,"status":"Planned","type_inst":"Grounded","updateyear":"2026","year":null,"dist_coast":44529.2677935,"notes":null}},{"type":"Feature","id":"windfarms.437","geometry":{"type":"Point","coordinates":[21.0794,58.2239]},"geometry_name":"the_geom","properties":{"country":"Estonia","name":"Saare 3 wind farm","n_turbines":null,"power_mw":149.0,"status":"Planned","type_inst":null,"updateyear":"2026","year":null,"dist_coast":41566.8255632,"notes":null}},{"type":"Feature","id":"windfarms.441","geometry":{"type":"Point","coordinates":[18.2471,57.9529]},"geometry_name":"the_geom","properties":{"country":"Sweden","name":"Slite offshore wind farm","n_turbines":null,"power_mw":600.0,"status":"Planned","type_inst":null,"updateyear":"2026","year":null,"dist_coast":19591.9875974,"notes":null}},{"type":"Feature","id":"windfarms.442","geometry":{"type":"Point","coordinates":[18.5597,61.3439]},"geometry_name":"the_geom","properties":{"country":"Sweden","name":"Olof Skötkonung Offshore wind farm","n_turbines":null,"power_mw":1750.0,"status":"Planned","type_inst":null,"updateyear":"2026","year":null,"dist_coast":62538.7648085,"notes":null}},{"type":"Feature","id":"windfarms.443","geometry":{"type":"Point","coordinates":[17.3031,56.5217]},"geometry_name":"the_geom","properties":{"country":"Sweden","name":"Öland-Hoburg Offshore wind farm 2","n_turbines":null,"power_mw":750.0,"status":"Planned","type_inst":null,"updateyear":"2026","year":null,"dist_coast":37856.1114274,"notes":null}},{"type":"Feature","id":"windfarms.444","geometry":{"type":"Point","coordinates":[17.3031,56.5217]},"geometry_name":"the_geom","properties":{"country":"Sweden","name":"Öland-Hoburg Offshore wind farm 3","n_turbines":null,"power_mw":750.0,"status":"Planned","type_inst":null,"updateyear":"2026","year":null,"dist_coast":37856.1114274,"notes":null}},{"type":"Feature","id":"windfarms.445","geometry":{"type":"Point","coordinates":[17.3031,56.5217]},"geometry_name":"the_geom","properties":{"country":"Sweden","name":"Öland-Hoburg Offshore wind farm 1","n_turbines":null,"power_mw":600.0,"status":"Planned","type_inst":null,"updateyear":"2026","year":null,"dist_coast":37856.1114274,"notes":null}},{"type":"Feature","id":"windfarms.446","geometry":{"type":"Point","coordinates":[12.0965,56.722]},"geometry_name":"the_geom","properties":{"country":"Sweden","name":"Falkenberg-Halmstad Offshore wind farm","n_turbines":null,"power_mw":1210.0,"status":"Planned","type_inst":"Grounded","updateyear":"2026","year":null,"dist_coast":26794.1267857,"notes":null}},{"type":"Feature","id":"windfarms.447","geometry":{"type":"Point","coordinates":[21.2857,63.9973]},"geometry_name":"the_geom","properties":{"country":"Sweden","name":"Baltic Offshore Kappa wind farm","n_turbines":null,"power_mw":1240.0,"status":"Planned","type_inst":"Grounded","updateyear":"2026","year":null,"dist_coast":17608.1463589,"notes":null}},{"type":"Feature","id":"windfarms.448","geometry":{"type":"Point","coordinates":[17.7001,58.1607]},"geometry_name":"the_geom","properties":{"country":"Sweden","name":"Kapheira Offshore wind farm","n_turbines":null,"power_mw":2000.0,"status":"Planned","type_inst":null,"updateyear":"2026","year":null,"dist_coast":35723.162361,"notes":null}},{"type":"Feature","id":"windfarms.451","geometry":{"type":"Point","coordinates":[4.1128,54.2472]},"geometry_name":"the_geom","properties":{"country":"Netherlands","name":"Doordewind offshore wind farm 2","n_turbines":null,"power_mw":2000.0,"status":"Planned","type_inst":"Grounded","updateyear":"2026","year":null,"dist_coast":119016.592512,"notes":null}},{"type":"Feature","id":"windfarms.453","geometry":{"type":"Point","coordinates":[-2.502,48.9994]},"geometry_name":"the_geom","properties":{"country":"France","name":"North Atlantic Western Floating Offshore wind farm","n_turbines":null,"power_mw":2000.0,"status":"Planned","type_inst":"Floating","updateyear":"2026","year":null,"dist_coast":23992.439602,"notes":null}},{"type":"Feature","id":"windfarms.456","geometry":{"type":"Point","coordinates":[7.4953,56.35]},"geometry_name":"the_geom","properties":{"country":"Denmark","name":"FloatLab Floating wind farm","n_turbines":null,"power_mw":20.0,"status":"Planned","type_inst":"Floating","updateyear":"2026","year":null,"dist_coast":38429.7670242,"notes":null}},{"type":"Feature","id":"windfarms.461","geometry":{"type":"Point","coordinates":[3.4177,43.0286]},"geometry_name":"the_geom","properties":{"country":"France","name":"Eolmed Floating wind farm","n_turbines":null,"power_mw":30.0,"status":"Construction","type_inst":"Floating","updateyear":"2026","year":null,"dist_coast":24732.4123649,"notes":null}},{"type":"Feature","id":"windfarms.470","geometry":{"type":"Point","coordinates":[17.6674,55.0302]},"geometry_name":"the_geom","properties":{"country":"Poland","name":"Orlen Neptun VIII Offshore wind farm 1","n_turbines":null,"power_mw":1000.0,"status":"Planned","type_inst":"Grounded","updateyear":"2026","year":null,"dist_coast":26014.1664163,"notes":null}},{"type":"Feature","id":"windfarms.472","geometry":{"type":"Point","coordinates":[16.0744,54.8693]},"geometry_name":"the_geom","properties":{"country":"Poland","name":"Baltica IV Offshore wind farm 1","n_turbines":null,"power_mw":990.0,"status":"Planned","type_inst":"Grounded","updateyear":"2026","year":null,"dist_coast":46956.9491979,"notes":null}},{"type":"Feature","id":"windfarms.473","geometry":{"type":"Point","coordinates":[15.2916,54.4292]},"geometry_name":"the_geom","properties":{"country":"Poland","name":"Energa MFW 2 Offshore wind farm 1","n_turbines":null,"power_mw":800.0,"status":"Planned","type_inst":"Grounded","updateyear":"2026","year":null,"dist_coast":30670.8561575,"notes":null}},{"type":"Feature","id":"windfarms.474","geometry":{"type":"Point","coordinates":[15.4372,54.4962]},"geometry_name":"the_geom","properties":{"country":"Poland","name":"Orlen Neptun III Offshore wind farm 1","n_turbines":null,"power_mw":1200.0,"status":"Planned","type_inst":"Grounded","updateyear":"2026","year":null,"dist_coast":35253.0279782,"notes":null}},{"type":"Feature","id":"windfarms.476","geometry":{"type":"Point","coordinates":[17.5795,55.5059]},"geometry_name":"the_geom","properties":{"country":"Poland","name":"Baltica V Offshore wind farm 1","n_turbines":null,"power_mw":555.0,"status":"Planned","type_inst":"Grounded","updateyear":"2026","year":null,"dist_coast":69938.8140374,"notes":null}},{"type":"Feature","id":"windfarms.479","geometry":{"type":"Point","coordinates":[-15.3394,27.8701]},"geometry_name":"the_geom","properties":{"country":"Spain","name":"Mar De Canarias wind farm","n_turbines":null,"power_mw":10.0,"status":"Planned","type_inst":"Floating","updateyear":"2026","year":null,"dist_coast":5014.35454589,"notes":null}},{"type":"Feature","id":"windfarms.486","geometry":{"type":"Point","coordinates":[11.9254,56.4176]},"geometry_name":"the_geom","properties":{"country":"Denmark","name":"Hesselø offshore wind farm","n_turbines":null,"power_mw":800.0,"status":"Planned","type_inst":null,"updateyear":"2026","year":null,"dist_coast":27689.9391811,"notes":null}},{"type":"Feature","id":"windfarms.487","geometry":{"type":"Point","coordinates":[6.5344,55.8797]},"geometry_name":"the_geom","properties":{"country":"Denmark","name":"VindØ Energy Island Offshore wind farm 2","n_turbines":null,"power_mw":7000.0,"status":"Planned","type_inst":null,"updateyear":"2026","year":null,"dist_coast":99374.8526635,"notes":null}},{"type":"Feature","id":"windfarms.488","geometry":{"type":"Point","coordinates":[-8.2376,51.7071]},"geometry_name":"the_geom","properties":{"country":"Ireland","name":"Knockraha wind farm","n_turbines":null,"power_mw":378.0,"status":"Planned","type_inst":null,"updateyear":"2026","year":null,"dist_coast":5868.59185686,"notes":null}},{"type":"Feature","id":"windfarms.508","geometry":{"type":"Point","coordinates":[-4.7234,48.3008]},"geometry_name":"the_geom","properties":{"country":"France","name":"Eolink Eolienne Flottante wind farm","n_turbines":null,"power_mw":12.0,"status":"Planned","type_inst":"Floating","updateyear":"2026","year":null,"dist_coast":3274.1618681,"notes":null}},{"type":"Feature","id":"windfarms.509","geometry":{"type":"Point","coordinates":[1.2278,50.5303]},"geometry_name":"the_geom","properties":{"country":"France","name":"East Channel - North Sea offshore wind farm","n_turbines":null,"power_mw":2000.0,"status":"Planned","type_inst":null,"updateyear":"2026","year":null,"dist_coast":24770.6001848,"notes":null}},{"type":"Feature","id":"windfarms.511","geometry":{"type":"Point","coordinates":[-6.4717,52.0978]},"geometry_name":"the_geom","properties":{"country":"Ireland","name":"Great Island wind farm","n_turbines":null,"power_mw":378.0,"status":"Planned","type_inst":null,"updateyear":"2026","year":null,"dist_coast":8683.92916065,"notes":null}},{"type":"Feature","id":"windfarms.512","geometry":{"type":"Point","coordinates":[-8.0801,51.3601]},"geometry_name":"the_geom","properties":{"country":"Ireland","name":"Emerald floating wind farm 2","n_turbines":null,"power_mw":1000.0,"status":"Planned","type_inst":"Floating","updateyear":"2026","year":null,"dist_coast":41635.0455,"notes":null}},{"type":"Feature","id":"windfarms.513","geometry":{"type":"Point","coordinates":[-8.0801,51.3601]},"geometry_name":"the_geom","properties":{"country":"Ireland","name":"Emerald floating wind farm 1","n_turbines":null,"power_mw":300.0,"status":"Planned","type_inst":"Floating","updateyear":"2026","year":null,"dist_coast":41635.0455,"notes":null}},{"type":"Feature","id":"windfarms.514","geometry":{"type":"Point","coordinates":[-9.4782,52.6809]},"geometry_name":"the_geom","properties":{"country":"Ireland","name":"Cureeny wind farm","n_turbines":null,"power_mw":378.0,"status":"Planned","type_inst":null,"updateyear":"2026","year":null,"dist_coast":4498.97696731,"notes":null}},{"type":"Feature","id":"windfarms.515","geometry":{"type":"Point","coordinates":[25.9362,40.7433]},"geometry_name":"the_geom","properties":{"country":"Greece","name":"Thrakiko Pelagos wind farm","n_turbines":null,"power_mw":584.2,"status":"Planned","type_inst":"Grounded","updateyear":"2026","year":null,"dist_coast":7430.44184032,"notes":null}},{"type":"Feature","id":"windfarms.516","geometry":{"type":"Point","coordinates":[25.8903,40.8066]},"geometry_name":"the_geom","properties":{"country":"Greece","name":"Perioche Sea Offshore wind farm","n_turbines":null,"power_mw":216.0,"status":"Planned","type_inst":"Grounded","updateyear":"2026","year":null,"dist_coast":3805.87296924,"notes":null}},{"type":"Feature","id":"windfarms.517","geometry":{"type":"Point","coordinates":[17.9737,40.9002]},"geometry_name":"the_geom","properties":{"country":"Italy","name":"BRN Brindisi wind farm","n_turbines":null,"power_mw":504.0,"status":"Planned","type_inst":"Floating","updateyear":"2026","year":null,"dist_coast":24082.3958384,"notes":null}},{"type":"Feature","id":"windfarms.518","geometry":{"type":"Point","coordinates":[17.0144,38.3887]},"geometry_name":"the_geom","properties":{"country":"Italy","name":"Calabria offshore wind farm","n_turbines":null,"power_mw":555.0,"status":"Planned","type_inst":"Floating","updateyear":"2026","year":null,"dist_coast":38564.5031738,"notes":null}},{"type":"Feature","id":"windfarms.519","geometry":{"type":"Point","coordinates":[8.1359,40.2531]},"geometry_name":"the_geom","properties":{"country":"Italy","name":"Bosa-San Vero Milis offshore wind farm","n_turbines":null,"power_mw":510.0,"status":"Planned","type_inst":"Floating","updateyear":"2026","year":null,"dist_coast":23189.4108356,"notes":null}},{"type":"Feature","id":"windfarms.520","geometry":{"type":"Point","coordinates":[18.3693,40.7818]},"geometry_name":"the_geom","properties":{"country":"Italy","name":"Brindisi 2.0 wind farm","n_turbines":null,"power_mw":1422.0,"status":"Planned","type_inst":"Floating","updateyear":"2026","year":null,"dist_coast":33408.4788149,"notes":null}},{"type":"Feature","id":"windfarms.521","geometry":{"type":"Point","coordinates":[13.2676,36.2817]},"geometry_name":"the_geom","properties":{"country":"Italy","name":"7SeasMed wind farm","n_turbines":null,"power_mw":250.0,"status":"Planned","type_inst":"Floating","updateyear":"2026","year":null,"dist_coast":57509.7686029,"notes":null}},{"type":"Feature","id":"windfarms.526","geometry":{"type":"Point","coordinates":[-10.0371,52.5897]},"geometry_name":"the_geom","properties":{"country":"Ireland","name":"Kerry Offshore wind farm","n_turbines":null,"power_mw":1000.0,"status":"Planned","type_inst":"Floating","updateyear":"2026","year":null,"dist_coast":7427.91167046,"notes":null}},{"type":"Feature","id":"windfarms.527","geometry":{"type":"Point","coordinates":[12.347,37.0469]},"geometry_name":"the_geom","properties":{"country":"Italy","name":"Ostro floating wind farm","n_turbines":null,"power_mw":600.0,"status":"Planned","type_inst":"Floating","updateyear":"2026","year":null,"dist_coast":38135.6202789,"notes":null}},{"type":"Feature","id":"windfarms.528","geometry":{"type":"Point","coordinates":[16.4589,41.9259]},"geometry_name":"the_geom","properties":{"country":"Italy","name":"Nereus Offshore Floating wind farm","n_turbines":null,"power_mw":1800.0,"status":"Planned","type_inst":"Floating","updateyear":"2026","year":null,"dist_coast":23154.2728978,"notes":null}},{"type":"Feature","id":"windfarms.530","geometry":{"type":"Point","coordinates":[18.7953,39.7538]},"geometry_name":"the_geom","properties":{"country":"Italy","name":"Messapia","n_turbines":null,"power_mw":1314.0,"status":"Planned","type_inst":"Floating","updateyear":"2026","year":null,"dist_coast":35485.727855,"notes":null}},{"type":"Feature","id":"windfarms.531","geometry":{"type":"Point","coordinates":[13.5763,44.193]},"geometry_name":"the_geom","properties":{"country":"Italy","name":"Marche wind farm 1","n_turbines":null,"power_mw":480.0,"status":"Planned","type_inst":null,"updateyear":"2026","year":null,"dist_coast":58100.0104958,"notes":null}},{"type":"Feature","id":"windfarms.532","geometry":{"type":"Point","coordinates":[13.5763,44.193]},"geometry_name":"the_geom","properties":{"country":"Italy","name":"Marche wind farm 2","n_turbines":null,"power_mw":480.0,"status":"Planned","type_inst":null,"updateyear":"2026","year":null,"dist_coast":58100.0104958,"notes":null}},{"type":"Feature","id":"windfarms.533","geometry":{"type":"Point","coordinates":[17.5368,38.7486]},"geometry_name":"the_geom","properties":{"country":"Italy","name":"Krimisa Offshore wind farm","n_turbines":null,"power_mw":1116.0,"status":"Planned","type_inst":"Floating","updateyear":"2026","year":null,"dist_coast":39134.112212,"notes":null}},{"type":"Feature","id":"windfarms.534","geometry":{"type":"Point","coordinates":[18.4508,39.6197]},"geometry_name":"the_geom","properties":{"country":"Italy","name":"Hexicon Puglia 2 floating offshore wind farm","n_turbines":null,"power_mw":1150.0,"status":"Planned","type_inst":"Floating","updateyear":"2026","year":null,"dist_coast":20487.6731162,"notes":null}},{"type":"Feature","id":"windfarms.536","geometry":{"type":"Point","coordinates":[18.0255,39.6366]},"geometry_name":"the_geom","properties":{"country":"Italy","name":"Hexicon Puglia 1 floating offshore wind farm","n_turbines":null,"power_mw":1950.0,"status":"Planned","type_inst":"Floating","updateyear":"2026","year":null,"dist_coast":26864.4575166,"notes":null}},{"type":"Feature","id":"windfarms.537","geometry":{"type":"Point","coordinates":[12.229,37.2521]},"geometry_name":"the_geom","properties":{"country":"Italy","name":"Elymo wind farm","n_turbines":null,"power_mw":1020.0,"status":"Planned","type_inst":"Floating","updateyear":"2026","year":null,"dist_coast":50904.1588517,"notes":null}},{"type":"Feature","id":"windfarms.539","geometry":{"type":"Point","coordinates":[17.5871,38.412]},"geometry_name":"the_geom","properties":{"country":"Italy","name":"Crotone wind farm","n_turbines":null,"power_mw":495.0,"status":"Planned","type_inst":"Floating","updateyear":"2026","year":null,"dist_coast":68078.9141514,"notes":null}},{"type":"Feature","id":"windfarms.543","geometry":{"type":"Point","coordinates":[14.8795,35.7726]},"geometry_name":"the_geom","properties":{"country":"Malta","name":"Malta Floating Offshore wind farm","n_turbines":null,"power_mw":300.0,"status":"Planned","type_inst":"Floating","updateyear":"2026","year":null,"dist_coast":28794.4497718,"notes":null}},{"type":"Feature","id":"windfarms.547","geometry":{"type":"Point","coordinates":[11.708,42.0701]},"geometry_name":"the_geom","properties":{"country":"Italy","name":"Tyrrhenian wind farm","n_turbines":null,"power_mw":540.0,"status":"Planned","type_inst":"Floating","updateyear":"2026","year":null,"dist_coast":6372.28345543,"notes":null}},{"type":"Feature","id":"windfarms.548","geometry":{"type":"Point","coordinates":[10.1084,40.7971]},"geometry_name":"the_geom","properties":{"country":"Italy","name":"Tibula Energia","n_turbines":null,"power_mw":975.0,"status":"Planned","type_inst":"Floating","updateyear":"2026","year":null,"dist_coast":29191.8515236,"notes":null}},{"type":"Feature","id":"windfarms.550","geometry":{"type":"Point","coordinates":[12.5513,44.483]},"geometry_name":"the_geom","properties":{"country":"Italy","name":"Romagna 2 offshore wind farm","n_turbines":null,"power_mw":400.0,"status":"Planned","type_inst":"Floating","updateyear":"2026","year":null,"dist_coast":20570.6894941,"notes":null}},{"type":"Feature","id":"windfarms.552","geometry":{"type":"Point","coordinates":[-8.8615,41.7016]},"geometry_name":"the_geom","properties":{"country":"Portugal","name":"Caravela Offshore Floating wind farm","n_turbines":null,"power_mw":600.0,"status":"Planned","type_inst":"Floating","updateyear":"2026","year":null,"dist_coast":322.153705976,"notes":null}},{"type":"Feature","id":"windfarms.553","geometry":{"type":"Point","coordinates":[-9.132,41.1663]},"geometry_name":"the_geom","properties":{"country":"Portugal","name":"Âncora Offshore Floating wind farm","n_turbines":null,"power_mw":765.0,"status":"Planned","type_inst":"Floating","updateyear":"2026","year":null,"dist_coast":34731.6662352,"notes":null}},{"type":"Feature","id":"windfarms.554","geometry":{"type":"Point","coordinates":[15.5937,54.4371]},"geometry_name":"the_geom","properties":{"country":"Poland","name":"Orlen Neptun IV Offshore wind farm 1","n_turbines":null,"power_mw":1200.0,"status":"Planned","type_inst":"Grounded","updateyear":"2026","year":null,"dist_coast":26609.3797447,"notes":null}},{"type":"Feature","id":"windfarms.555","geometry":{"type":"Point","coordinates":[17.1346,55.3469]},"geometry_name":"the_geom","properties":{"country":"Poland","name":"Freeboard I Offshore wind farm 1","n_turbines":null,"power_mw":1500.0,"status":"Planned","type_inst":"Grounded","updateyear":"2026","year":null,"dist_coast":39859.1146331,"notes":null}},{"type":"Feature","id":"windfarms.557","geometry":{"type":"Point","coordinates":[15.4921,54.3636]},"geometry_name":"the_geom","properties":{"country":"Poland","name":"Energa MFW 1 Offshore wind farm 1","n_turbines":null,"power_mw":900.0,"status":"Planned","type_inst":"Grounded","updateyear":"2026","year":null,"dist_coast":20067.2199269,"notes":null}},{"type":"Feature","id":"windfarms.563","geometry":{"type":"Point","coordinates":[4.7016,53.4079]},"geometry_name":"the_geom","properties":{"country":"Netherlands","name":"Irene Vorrink wind farm 1","n_turbines":null,"power_mw":17.0,"status":"Dismantled","type_inst":"Grounded","updateyear":"2026","year":null,"dist_coast":22814.3093282,"notes":"Decommission: 2022"}},{"type":"Feature","id":"windfarms.567","geometry":{"type":"Point","coordinates":[3.4577,52.1453]},"geometry_name":"the_geom","properties":{"country":"Netherlands","name":"Hollandse Kust West VIII Offshore wind farm","n_turbines":null,"power_mw":700.0,"status":"Planned","type_inst":null,"updateyear":"2026","year":null,"dist_coast":42506.0943781,"notes":null}},{"type":"Feature","id":"windfarms.570","geometry":{"type":"Point","coordinates":[-15.3831,28.0374]},"geometry_name":"the_geom","properties":{"country":"Spain","name":"Plocan Canary wind farm 1","n_turbines":null,"power_mw":300.0,"status":"Planned","type_inst":"Floating","updateyear":"2026","year":null,"dist_coast":1572.52077941,"notes":null}},{"type":"Feature","id":"windfarms.571","geometry":{"type":"Point","coordinates":[-9.7397,42.0114]},"geometry_name":"the_geom","properties":{"country":"Spain","name":"Roleira Floating Offshore wind farm","n_turbines":null,"power_mw":594.0,"status":"Planned","type_inst":"Floating","updateyear":"2026","year":null,"dist_coast":69969.3063965,"notes":null}},{"type":"Feature","id":"windfarms.572","geometry":{"type":"Point","coordinates":[3.996,41.8943]},"geometry_name":"the_geom","properties":{"country":"Spain","name":"Norfeu Floating Offshore wind farm","n_turbines":null,"power_mw":1080.0,"status":"Planned","type_inst":"Floating","updateyear":"2026","year":null,"dist_coast":63850.0541793,"notes":null}},{"type":"Feature","id":"windfarms.573","geometry":{"type":"Point","coordinates":[-9.5542,42.105]},"geometry_name":"the_geom","properties":{"country":"Spain","name":"Pinzón Floating Offshore wind farm","n_turbines":null,"power_mw":540.0,"status":"Planned","type_inst":"Floating","updateyear":"2026","year":null,"dist_coast":53737.8652361,"notes":null}},{"type":"Feature","id":"windfarms.576","geometry":{"type":"Point","coordinates":[-9.3358,42.3911]},"geometry_name":"the_geom","properties":{"country":"Spain","name":"Atlántico-1 Offshore wind farm","n_turbines":null,"power_mw":525.0,"status":"Planned","type_inst":null,"updateyear":"2026","year":null,"dist_coast":26209.4807713,"notes":null}},{"type":"Feature","id":"windfarms.581","geometry":{"type":"Point","coordinates":[-1.665,46.2592]},"geometry_name":"the_geom","properties":{"country":"France","name":"Bay of Biscay offshore wind farm","n_turbines":null,"power_mw":1200.0,"status":"Planned","type_inst":null,"updateyear":"2026","year":null,"dist_coast":8053.54400931,"notes":null}},{"type":"Feature","id":"windfarms.582","geometry":{"type":"Point","coordinates":[8.5,38.5]},"geometry_name":"the_geom","properties":{"country":"Italy","name":"Repower FOWT Sardegna Sud","n_turbines":null,"power_mw":495.0,"status":"Planned","type_inst":null,"updateyear":"2026","year":null,"dist_coast":40467.3007848,"notes":null}},{"type":"Feature","id":"windfarms.583","geometry":{"type":"Point","coordinates":[17.9,39.6]},"geometry_name":"the_geom","properties":{"country":"Italy","name":"Progetto Puglia","n_turbines":null,"power_mw":1725.0,"status":"Planned","type_inst":null,"updateyear":"2026","year":null,"dist_coast":36223.9570213,"notes":null}},{"type":"Feature","id":"windfarms.584","geometry":{"type":"Point","coordinates":[18.8,39.6]},"geometry_name":"the_geom","properties":{"country":"Italy","name":"Puglia 2","n_turbines":null,"power_mw":1150.0,"status":"Planned","type_inst":null,"updateyear":"2026","year":null,"dist_coast":42508.2093904,"notes":null}},{"type":"Feature","id":"windfarms.586","geometry":{"type":"Point","coordinates":[20.3,56.6]},"geometry_name":"the_geom","properties":{"country":"Latvia","name":"Kurzeme Offshore","n_turbines":null,"power_mw":1000.0,"status":"Planned","type_inst":null,"updateyear":"2026","year":null,"dist_coast":42762.6815993,"notes":null}},{"type":"Feature","id":"windfarms.587","geometry":{"type":"Point","coordinates":[16.78,42.04]},"geometry_name":"the_geom","properties":{"country":"Italy","name":"Tramontana","n_turbines":null,"power_mw":1005.0,"status":"Planned","type_inst":null,"updateyear":"2026","year":null,"dist_coast":52114.754536,"notes":null}},{"type":"Feature","id":"windfarms.588","geometry":{"type":"Point","coordinates":[11.49,42.03]},"geometry_name":"the_geom","properties":{"country":"Italy","name":"Tyrrhenian Wind","n_turbines":null,"power_mw":540.0,"status":"Planned","type_inst":null,"updateyear":"2026","year":null,"dist_coast":24416.3636099,"notes":null}},{"type":"Feature","id":"windfarms.589","geometry":{"type":"Point","coordinates":[18.1,39.6]},"geometry_name":"the_geom","properties":{"country":"Italy","name":"Ulisse 2","n_turbines":null,"power_mw":540.0,"status":"Planned","type_inst":null,"updateyear":"2026","year":null,"dist_coast":27788.9015594,"notes":null}},{"type":"Feature","id":"windfarms.590","geometry":{"type":"Point","coordinates":[-5.2,36.3]},"geometry_name":"the_geom","properties":{"country":"Spain","name":"La Janda Offshore","n_turbines":null,"power_mw":60.0,"status":"Planned","type_inst":null,"updateyear":"2026","year":null,"dist_coast":4486.14646642,"notes":null}},{"type":"Feature","id":"windfarms.595","geometry":{"type":"Point","coordinates":[1.3,40.8]},"geometry_name":"the_geom","properties":{"country":"Spain","name":"Zèfir Phase 1","n_turbines":null,"power_mw":20.0,"status":"Planned","type_inst":null,"updateyear":"2026","year":null,"dist_coast":30366.3064203,"notes":null}},{"type":"Feature","id":"windfarms.596","geometry":{"type":"Point","coordinates":[1.3,40.8]},"geometry_name":"the_geom","properties":{"country":"Spain","name":"Zèfir Phase 2","n_turbines":null,"power_mw":50.0,"status":"Planned","type_inst":null,"updateyear":"2026","year":null,"dist_coast":30366.3064203,"notes":null}},{"type":"Feature","id":"windfarms.597","geometry":{"type":"Point","coordinates":[-3.7,50]},"geometry_name":"the_geom","properties":{"country":"United Kingdom","name":"Portwind","n_turbines":null,"power_mw":2000.0,"status":"Planned","type_inst":null,"updateyear":"2026","year":null,"dist_coast":22610.9815185,"notes":null}},{"type":"Feature","id":"windfarms.598","geometry":{"type":"Point","coordinates":[24.37,38.17]},"geometry_name":"the_geom","properties":{"country":"Greece","name":"IPC-500","n_turbines":null,"power_mw":500.0,"status":"Planned","type_inst":null,"updateyear":"2026","year":null,"dist_coast":759.44775319,"notes":null}},{"type":"Feature","id":"windfarms.599","geometry":{"type":"Point","coordinates":[16.87,38.45]},"geometry_name":"the_geom","properties":{"country":"Italy","name":"Enotria","n_turbines":null,"power_mw":555.0,"status":"Planned","type_inst":null,"updateyear":"2026","year":null,"dist_coast":25216.5214994,"notes":null}},{"type":"Feature","id":"windfarms.600","geometry":{"type":"Point","coordinates":[16.96,39.72]},"geometry_name":"the_geom","properties":{"country":"Italy","name":"Mediterranean Italian Offshore","n_turbines":null,"power_mw":490.0,"status":"Planned","type_inst":null,"updateyear":"2026","year":null,"dist_coast":19065.3943632,"notes":null}},{"type":"Feature","id":"windfarms.601","geometry":{"type":"Point","coordinates":[18.49,40.57]},"geometry_name":"the_geom","properties":{"country":"Italy","name":"Seawind Brindisi","n_turbines":null,"power_mw":532.0,"status":"Planned","type_inst":null,"updateyear":"2026","year":null,"dist_coast":25251.1103092,"notes":null}},{"type":"Feature","id":"windfarms.602","geometry":{"type":"Point","coordinates":[21.21,58.1]},"geometry_name":"the_geom","properties":{"country":"Estonia","name":"Tuul Energy Saare 2.2","n_turbines":null,"power_mw":840.0,"status":"Planned","type_inst":null,"updateyear":"2026","year":null,"dist_coast":40670.0384109,"notes":null}},{"type":"Feature","id":"windfarms.604","geometry":{"type":"Point","coordinates":[21.1,58.2]},"geometry_name":"the_geom","properties":{"country":"Estonia","name":"Tuul Energy Saare 2.1","n_turbines":null,"power_mw":1560.0,"status":"Planned","type_inst":null,"updateyear":"2026","year":null,"dist_coast":41200.2535947,"notes":null}},{"type":"Feature","id":"windfarms.605","geometry":{"type":"Point","coordinates":[21.6,58.2]},"geometry_name":"the_geom","properties":{"country":"Estonia","name":"Saare 7","n_turbines":null,"power_mw":550.0,"status":"Planned","type_inst":null,"updateyear":"2026","year":null,"dist_coast":16145.1156687,"notes":null}},{"type":"Feature","id":"windfarms.606","geometry":{"type":"Point","coordinates":[20.3,56]},"geometry_name":"the_geom","properties":{"country":"Lithuania","name":"Curonian Nord","n_turbines":null,"power_mw":700.0,"status":"Planned","type_inst":null,"updateyear":"2026","year":null,"dist_coast":47638.5072755,"notes":null}},{"type":"Feature","id":"windfarms.607","geometry":{"type":"Point","coordinates":[5.68,54.49]},"geometry_name":"the_geom","properties":{"country":"Germany","name":"Windbostel West","n_turbines":null,"power_mw":2000.0,"status":"Planned","type_inst":null,"updateyear":"2026","year":null,"dist_coast":114232.254123,"notes":null}},{"type":"Feature","id":"windfarms.608","geometry":{"type":"Point","coordinates":[6.1,54.8]},"geometry_name":"the_geom","properties":{"country":"Germany","name":"Oceanbeat West","n_turbines":null,"power_mw":2000.0,"status":"Planned","type_inst":null,"updateyear":"2026","year":null,"dist_coast":133435.473064,"notes":null}},{"type":"Feature","id":"windfarms.609","geometry":{"type":"Point","coordinates":[20.46,59.83]},"geometry_name":"the_geom","properties":{"country":"Finland","name":"Noatun Nord","n_turbines":null,"power_mw":3000.0,"status":"Planned","type_inst":null,"updateyear":"2026","year":null,"dist_coast":4968.36628209,"notes":null}},{"type":"Feature","id":"windfarms.610","geometry":{"type":"Point","coordinates":[16.49,55.05]},"geometry_name":"the_geom","properties":{"country":"Poland","name":"Baltica 9","n_turbines":null,"power_mw":975.0,"status":"Planned","type_inst":null,"updateyear":"2026","year":null,"dist_coast":33842.6488621,"notes":null}},{"type":"Feature","id":"windfarms.611","geometry":{"type":"Point","coordinates":[6.18,55]},"geometry_name":"the_geom","properties":{"country":"Germany","name":"Dreekant","n_turbines":null,"power_mw":1000.0,"status":"Planned","type_inst":null,"updateyear":"2026","year":null,"dist_coast":135510.283433,"notes":null}},{"type":"Feature","id":"windfarms.612","geometry":{"type":"Point","coordinates":[6.4,54.7]},"geometry_name":"the_geom","properties":{"country":"Germany","name":"Oceanbeat East","n_turbines":null,"power_mw":2000.0,"status":"Planned","type_inst":null,"updateyear":"2026","year":null,"dist_coast":111148.930499,"notes":null}},{"type":"Feature","id":"windfarms.613","geometry":{"type":"Point","coordinates":[17.84,55.05]},"geometry_name":"the_geom","properties":{"country":"Poland","name":"Baltic East","n_turbines":null,"power_mw":966.0,"status":"Planned","type_inst":null,"updateyear":"2026","year":null,"dist_coast":25390.2169917,"notes":null}},{"type":"Feature","id":"windfarms.614","geometry":{"type":"Point","coordinates":[5.8,54.4]},"geometry_name":"the_geom","properties":{"country":"Germany","name":"Windbostel Ost","n_turbines":null,"power_mw":2000.0,"status":"Planned","type_inst":null,"updateyear":"2026","year":null,"dist_coast":102772.281084,"notes":null}},{"type":"Feature","id":"windfarms.615","geometry":{"type":"Point","coordinates":[5.9,54.6]},"geometry_name":"the_geom","properties":{"country":"Germany","name":"Waterekke","n_turbines":null,"power_mw":1500.0,"status":"Planned","type_inst":null,"updateyear":"2026","year":null,"dist_coast":121853.677571,"notes":null}},{"type":"Feature","id":"windfarms.616","geometry":{"type":"Point","coordinates":[-4.77,36.28]},"geometry_name":"the_geom","properties":{"country":"Spain","name":"Neptuno","n_turbines":null,"power_mw":1000.0,"status":"Planned","type_inst":null,"updateyear":"2026","year":null,"dist_coast":22430.6632639,"notes":null}},{"type":"Feature","id":"windfarms.617","geometry":{"type":"Point","coordinates":[-3.56,47.33]},"geometry_name":"the_geom","properties":{"country":"France","name":"Pennavel","n_turbines":null,"power_mw":270.0,"status":"Planned","type_inst":null,"updateyear":"2026","year":null,"dist_coast":22527.90917,"notes":null}},{"type":"Feature","id":"windfarms.619","geometry":{"type":"Point","coordinates":[5.85,54.36]},"geometry_name":"the_geom","properties":{"country":"Germany","name":"Waterkant","n_turbines":null,"power_mw":296.0,"status":"Planned","type_inst":null,"updateyear":"2026","year":null,"dist_coast":97705.3763283,"notes":null}},{"type":"Feature","id":"windfarms.620","geometry":{"type":"Point","coordinates":[0.34,56.83]},"geometry_name":"the_geom","properties":{"country":"Sweden","name":"Falkenberg Offshore","n_turbines":null,"power_mw":282.0,"status":"Approved","type_inst":null,"updateyear":"2026","year":null,"dist_coast":146066.057608,"notes":null}},{"type":"Feature","id":"windfarms.621","geometry":{"type":"Point","coordinates":[6.16,54.77]},"geometry_name":"the_geom","properties":{"country":"Germany","name":"Nordsee Energies 1","n_turbines":null,"power_mw":2000.0,"status":"Planned","type_inst":null,"updateyear":"2026","year":null,"dist_coast":128428.832574,"notes":null}},{"type":"Feature","id":"windfarms.622","geometry":{"type":"Point","coordinates":[6.38,54.86]},"geometry_name":"the_geom","properties":{"country":"Germany","name":"Nordsee Energies 2","n_turbines":null,"power_mw":1500.0,"status":"Planned","type_inst":null,"updateyear":"2026","year":null,"dist_coast":122112.812034,"notes":null}},{"type":"Feature","id":"windfarms.623","geometry":{"type":"Point","coordinates":[13.78,54.84]},"geometry_name":"the_geom","properties":{"country":"Germany","name":"OstSee Energies","n_turbines":null,"power_mw":1000.0,"status":"Planned","type_inst":null,"updateyear":"2026","year":null,"dist_coast":28442.1288156,"notes":null}},{"type":"Feature","id":"windfarms.625","geometry":{"type":"Point","coordinates":[3.19,53.07]},"geometry_name":"the_geom","properties":{"country":"Netherlands","name":"Nederwiek I-A","n_turbines":null,"power_mw":1150.0,"status":"Approved","type_inst":null,"updateyear":"2026","year":null,"dist_coast":98856.7511335,"notes":null}},{"type":"Feature","id":"windfarms.626","geometry":{"type":"Point","coordinates":[-4.8,36.26]},"geometry_name":"the_geom","properties":{"country":"Spain","name":"Terral","n_turbines":null,"power_mw":510.0,"status":"Planned","type_inst":null,"updateyear":"2026","year":null,"dist_coast":25005.0936639,"notes":null}},{"type":"Feature","id":"windfarms.627","geometry":{"type":"Point","coordinates":[-8.8,43.9]},"geometry_name":"the_geom","properties":{"country":"Spain","name":"O Boi","n_turbines":null,"power_mw":552.0,"status":"Planned","type_inst":null,"updateyear":"2026","year":null,"dist_coast":54047.5234179,"notes":null}},{"type":"Feature","id":"windfarms.628","geometry":{"type":"Point","coordinates":[-7.3,43.9]},"geometry_name":"the_geom","properties":{"country":"Spain","name":"Breixo","n_turbines":null,"power_mw":648.0,"status":"Planned","type_inst":null,"updateyear":"2026","year":null,"dist_coast":22937.9087432,"notes":null}},{"type":"Feature","id":"windfarms.629","geometry":{"type":"Point","coordinates":[3.71,52.64]},"geometry_name":"the_geom","properties":{"country":"Netherlands","name":"OranjeWind","n_turbines":null,"power_mw":795.0,"status":"Approved","type_inst":null,"updateyear":"2026","year":null,"dist_coast":60444.204442,"notes":null}},{"type":"Feature","id":"windfarms.631","geometry":{"type":"Point","coordinates":[-3.8,58.9]},"geometry_name":"the_geom","properties":{"country":"United Kingdom","name":"Floating Wind Test Site","n_turbines":null,"power_mw":60.0,"status":"Planned","type_inst":null,"updateyear":"2026","year":null,"dist_coast":21158.2023917,"notes":null}},{"type":"Feature","id":"windfarms.406","geometry":{"type":"Point","coordinates":[14.95,54.99]},"geometry_name":"the_geom","properties":{"country":"Sweden","name":"Njord","n_turbines":null,"power_mw":null,"status":"Planned","type_inst":null,"updateyear":"2025","year":null,"dist_coast":1756.81414858,"notes":null}},{"type":"Feature","id":"windfarms.37","geometry":{"type":"Point","coordinates":[22.49,58.21]},"geometry_name":"the_geom","properties":{"country":"Estonia","name":"Nasva Offshore","n_turbines":null,"power_mw":null,"status":"Planned","type_inst":null,"updateyear":"2024","year":null,"dist_coast":984.087018912,"notes":null}},{"type":"Feature","id":"windfarms.38","geometry":{"type":"Point","coordinates":[21.24,58.19]},"geometry_name":"the_geom","properties":{"country":"Estonia","name":"Saaremaa Roheenergia","n_turbines":null,"power_mw":null,"status":"Planned","type_inst":null,"updateyear":"2024","year":null,"dist_coast":34021.5794752,"notes":null}},{"type":"Feature","id":"windfarms.73","geometry":{"type":"Point","coordinates":[21.26,61.67]},"geometry_name":"the_geom","properties":{"country":"Finland","name":"Pori-Tahkoluoto Extension","n_turbines":null,"power_mw":null,"status":"Planned","type_inst":null,"updateyear":"2024","year":null,"dist_coast":4409.46738895,"notes":null}},{"type":"Feature","id":"windfarms.99","geometry":{"type":"Point","coordinates":[25.02,35.72]},"geometry_name":"the_geom","properties":{"country":"Greece","name":"Aegean Islands","n_turbines":null,"power_mw":null,"status":"Planned","type_inst":null,"updateyear":"2024","year":null,"dist_coast":31873.2549951,"notes":null}},{"type":"Feature","id":"windfarms.104","geometry":{"type":"Point","coordinates":[26.26,38.55]},"geometry_name":"the_geom","properties":{"country":"Greece","name":"Musica 1","n_turbines":null,"power_mw":null,"status":"Planned","type_inst":null,"updateyear":"2024","year":null,"dist_coast":2751.7524538,"notes":null}},{"type":"Feature","id":"windfarms.105","geometry":{"type":"Point","coordinates":[25.91,38.41]},"geometry_name":"the_geom","properties":{"country":"Greece","name":"Musica 2","n_turbines":null,"power_mw":null,"status":"Planned","type_inst":null,"updateyear":"2024","year":null,"dist_coast":4009.57721047,"notes":null}},{"type":"Feature","id":"windfarms.133","geometry":{"type":"Point","coordinates":[-7.43,55.69]},"geometry_name":"the_geom","properties":{"country":"Ireland","name":"Haven Offshore Array","n_turbines":null,"power_mw":null,"status":"Planned","type_inst":null,"updateyear":"2024","year":null,"dist_coast":29137.5840165,"notes":null}},{"type":"Feature","id":"windfarms.151","geometry":{"type":"Point","coordinates":[-11.33,52.29]},"geometry_name":"the_geom","properties":{"country":"Ireland","name":"Rian Offshore Array Phase 2","n_turbines":null,"power_mw":null,"status":"Planned","type_inst":null,"updateyear":"2024","year":null,"dist_coast":51419.3408888,"notes":null}},{"type":"Feature","id":"windfarms.154","geometry":{"type":"Point","coordinates":[-9.27,53.23]},"geometry_name":"the_geom","properties":{"country":"Ireland","name":"SmartBay","n_turbines":null,"power_mw":null,"status":"Planned","type_inst":null,"updateyear":"2024","year":null,"dist_coast":1424.28016512,"notes":null}},{"type":"Feature","id":"windfarms.156","geometry":{"type":"Point","coordinates":[-10.1,52.61]},"geometry_name":"the_geom","properties":{"country":"Ireland","name":"SSE Tarbert","n_turbines":null,"power_mw":null,"status":"Planned","type_inst":null,"updateyear":"2024","year":null,"dist_coast":12236.5494075,"notes":null}},{"type":"Feature","id":"windfarms.394","geometry":{"type":"Point","coordinates":[17.26,57.49]},"geometry_name":"the_geom","properties":{"country":"Sweden","name":"Anemone","n_turbines":null,"power_mw":null,"status":"Planned","type_inst":null,"updateyear":"2025","year":null,"dist_coast":16577.953581,"notes":null}},{"type":"Feature","id":"windfarms.402","geometry":{"type":"Point","coordinates":[17.67,58.65]},"geometry_name":"the_geom","properties":{"country":"Sweden","name":"Langgrund","n_turbines":null,"power_mw":null,"status":"Planned","type_inst":null,"updateyear":"2024","year":null,"dist_coast":5268.06642789,"notes":null}},{"type":"Feature","id":"windfarms.403","geometry":{"type":"Point","coordinates":[17.34,58.51]},"geometry_name":"the_geom","properties":{"country":"Sweden","name":"Langgrund II","n_turbines":null,"power_mw":null,"status":"Planned","type_inst":null,"updateyear":"2024","year":null,"dist_coast":8452.4032542,"notes":null}},{"type":"Feature","id":"windfarms.407","geometry":{"type":"Point","coordinates":[17.12,58.61]},"geometry_name":"the_geom","properties":{"country":"Sweden","name":"Norra Klasgrunden","n_turbines":null,"power_mw":null,"status":"Planned","type_inst":null,"updateyear":"2025","year":null,"dist_coast":2976.36519002,"notes":null}},{"type":"Feature","id":"windfarms.410","geometry":{"type":"Point","coordinates":[17.11,58.58]},"geometry_name":"the_geom","properties":{"country":"Sweden","name":"Södra Klasgrunden","n_turbines":null,"power_mw":null,"status":"Planned","type_inst":null,"updateyear":"2025","year":null,"dist_coast":3699.6360346,"notes":null}},{"type":"Feature","id":"windfarms.413","geometry":{"type":"Point","coordinates":[20.73,63.55]},"geometry_name":"the_geom","properties":{"country":"Sweden","name":"Väktaren","n_turbines":null,"power_mw":null,"status":"Planned","type_inst":null,"updateyear":"2025","year":null,"dist_coast":4731.68031991,"notes":null}},{"type":"Feature","id":"windfarms.418","geometry":{"type":"Point","coordinates":[18.02,61.37]},"geometry_name":"the_geom","properties":{"country":"Sweden","name":"Auramaris","n_turbines":null,"power_mw":null,"status":"Planned","type_inst":null,"updateyear":"2025","year":null,"dist_coast":35225.3965333,"notes":null}},{"type":"Feature","id":"windfarms.419","geometry":{"type":"Point","coordinates":[21.64,63.83]},"geometry_name":"the_geom","properties":{"country":"Sweden","name":"Bylgia","n_turbines":null,"power_mw":null,"status":"Planned","type_inst":null,"updateyear":"2025","year":null,"dist_coast":30974.7459278,"notes":null}},{"type":"Feature","id":"windfarms.421","geometry":{"type":"Point","coordinates":[18.47,62.22]},"geometry_name":"the_geom","properties":{"country":"Sweden","name":"Ostanvind","n_turbines":null,"power_mw":null,"status":"Planned","type_inst":null,"updateyear":"2025","year":null,"dist_coast":37849.2447359,"notes":null}}],"totalFeatures":631,"numberMatched":631,"numberReturned":631,"timeStamp":"2026-10-02T04:02:00.185Z","crs":{"type":"name","properties":{"name":"urn:ogc:def:crs:EPSG::4326"}}}