layer,bbox,bytes,sha256
Jordbunds_og_terraenforhold:Jordbundskort_2024,"457025,6287150,462025,6292150",1699440,5ccb0395936c0b91c5c751414b70a6d8847f30e3fc7e08742cdc26dcac102d81
Jordbunds_og_terraenforhold:Jordbundskort_2024,"457025,6292150,462025,6292500",246902,5942f38c7d7350442595617ccdc93aefc825e863275bfc54111197978e182341
Jordbunds_og_terraenforhold:Jordbundskort_2024,"462025,6287150,463200,6292150",365008,69a12db987a77469291f0f7dd429f6525041e21284b83d3c54cbf548ff734f56
Jordbunds_og_terraenforhold:Jordbundskort_2024,"462025,6292150,463200,6292500",22630,3d8385ed4b1094e98eb7fbd396112a99e3bbae818326a02b160702dd181d3c67
Jordbunds_og_terraenforhold:Jordbundskort_2024,"465700,6296550,470700,6301550",2476476,c7406da9c6baa968c51d2af822055ab8d0c1a24cd098f06e4d627181bd895db7
Jordbunds_og_terraenforhold:Jordbundskort_2024,"465700,6301550,470700,6305975",2094057,eefa72c613c1d5497a5948a7d854ebb976ce122f20ce5b245ab12e0909ddbe7b
Jordbunds_og_terraenforhold:Jordbundskort_2024,"465900,6255750,470900,6260750",1380979,adeccc196b1f77675651cd67c1219b27bf2dff40e7d1235a8e97e42ea3517875
Jordbunds_og_terraenforhold:Jordbundskort_2024,"465900,6260750,470900,6261275",404928,5b46de3ca31ec7e29b082da883b0ffe57ffc76d3a9bd979290c8afb32b396897
Jordbunds_og_terraenforhold:Jordbundskort_2024,"470700,6296550,475500,6301550",1431946,14db695bcfb986fed587e89c5b4235534f6ce779705905f13c131ef4d9a9ba60
Jordbunds_og_terraenforhold:Jordbundskort_2024,"470700,6301550,475500,6305975",1838464,09f3ea8a36c2a26b6bc8c7ec6aaa8ddeb73302f1238737475fd955147ab4ff15
Jordbunds_og_terraenforhold:Jordbundskort_2024,"470900,6255750,472675,6260750",705776,2e1dc5e17145d22ceb2eab290f5c97043d2d626092cfab230400ce354c0292d2
Jordbunds_og_terraenforhold:Jordbundskort_2024,"470900,6260750,472675,6261275",113304,8094fcbf461681582bccbb7f4cea1bae05a06f55192926931d862761a459a455
Jordbunds_og_terraenforhold:Jordbundskort_2024,"476750,6148800,481750,6153800",2025412,462c9d2f33223358cf7323a33e6fa096dba1138953e7713bcc86ebe82ae53bc1
Jordbunds_og_terraenforhold:Jordbundskort_2024,"476750,6153800,481750,6158800",1749395,2971735f591d5bbe2966331172127446b034cf838e34f42b229450b8b03daa50
Jordbunds_og_terraenforhold:Jordbundskort_2024,"476750,6158800,481750,6163800",2079416,a3edfc298ea6ce67b7d2aef57d0b30ed2518291459aceec84bc839bb59b03e70
Jordbunds_og_terraenforhold:Jordbundskort_2024,"476750,6163800,481750,6164425",408684,124ff66f651f7e8a41a22ab74c8d9f9f810eeaf7a3aac17b323c101646397d84
Jordbunds_og_terraenforhold:Jordbundskort_2024,"480925,6135025,485925,6140025",868930,45f171d825fc2e062219639e10f952b4e3a7b09609576a0dcd4bb0985bc3220c
Jordbunds_og_terraenforhold:Jordbundskort_2024,"480925,6140025,485925,6145025",2247781,9e85c0cf92d9105552216d090de9da499e9a074247f0dd4590ebd5e264e326fc
Jordbunds_og_terraenforhold:Jordbundskort_2024,"480925,6145025,485925,6150025",1072334,b84c63cdf78fe322c00e827f6e6889975b3e85f15d3f782e408fc8e1394fbbbe
Jordbunds_og_terraenforhold:Jordbundskort_2024,"480925,6150025,485925,6155025",1255623,e559a300fccedd2280fe719dfaaf8ad20f5ddf4067339910b9b1afbf50b4ef8a
Jordbunds_og_terraenforhold:Jordbundskort_2024,"480925,6155025,485925,6160025",1506952,ae4def5f009576cbfd68de799d8b432c1af7a2ce5d91e7897dba7b294871101a
Jordbunds_og_terraenforhold:Jordbundskort_2024,"480925,6160025,485925,6162575",873033,81def6bd25b20fe4b53167e0a7e0f98bf455096d59ec1bd4d0297a6e648eeda4
Jordbunds_og_terraenforhold:Jordbundskort_2024,"481750,6148800,486750,6153800",1005516,f2bff2e91ad81b8f0d9c00a7c984fc1fb12168da00d3954bda3b3e36980d73c8
Jordbunds_og_terraenforhold:Jordbundskort_2024,"481750,6153800,486750,6158800",1125309,20b3ead355a4559408bb8b58f09ce178f20e2cff94e27bb5eb4a72ef56e50cbf
Jordbunds_og_terraenforhold:Jordbundskort_2024,"481750,6158800,486750,6163800",1529350,49329c4f04609590d5485674b715d6c6d8ff1209dd1633db34f5222a0d033ee9
Jordbunds_og_terraenforhold:Jordbundskort_2024,"481750,6163800,486750,6164425",497279,1ee4bc31a522c9e754c2314ce480b98290f5a3307e61b59789071941ee54dac2
Jordbunds_og_terraenforhold:Jordbundskort_2024,"485925,6135025,490925,6140025",1887351,a38c5edebb86ad25b3b9ac3ce2b53af32ffac189ddf01495162861f4d530fc7c
Jordbunds_og_terraenforhold:Jordbundskort_2024,"485925,6140025,490925,6145025",1192503,5e7079cf6ad64c18368acc0bb4926626f9c4ac8b656e28c596d3941c7804f2be
Jordbunds_og_terraenforhold:Jordbundskort_2024,"485925,6145025,490925,6150025",709035,456d743fb7ce7081c771e5129a9c6ceb01b4f571be6368f604d3c480ed818da0
Jordbunds_og_terraenforhold:Jordbundskort_2024,"485925,6150025,490925,6155025",705275,3504673bb9596dffd93af8f1c85aea22868855dde3526820cc4f509079285c5a
Jordbunds_og_terraenforhold:Jordbundskort_2024,"485925,6155025,490925,6160025",943866,cd28fd40ef547c2438d6492d475a78d6aba9d61b9bcae7a2dcaa900c3253a04d
Jordbunds_og_terraenforhold:Jordbundskort_2024,"485925,6160025,490925,6162575",695454,05689a7a5816f0b5c9feb0749fe47b85b2dfbacc1ce439e7d955adf48d890c39
Jordbunds_og_terraenforhold:Jordbundskort_2024,"486750,6148800,491750,6153800",640664,283a030338aead19542b95f876cff4eb1bfb7d1ac5fb207e47ce51c657da4fc5
Jordbunds_og_terraenforhold:Jordbundskort_2024,"486750,6153800,491750,6158800",1083964,ce1fdf804f2ff4631cca2b0513aaaed6ccbd0d2e560c2260e3f77b6e4230644b
Jordbunds_og_terraenforhold:Jordbundskort_2024,"486750,6158800,491750,6163800",1248521,47528a3433c614e2756c20f7e757aeb16e87fa46e98fd9df384098755f87bb47
Jordbunds_og_terraenforhold:Jordbundskort_2024,"486750,6163800,491750,6164425",149980,3853faf69be090e7aaad553fe44754ab10497582e35fc4c5579321bdff842cf0
Jordbunds_og_terraenforhold:Jordbundskort_2024,"487725,6162950,492725,6167950",1406170,7f027e7e10cb0056f3194c97b0be34d3237baa97feaa63a1ae63e4769d86e5cb
Jordbunds_og_terraenforhold:Jordbundskort_2024,"487725,6167950,492725,6172950",2381700,ba5a89e512edab3bae31a5f85339c30ab8f8ec7e96c552db0ba65d16e4626609
Jordbunds_og_terraenforhold:Jordbundskort_2024,"487725,6172950,492725,6177950",1526372,166cd6c5301e8f0b80a1c7cd18bcc2458b574e644f5cdf1ae9e1de9fff0c0bc7
Jordbunds_og_terraenforhold:Jordbundskort_2024,"487725,6177950,492725,6180675",509704,0a78006b290bd3419e66d5dd13b4b5386f58ae68c4a4b33d17cc59174eb868ee
Jordbunds_og_terraenforhold:Jordbundskort_2024,"488900,6135025,493900,6140025",1018598,d47a04abee78c83f6797bbf626629db5b6c44e37e520bd5cd9cacedeccdb8fed
Jordbunds_og_terraenforhold:Jordbundskort_2024,"488900,6140025,493900,6145025",871011,2e24ec1c5e577246c12ad07d4633fe4a3c88a096d62e39a5a6b6ea33f8c1cc5c
Jordbunds_og_terraenforhold:Jordbundskort_2024,"488900,6145025,493900,6150025",522314,7d416631b364887a992f359bb49f0d5debd5c5d499347019f831e4009ff8e872
Jordbunds_og_terraenforhold:Jordbundskort_2024,"488900,6150025,493900,6155025",974139,195538e8b09436a6fef35ca26ad0e13fe32d1fd59d87c67ecac9a6f9322118a5
Jordbunds_og_terraenforhold:Jordbundskort_2024,"488900,6155025,493900,6160025",1217540,449403af4f9fa5018d7e03ee72423df2dc30b400d666634fbe2fad0ef24c90fc
Jordbunds_og_terraenforhold:Jordbundskort_2024,"488900,6160025,493900,6162575",954221,10c172621e734e264f4b9c1c00e5383f3d7a5a2b7adc87b744692fb57e4c6e40
Jordbunds_og_terraenforhold:Jordbundskort_2024,"489775,6219825,494775,6224825",1816886,ef46309b5867dd6838b5f8c1350a07fbfe10a0e4d53289d7e58e6026fff93a77
Jordbunds_og_terraenforhold:Jordbundskort_2024,"489775,6224825,494775,6229825",2625726,9b621c5348c1cce5314b5b5ae894a007a0ac5aa14778a444dd4dd61bebf398ac
Jordbunds_og_terraenforhold:Jordbundskort_2024,"489775,6229825,494775,6234825",2191488,6e81d62b858c67684d3cddb30ac9c8b474b9a56c246a0a9d09755e9588fe8909
Jordbunds_og_terraenforhold:Jordbundskort_2024,"489775,6234825,494775,6239825",1816624,28283672be2c4daba2ad4e5519bb7149ea4f3ae800c5820b2d0dba513b1ae498
Jordbunds_og_terraenforhold:Jordbundskort_2024,"489775,6239825,492275,6242325",875956,eac2729565b34f16037974457e73898927e4fcddf42f96cc0a52948015dcfcdf
Jordbunds_og_terraenforhold:Jordbundskort_2024,"489775,6239825,494775,6244825",2860880,d40116f878b8a4bfe80a90b704077bbb1016e66c187f5d02ee125e3cb95afff1
Jordbunds_og_terraenforhold:Jordbundskort_2024,"489775,6242325,492275,6244825",1060116,897228171813bdb735a78a4301db9438acc5d3eaf0410d984e85f4b6b13cec4c
Jordbunds_og_terraenforhold:Jordbundskort_2024,"489775,6244825,494775,6249825",1230487,0761426ac9c365293d5b4eff88018a0d363eafeee01880386eb3fb29dd56445b
Jordbunds_og_terraenforhold:Jordbundskort_2024,"489775,6249825,494775,6254825",636563,c97a5ebc23d26217f64bb74fa3a18208ab97c975933bba2c937ee06849108667
Jordbunds_og_terraenforhold:Jordbundskort_2024,"489775,6254825,494775,6259825",1414311,8499e5dd7c6a55373ce000e7f1b9ecb397689bd65ada73a2c1465d3a9a097aad
Jordbunds_og_terraenforhold:Jordbundskort_2024,"489775,6259825,494775,6264825",1118284,832fb9bc08007cad28eb46287279da396989f0113e1ed96890c38275e8855ba8
Jordbunds_og_terraenforhold:Jordbundskort_2024,"489775,6264825,494775,6269825",2043427,95c7c1322c4fe47e6b1b13dea60b0a2f0cf2c77a8cab755b4b18ef6a252869c4
Jordbunds_og_terraenforhold:Jordbundskort_2024,"489775,6269825,494775,6274825",2253783,0c19ab472e5579f68d5ce179d35ed8ed8f83840a39c27cdd146abfb9862e85b8
Jordbunds_og_terraenforhold:Jordbundskort_2024,"489775,6274825,494775,6275225",341810,d90b506cac506dd5aee0d9b9daa0d92e1287fcfbe5680cb27075c577935b26a5
Jordbunds_og_terraenforhold:Jordbundskort_2024,"490925,6135025,495925,6140025",628709,51279f892d2ae7b107ed4b3a3ea2f6b10cc85bc47c9d1366f50008007eba95aa
Jordbunds_og_terraenforhold:Jordbundskort_2024,"490925,6140025,495925,6145025",838645,374719d4b6de899a2ec46ae70986eba2b4507f74ca5f5fd4df03ea240490945a
Jordbunds_og_terraenforhold:Jordbundskort_2024,"490925,6145025,495925,6150025",529280,8744e359307041eccd1e37b3d793bc11bb46adcb289fd685bb51bd8885007ae9
Jordbunds_og_terraenforhold:Jordbundskort_2024,"490925,6150025,495925,6155025",1108640,60e2f8ea3714040219aeeb0ef2e027c5864d8a1a80cf1528bb0e894367328ee5
Jordbunds_og_terraenforhold:Jordbundskort_2024,"490925,6155025,495925,6160025",1303736,8bded279966e0f21b13c96f329e52aafc38ce8035b5ddbc7d2d979d893faf0b6
Jordbunds_og_terraenforhold:Jordbundskort_2024,"490925,6160025,495925,6162575",963925,7daa4c19e1ae551b7a0aaefaf522a14fe11710579efad2648c2cd26861dbac0c
Jordbunds_og_terraenforhold:Jordbundskort_2024,"491750,6148800,496750,6153800",864191,661b42deb1db5923080bfa8406b650c7e998b1f73460b2e647d14ac9c5607234
Jordbunds_og_terraenforhold:Jordbundskort_2024,"491750,6153800,496750,6158800",1198704,b1d9a58ca4e01a100fa4cea1f2f73f3bf5b7be3c04189f5ac0ed1ca6684144cc
Jordbunds_og_terraenforhold:Jordbundskort_2024,"491750,6158800,496750,6163800",2136551,ada8a123df02356b67614880c02161e7af6ad7427ac6cda2af7bf3156343e3dd
Jordbunds_og_terraenforhold:Jordbundskort_2024,"491750,6163800,496750,6164425",674074,611c78b57ea676a754a7489d356adeb8b1dfd08bc12dd38b1267e3fe24227d6b
Jordbunds_og_terraenforhold:Jordbundskort_2024,"492275,6239825,494775,6242325",562939,5e7413d376091a15800b45f6508e876ef9d1720f0fddc149e8291a04abe88e75
Jordbunds_og_terraenforhold:Jordbundskort_2024,"492275,6242325,494775,6244825",1165941,4f47220497655aeb8a7a35be50e7bebcae35798741b4bf6acc8bb3ca7de51bf5
Jordbunds_og_terraenforhold:Jordbundskort_2024,"492725,6162950,497725,6167950",2173599,0a71ad09837bb87c9907b6f7bb5af980a91d8415a0854cb1bdb58b0534a2f55b
Jordbunds_og_terraenforhold:Jordbundskort_2024,"492725,6167950,497725,6172950",1679499,49432d62479cd227716155506f078e7a92bf0c7117463e615ac589644313cd7a
Jordbunds_og_terraenforhold:Jordbundskort_2024,"492725,6172950,497725,6177950",1954394,03f56ce5025ac4225e8f8a6a7b9093effab273d9d7651f7346e7e08c5f5eb4de
Jordbunds_og_terraenforhold:Jordbundskort_2024,"492725,6177950,497725,6180675",470239,3cdb3e5486d7987e55503fb6a354d35de074e482e1755ce8da8007d9e2f81ce5
Jordbunds_og_terraenforhold:Jordbundskort_2024,"493900,6135025,498900,6140025",743522,ff2f86db539a235b7667d832bd401ec55d393ae60b559ddbb1ed8ff5940cb558
Jordbunds_og_terraenforhold:Jordbundskort_2024,"493900,6140025,498900,6145025",656860,c7e453618cd41aee781e215f4159b30de756c81dd77bf7d6ac17e5afb5d045b6
Jordbunds_og_terraenforhold:Jordbundskort_2024,"493900,6145025,498900,6150025",537747,27e0236d42c304934b1f9a3be2579045f9f2cc5191e39d8919aad6313714f628
Jordbunds_og_terraenforhold:Jordbundskort_2024,"493900,6150025,498900,6155025",826652,a0595d233b3b45b45bc664eae362a43af3a03430cf30feb6b4f3a06fd8ec2662
Jordbunds_og_terraenforhold:Jordbundskort_2024,"493900,6155025,498900,6160025",1510732,113cf36bfbe81ecd47afc71ad485691ac818dfc6ee0d5d7cffe92ac1d19db18e
Jordbunds_og_terraenforhold:Jordbundskort_2024,"493900,6160025,498900,6162575",1205164,1b6bad459d7562150a840359d3115d5a3fbee47cee43bc46fdbcac9969153d7b
Jordbunds_og_terraenforhold:Jordbundskort_2024,"494050,6219825,499050,6224825",1373461,8fb5fb80f86e9c0935b3fa2092b3007d356143b7175369ece6a655ecf91120d2
Jordbunds_og_terraenforhold:Jordbundskort_2024,"494050,6224825,499050,6229825",2023651,9d5daa6f4c01c477cf39eb30fe780c5e3aae3647db69c5cdcd869e773f2d8332
Jordbunds_og_terraenforhold:Jordbundskort_2024,"494050,6229825,499050,6234825",1334414,ecfa8b4997fc4e3a36cec70d2dbc9ae52280da9150684ed7985f80c8b992f493
Jordbunds_og_terraenforhold:Jordbundskort_2024,"494050,6234825,499050,6239825",1478607,3be75a56cee3b46c73827a11ec56b147a785da0e74e004ec1d0973fb61f80199
Jordbunds_og_terraenforhold:Jordbundskort_2024,"494050,6239825,499050,6244825",2311025,08f41f8d98f2e8e4b35439690d2061ded84aad26f5473b66cc9dd336f726ccc5
Jordbunds_og_terraenforhold:Jordbundskort_2024,"494050,6244825,499050,6249825",928746,4bb27401b744e3882b5eb252209daf8cae67990c18200965a1c1032651c863d2
Jordbunds_og_terraenforhold:Jordbundskort_2024,"494050,6249825,499050,6254825",806303,80d49b377de8ecfa5f0b4f812eb5225a90235065d2cd747a5c9e32ae218b145c
Jordbunds_og_terraenforhold:Jordbundskort_2024,"494050,6254825,499050,6259825",1135706,903c40fe48208bcadd2afc1605324f3542ddf9d9ee1d4656337e4f195d5591fb
Jordbunds_og_terraenforhold:Jordbundskort_2024,"494050,6259825,499050,6263750",807651,62464e09de40820761a76e3fd164991b9fab6d45eb7308219af0d103e21b9222
Jordbunds_og_terraenforhold:Jordbundskort_2024,"494075,6219825,499075,6224825",1373112,1d87bb265eeb7542616c7df37f1964e3b3336728464d07bd6a05d80131ce7741
Jordbunds_og_terraenforhold:Jordbundskort_2024,"494075,6224825,499075,6229825",2017310,cc3a1f2deefebae01ceab1da5836730db5889729ba49808f07caaa33398e97b4
Jordbunds_og_terraenforhold:Jordbundskort_2024,"494075,6229825,499075,6234825",1331684,f6c7e7d1c5cd4abaed1a89ac4aea56c46ded7d600681b9d742351cab00b1bebc
Jordbunds_og_terraenforhold:Jordbundskort_2024,"494075,6234825,499075,6239825",1478279,67e51aa6f875604c1d1e729ea84f7cc155ef836a1b18c9b83dbac780e5262681
Jordbunds_og_terraenforhold:Jordbundskort_2024,"494075,6239825,499075,6244825",2310355,17cca2bdc69a34e555204d58fe61798ef78d053036f2950c73c7eb3fc39de6b3
Jordbunds_og_terraenforhold:Jordbundskort_2024,"494075,6244825,499075,6249825",933063,1c2ec6de03014e908edc50aacc8caeb34e5826373aec01d0353ef60ec9dd4593
Jordbunds_og_terraenforhold:Jordbundskort_2024,"494075,6249825,499075,6253375",580367,32bdf9229815c24a4f52ba134d2ac828121863ce10f5ade53c6e6ce5b3d18aa1
Jordbunds_og_terraenforhold:Jordbundskort_2024,"494775,6219825,499775,6224825",1283644,667ca0062bfcc0b630cb89e9a333ac219b92f05a2b92ec72d53e31026755b14e
Jordbunds_og_terraenforhold:Jordbundskort_2024,"494775,6224825,499775,6229825",1867759,8e28da1d158bb42f3864d454593868966c69d91ae97685e1b3066fd8a01886c5
Jordbunds_og_terraenforhold:Jordbundskort_2024,"494775,6229825,499775,6234825",1280355,a92f274d7d96c36eb7141428317cfd329f34471eb43381c35db3b385968b3aae
Jordbunds_og_terraenforhold:Jordbundskort_2024,"494775,6234825,499775,6239825",1487319,cf0698cf516a582acf63f1d85a9c2948a103a1ed5c6040d232cad96fbbe0052c
Jordbunds_og_terraenforhold:Jordbundskort_2024,"494775,6239825,499775,6244825",2567821,a10b100411a6b7438eea05304ec48251f4263011a4e392d52df325db8ba0db9f
Jordbunds_og_terraenforhold:Jordbundskort_2024,"494775,6244825,499775,6249825",1123635,9eb8acaed585662abfa585218c517fda07bce7ea27483bd9cbe8cf568a0a55e9
Jordbunds_og_terraenforhold:Jordbundskort_2024,"494775,6249825,499775,6254825",823074,b53e38e7f50c1a9caceb4c0996aa8445aa1922ccbd44c2eecc204746b709be96
Jordbunds_og_terraenforhold:Jordbundskort_2024,"494775,6254825,499775,6259825",1292665,af1571f9b3362794514bfddb8479f515ddf3292188118a1f89fd3a787476cd4d
Jordbunds_og_terraenforhold:Jordbundskort_2024,"494775,6259825,499775,6264825",1313628,a9ed0bf89d6b1ad09896508b57f3ee63410a5ec41109b5e9bf6872aaee267950
Jordbunds_og_terraenforhold:Jordbundskort_2024,"494775,6264825,499775,6269825",2008354,449a0001cff1c7a4074f20c6fa879033943c6a7a1a24767fb6b2a21ecb32d6e1
Jordbunds_og_terraenforhold:Jordbundskort_2024,"494775,6269825,499775,6274825",2186446,bac59735b0b6f383b251dd9fe4c38f7fd0295c33fd04dfaabf41328cbdea2893
Jordbunds_og_terraenforhold:Jordbundskort_2024,"494775,6274825,499775,6275225",491998,1adea732e9007323da2bfbf0394ffaad543bc24abc5aa204973edaadbb396e1f
Jordbunds_og_terraenforhold:Jordbundskort_2024,"495600,6274850,500600,6279850",2663634,02e74badd2288c3ff9c4a404b9e429ce0e328326af67cf05f0613f139e1d017a
Jordbunds_og_terraenforhold:Jordbundskort_2024,"495600,6279850,498100,6282050",936654,e9fcc71f894667ee757719162dd562932eafce4130bbdc74bec87857965dd740
Jordbunds_og_terraenforhold:Jordbundskort_2024,"495600,6279850,500600,6284250",2680502,a6d9804254dface417743007c9f00728b6a86ebba209da0e83b14fc630fbb33a
Jordbunds_og_terraenforhold:Jordbundskort_2024,"495600,6282050,498100,6284250",645553,dd5a44dd86d7d65f3a10f70fcf9f12f0ed68c4e51b28f9b080b0d6450e1e57bb
Jordbunds_og_terraenforhold:Jordbundskort_2024,"495925,6135025,500925,6140025",1011629,8d59f4a16fda452313b5aaa3f93cbe479dfb5d7efebcfd52a617babcf1758a55
Jordbunds_og_terraenforhold:Jordbundskort_2024,"495925,6140025,500925,6145025",685568,84aaa6ea676600314ffc3e09f4b8e0a7ba557bd35c27d95923aecfefb9b24569
Jordbunds_og_terraenforhold:Jordbundskort_2024,"495925,6145025,500925,6150025",534526,19c3cafcd388629787da9391f3fc3b3effa5004cc15ac7a5cc4c9b00285c5aed
Jordbunds_og_terraenforhold:Jordbundskort_2024,"495925,6150025,500925,6155025",838074,03bf0b9f12660827fbc188cf8ff231a510f0bc7d66b020cdb7a1715af15aabfa
Jordbunds_og_terraenforhold:Jordbundskort_2024,"495925,6155025,500925,6160025",2094047,dbc42738520337ba6637dd6e3dec1e4e7d5cb83dda5322ebdda1d2a3d7afdc3d
Jordbunds_og_terraenforhold:Jordbundskort_2024,"495925,6160025,500925,6162575",1361261,2794fafd4a8cee865fd953fec32cc23813941e6b12bbbaf0a240ed88534fd5d4
Jordbunds_og_terraenforhold:Jordbundskort_2024,"496750,6148800,498050,6153800",249305,c8709516e79350874018c54723e63c6e01bf99481979a01db42e286b4df5eaaa
Jordbunds_og_terraenforhold:Jordbundskort_2024,"496750,6153800,498050,6158800",375799,25d0894c3ce96b988ee83ae8b6154133a3222d77909335ad000e6a3a144b2834
Jordbunds_og_terraenforhold:Jordbundskort_2024,"496750,6158800,498050,6163800",778545,072c739fd3e070ecd02e625ce70b06b7e738d117a7c2d6ab482975033ca1ef5c
Jordbunds_og_terraenforhold:Jordbundskort_2024,"496750,6163800,498050,6164425",129853,5a1d6f809b1cc39c6145a909a5c022c6d3f6525ca4fb2668cf74ec8fe340c30f
Jordbunds_og_terraenforhold:Jordbundskort_2024,"497725,6162950,502725,6167950",1931707,a1154d46267826290bb6b6e8650a2d9b232b1056632232344cabc295f6b7cdf2
Jordbunds_og_terraenforhold:Jordbundskort_2024,"497725,6167950,502725,6172950",1853632,2ae873bde3cd2afed0b9cda6e9fbf11d132ccaa175cea2ce77ae1fa409ccdc86
Jordbunds_og_terraenforhold:Jordbundskort_2024,"497725,6172950,502725,6177950",1412703,e0c482cbc5c8d41a76e735a2ee365a4940b4e944e393c9ae63bfdc1cbc3745c0
Jordbunds_og_terraenforhold:Jordbundskort_2024,"497725,6177950,502725,6180675",558575,90a01027d2456c2ab4b19dfc19c156e97f6bb86992eed9f95757d22d0034b766
Jordbunds_og_terraenforhold:Jordbundskort_2024,"498100,6279850,500600,6282050",871559,6c312666bd218fd1ff716e1a97ad48e42fca6f493990e9c4d72dc7e9fc04dcf9
Jordbunds_og_terraenforhold:Jordbundskort_2024,"498100,6282050,500600,6284250",705197,4bd2df05f2b65eb1bc746605a9b3a0a829a8dccf01fbc16c3c4147d51c2fb546
Jordbunds_og_terraenforhold:Jordbundskort_2024,"498900,6135025,503900,6140025",1454216,e20d830a08b0902540e16f9bf9c73bec9115493aa5dbe5923c55253f72675e54
Jordbunds_og_terraenforhold:Jordbundskort_2024,"498900,6140025,503900,6145025",961057,c4c40134c7a5122a8dd2b5c7a2a88d527367ca3895a18b821b084b28374ebe39
Jordbunds_og_terraenforhold:Jordbundskort_2024,"498900,6145025,503900,6150025",758590,d14db692a65af52d6bd47dd7a729154da170fda792be512971cc82e66877ffdb
Jordbunds_og_terraenforhold:Jordbundskort_2024,"498900,6150025,503900,6155025",1186821,0160f2fe80c413826ef2c86914db7cda381ede9df5f0081b068362066dd907fd
Jordbunds_og_terraenforhold:Jordbundskort_2024,"498900,6155025,503900,6160025",2170394,513f004d35103ef80916e1b29a43c8faad886253e0034700faf9755d47a9d28d
Jordbunds_og_terraenforhold:Jordbundskort_2024,"498900,6160025,503900,6162575",1165654,2ff58c502652bb945edfc0ca4ebce1e6f015b9a76a2def90f179bd3b5eed40b3
Jordbunds_og_terraenforhold:Jordbundskort_2024,"499050,6219825,504050,6224825",1694704,1957864f07da5ebe1193f43ec05a9530578137bef6e56e8e7c310757ab40cf01
Jordbunds_og_terraenforhold:Jordbundskort_2024,"499050,6224825,504050,6229825",1847776,6580a145b10a2579d629bdbee2ebbe8bd7118eb0edd09126c87418e75cbf2ee0
Jordbunds_og_terraenforhold:Jordbundskort_2024,"499050,6229825,504050,6234825",1917297,4a6bc6878d65d4e02074750e93d6b5c3d1a18e1e275b198282579a4b44749ebe
Jordbunds_og_terraenforhold:Jordbundskort_2024,"499050,6234825,501550,6237325",664588,83d92dfcdee6c276ebf4751ba6d643457d53f2d88ec481ecb7b5fa4e7da154a0
Jordbunds_og_terraenforhold:Jordbundskort_2024,"499050,6234825,504050,6239825",3036539,b85279a2008b5c07569724563c6f7b2066ef32ce00a2d6e67dbbeea82cdcbbfa
Jordbunds_og_terraenforhold:Jordbundskort_2024,"499050,6237325,501550,6239825",956974,d1bb3cb71a323dc55486a041379042ab71878ca4eddbc1f39583220399fe72b3
Jordbunds_og_terraenforhold:Jordbundskort_2024,"499050,6239825,501550,6242325",983814,d64dcfffd5ccd9e9e00331b956288e2aae2e5bba0cadce356d0fb79e88e36a3f
Jordbunds_og_terraenforhold:Jordbundskort_2024,"499050,6239825,504050,6244825",2852543,db740a87358ef50ac488a2436476b4881d5b030dd94dea531d777ea1e11c6f21
Jordbunds_og_terraenforhold:Jordbundskort_2024,"499050,6242325,501550,6244825",1126985,5ea1c2d236d4c1265f394cf5b592ffbf60d44a613dc6309bbf380d3d87341c9c
Jordbunds_og_terraenforhold:Jordbundskort_2024,"499050,6244825,504050,6249825",1240936,59a122db0af89c5efd889988910eae0eab045f9e502b019d9ceeaa5c87084e55
Jordbunds_og_terraenforhold:Jordbundskort_2024,"499050,6249825,504050,6254825",1016433,84a3a24d22d11bea5f7d0804a1231567694ad09d49966b6abfdeae12aa1b1981
Jordbunds_og_terraenforhold:Jordbundskort_2024,"499050,6254825,504050,6259825",1342065,1c08ae0359349af7b02b91e309b5afab251b856e74cbefb857b5c74e1dff7b2a
Jordbunds_og_terraenforhold:Jordbundskort_2024,"499050,6259825,504050,6263750",1280784,6dd8546015e356b9dd514cfdc97a82494f258033601ce064fff6b793719e0d11
Jordbunds_og_terraenforhold:Jordbundskort_2024,"499075,6219825,504075,6224825",1688680,bb8349fe770a65b3a82733025f757441e6437cab05da3258a98723c590a8eb87
Jordbunds_og_terraenforhold:Jordbundskort_2024,"499075,6224825,504075,6229825",1836464,b151b56d210c109dbfb1deed52372620e811f2bbb792eb54fb7088bb0f14c266
Jordbunds_og_terraenforhold:Jordbundskort_2024,"499075,6229825,504075,6234825",1923884,6ded4933ea35c0b626bf6af2eae2daf9654addadd15aff45845bcc9ad05eb564
Jordbunds_og_terraenforhold:Jordbundskort_2024,"499075,6234825,501575,6237325",666740,2ecdd0480ed20842931b6a5a1e81db34b2087c27468dbf14d4135deb9fe991ad
Jordbunds_og_terraenforhold:Jordbundskort_2024,"499075,6234825,504075,6239825",3035342,6dce08d7fa0ab49d2fc75bf8fc1f83804c21d9867c0626efaa739a0e30581703
Jordbunds_og_terraenforhold:Jordbundskort_2024,"499075,6237325,501575,6239825",959756,9c875d30e7c999fd8bff7e5be52b84db7c8bdb57eb381401b6c4894391c515c1
Jordbunds_og_terraenforhold:Jordbundskort_2024,"499075,6239825,501575,6242325",995140,65a648f091d9f15e3b07ed43e5760190bdf0c80de23e1fe7a3eb4c3bc21f4473
Jordbunds_og_terraenforhold:Jordbundskort_2024,"499075,6239825,504075,6244825",2855688,23bb7b5123a6fdc7a31b2947a44f2720846bd780c109616b49ce29a0bbcc3627
Jordbunds_og_terraenforhold:Jordbundskort_2024,"499075,6242325,501575,6244825",1119115,da883c533666e2140ccf08bb29bdc0ffa4851ecc3f2d57bfe83c88fe117a6d17
Jordbunds_og_terraenforhold:Jordbundskort_2024,"499075,6244825,504075,6249825",1243465,2ce8035296383a5eb065089c57e2e051edddf6beaa3d7faf0eabe341dc5a53c9
Jordbunds_og_terraenforhold:Jordbundskort_2024,"499075,6249825,504075,6253375",852526,94e9c8ea544bddfea413a5af017954df1767888f710ca8817aed16e8777ab6d5
Jordbunds_og_terraenforhold:Jordbundskort_2024,"499775,6219825,504775,6224825",1734175,f7d60a1a3bfe5d20c4b58f30a9558f3049270de4dac0e852bcddffb459bdfb93
Jordbunds_og_terraenforhold:Jordbundskort_2024,"499775,6224825,504775,6229825",1896465,7dba6158191c34917b13ec53e170a693366c678cd82f676465aa487d874f1c46
Jordbunds_og_terraenforhold:Jordbundskort_2024,"499775,6229825,504775,6234825",2245078,62dc0947f804c6639588165e4a84775f4822134b3a3285c90573195fd7f5299e
Jordbunds_og_terraenforhold:Jordbundskort_2024,"499775,6234825,502275,6237325",842449,8923f41b8f42e612db778e72471fe07ca69fd50d5eb98f52d7a728555b28a711
Jordbunds_og_terraenforhold:Jordbundskort_2024,"499775,6234825,504775,6239825",2961596,ea92ac52838280b92ba61a02d2261abf6a610bc01f5cc5c9b90600d73d353962
Jordbunds_og_terraenforhold:Jordbundskort_2024,"499775,6237325,502275,6239825",1170077,1edbf266f3b6e4c24d4265d62309f342259b6417d3b3879a4868cbfa7ae132f7
Jordbunds_og_terraenforhold:Jordbundskort_2024,"499775,6239825,502275,6242325",1011542,1b8b33bd760f4d07f653bf381ba985b94f8f151224c847a727687cecbc018e21
Jordbunds_og_terraenforhold:Jordbundskort_2024,"499775,6239825,504775,6244825",2863350,e5494260c34fe610b565a0af71126e4cf271684c3070d80669cf65022b1988f8
Jordbunds_og_terraenforhold:Jordbundskort_2024,"499775,6242325,502275,6244825",1046195,cccb9cd7057594d9967ccddab675afc8910923094d8a4573b23cecbfa503fb82
Jordbunds_og_terraenforhold:Jordbundskort_2024,"499775,6244825,504775,6249825",1232548,53fd8fca916ec52d6ea61b6e3f9ec1cc6d31e98544e3195fece01c4aa699f376
Jordbunds_og_terraenforhold:Jordbundskort_2024,"499775,6249825,504775,6254825",1017063,8ce7761706071419625b4b8bf88d81d2c730b384dd1bed8e14acd09a47cdfc3a
Jordbunds_og_terraenforhold:Jordbundskort_2024,"499775,6254825,504775,6259825",1031795,15f102ace487fdd3bb924ffccd26cccbd9266b9043eaf98510924ce0f727b90f
Jordbunds_og_terraenforhold:Jordbundskort_2024,"499775,6259825,504775,6264825",1588585,3a28bb97342461525b15d85a9284918e44c20e646f49c5888f8f421bc4f600f5
Jordbunds_og_terraenforhold:Jordbundskort_2024,"499775,6264825,504775,6269825",1635043,f51f24acc32e6170d4bd8dc006b7c01d06cee34549fe456f7dc13117d5c2b56a
Jordbunds_og_terraenforhold:Jordbundskort_2024,"499775,6269825,504775,6274825",1268458,1f08e686013167fe3f51abd19393de9f11b5496355e6e8fbf21ea4288da2db75
Jordbunds_og_terraenforhold:Jordbundskort_2024,"499775,6274825,504775,6275225",237388,28cef010aa1277c7d427fcab7465aae33b50d9e7b78d5e08ffb4f47300eed7d0
Jordbunds_og_terraenforhold:Jordbundskort_2024,"500600,6274850,501975,6279850",809272,ff2825fbe47881d03e856598ea1ae7815e66e918f2e72aef885c88c73b69dc5d
Jordbunds_og_terraenforhold:Jordbundskort_2024,"500600,6279850,501975,6284250",860965,1dad2d3d0a3b608f33a352bb23bd4a121b38a61e63ba4067f5d389b7fe8bd2a9
Jordbunds_og_terraenforhold:Jordbundskort_2024,"500925,6135025,505925,6140025",1867589,e3febcca97c2b9f0062be4f584c45f00483f46a65a60efba948d4e849db61a45
Jordbunds_og_terraenforhold:Jordbundskort_2024,"500925,6140025,505925,6145025",978956,29442450ec32a353a6946d3984e5fc5d1b118c151f93083fd68614579b5e1cd2
Jordbunds_og_terraenforhold:Jordbundskort_2024,"500925,6145025,505925,6150025",805975,bafa589005a701b99de0a7d5bd2587747cf090e4ab465ef1283c8f312a82238a
Jordbunds_og_terraenforhold:Jordbundskort_2024,"500925,6150025,505925,6155025",1653765,bd42b560e793fa10a4ea41f23fe80752eba4046a7b1a061ca4723ed34872c4ff
Jordbunds_og_terraenforhold:Jordbundskort_2024,"500925,6155025,505925,6160025",1992096,0c9090edf16f4273dcd9e87363683fdb2ca1dc4e20426b8f59fd8ca1a02fe8d6
Jordbunds_og_terraenforhold:Jordbundskort_2024,"500925,6160025,505925,6162575",1109787,5bbee9216382c09548f2b5c64921eca4bfdbdcdda24ea482a60f98f9e07fd320
Jordbunds_og_terraenforhold:Jordbundskort_2024,"501550,6234825,504050,6237325",1133315,3f508073635720a6f56608d914fb22b540f6da017d01b0d99e3e8d482b632cde
Jordbunds_og_terraenforhold:Jordbundskort_2024,"501550,6237325,504050,6239825",789039,0b1ab887f194aa8cf9ff31109ddc8833005fa449a5ed805768364b10b61ff035
Jordbunds_og_terraenforhold:Jordbundskort_2024,"501550,6239825,504050,6242325",1013212,2918d3647927141280ae2049fee0159fe808fc1e313698eae2df15c6e6cee833
Jordbunds_og_terraenforhold:Jordbundskort_2024,"501550,6242325,504050,6244825",577829,a59b1c7376844e2e8fb6d7c81cadb3d020cf97ca73686f1d994fb8b49a2b0229
Jordbunds_og_terraenforhold:Jordbundskort_2024,"501575,6234825,504075,6237325",1133689,171fe851abb7e7220f9b3b799beecd9d2df30d816ff75bf07b4fd2541835eaca
Jordbunds_og_terraenforhold:Jordbundskort_2024,"501575,6237325,504075,6239825",761727,4ce4276d7f1966b54bbf8890bb702fc11f9cb9e99ec3f77d0d5f8578d49786d7
Jordbunds_og_terraenforhold:Jordbundskort_2024,"501575,6239825,504075,6242325",1004972,e70241e6421915419dce511eb5243e240a3de897655d068963147f4d66f4166f
Jordbunds_og_terraenforhold:Jordbundskort_2024,"501575,6242325,504075,6244825",578870,2549fe18db6f2b5ebf5afa03363b66f6759d02dc924a88894236bea8126260b3
Jordbunds_og_terraenforhold:Jordbundskort_2024,"502275,6234825,504775,6237325",1097967,4fd1a247a9b80737ce5fc6e80db596d7cf2196fa592cfb83d6eb8af10465f367
Jordbunds_og_terraenforhold:Jordbundskort_2024,"502275,6237325,504775,6239825",545316,771571dcd9d11f8dfd833da9d5d952e7f70d48f2c93bd1a381d749d0b139d8df
Jordbunds_og_terraenforhold:Jordbundskort_2024,"502275,6239825,504775,6242325",851807,c78bd17889c2632a19a448f4e7dbc93742d5dd51596ac122276296a53f123a45
Jordbunds_og_terraenforhold:Jordbundskort_2024,"502275,6242325,504775,6244825",587903,8e050a68f7dcaff168189f20c2ac1d4f456e70bb81e38525105cd4ed89509499
Jordbunds_og_terraenforhold:Jordbundskort_2024,"502725,6162950,507725,6167950",1235254,4f42cb7803b38482f010d6cde8bca6ed2c4a0a7598114d5b16970c3bf4a00f81
Jordbunds_og_terraenforhold:Jordbundskort_2024,"502725,6167950,507725,6172950",1929923,89ffa04b9c14d7c9464e3ca8c160871d45b5ca120b5cc7f9061adea45e94445c
Jordbunds_og_terraenforhold:Jordbundskort_2024,"502725,6172950,507725,6177950",1032701,c31dfb235d03bb0068c9d348c74495dc74ccee9d4e2a1c4a25640b0175ab9955
Jordbunds_og_terraenforhold:Jordbundskort_2024,"502725,6177950,507725,6180675",1025977,e5decb34d9e60aafa55969b18316d95f9d8bcb1b3782d0df9c40b921da5fd506
Jordbunds_og_terraenforhold:Jordbundskort_2024,"503225,6256450,508225,6261450",644456,22a9928a4d79c171d46efac9150323168d6b7dcec2b1fad6802b9fae21c4dd6b
Jordbunds_og_terraenforhold:Jordbundskort_2024,"503225,6261450,508225,6261525",145007,7c0fab155056ce339cd73267de08eb4aaf634e8c10f2be5ff134931644bb4dbf
Jordbunds_og_terraenforhold:Jordbundskort_2024,"503900,6135025,506400,6137525",815485,b68944d4da996d4cee960d3249199b2c89307757dce90db4e08eb5e1065989ad
Jordbunds_og_terraenforhold:Jordbundskort_2024,"503900,6135025,508900,6140025",2714050,5cbcce12483718d7ddac72f93c89bf825eae21de455b524a21936fc917059e9f
Jordbunds_og_terraenforhold:Jordbundskort_2024,"503900,6137525,506400,6140025",515429,49e2029be6f7c341e077120b8822a524d0e2859e27d8a22d6e0af42bbc7539bf
Jordbunds_og_terraenforhold:Jordbundskort_2024,"503900,6140025,508900,6145025",1126119,3a88a59ad200d52a56602498ad983f5ada5f6cf84bb6960d9bb9182e0d854461
Jordbunds_og_terraenforhold:Jordbundskort_2024,"503900,6145025,508900,6150025",1051349,2763c556cd2deb1bdebb71cc73d0f4acdb8c559d65a8538b5e1e0dd74ec183f1
Jordbunds_og_terraenforhold:Jordbundskort_2024,"503900,6150025,508900,6155025",1664297,da7480d2d90fe72751cec46bd9ebca57c1597dc1f229cee23746b9c6f654eb93
Jordbunds_og_terraenforhold:Jordbundskort_2024,"503900,6155025,508900,6160025",1990755,e09d1cdb665215e8105c2e3c201a420fd124e1425fa693094234f842198063df
Jordbunds_og_terraenforhold:Jordbundskort_2024,"503900,6160025,508900,6162575",874967,cb74a33da2d333454dbe662913737fb5a524968b4d2baa792702389c5aea2fd3
Jordbunds_og_terraenforhold:Jordbundskort_2024,"504050,6219825,509050,6224825",1196769,fb968b6eb7d5fc77a85434a06d34bebeb3ac1b0a8bc99fd98bf573e4b7755a44
Jordbunds_og_terraenforhold:Jordbundskort_2024,"504050,6224825,509050,6229825",2217192,2ba97a81a98abc75952242db091b5d71e1a28b5122b0778b4d939ab18b927947
Jordbunds_og_terraenforhold:Jordbundskort_2024,"504050,6229825,509050,6234825",2763122,e1681b1bc000bcac196a12f096f434046cdbf17063504a1c2a1cab094b8e3459
Jordbunds_og_terraenforhold:Jordbundskort_2024,"504050,6234825,509050,6239825",1778491,d02a7ec2645ed781cc7cc563ee1a4387d81e51a8dcf97c8b2df563fa3beae47f
Jordbunds_og_terraenforhold:Jordbundskort_2024,"504050,6239825,509050,6244825",2555338,6f11ee2e47ed16b7f94c9ddab361bb7614c9368f768476730451899ec1a2035b
Jordbunds_og_terraenforhold:Jordbundskort_2024,"504050,6244825,509050,6249825",1085710,c3455a674ad7a059b4c0c47ae7047dff8516768b99c5155c419218e83ca89e2d
Jordbunds_og_terraenforhold:Jordbundskort_2024,"504050,6249825,509050,6254825",913020,004e1a7dff35bf500bdb194895218e8b24f2b43873ff335ee372887839f91214
Jordbunds_og_terraenforhold:Jordbundskort_2024,"504050,6254825,509050,6259825",752271,c7bec5d1d354cc3a9c69da5010e74c6b89c9dc84003164ff7368d0635d10a191
Jordbunds_og_terraenforhold:Jordbundskort_2024,"504050,6259825,509050,6263750",662334,4c17eaa19ce79765ff7221aa552bfad3705d40df185f1a1e8035b9554be0a549
Jordbunds_og_terraenforhold:Jordbundskort_2024,"504075,6219825,509075,6224825",1190986,e9000d619d13ba00ef512cad0bf7a23b0e44ba797bb67168d03d4f0be8eaf9db
Jordbunds_og_terraenforhold:Jordbundskort_2024,"504075,6224825,509075,6229825",2159658,7887259c43bf9c6a4b113a1ebe662adba28d91fb32258f52f78e0a061737cb04
Jordbunds_og_terraenforhold:Jordbundskort_2024,"504075,6229825,509075,6234825",2747998,7eb2f1871a210dbe596afce412e328224f0d79026465410965fe85f90d75386f
Jordbunds_og_terraenforhold:Jordbundskort_2024,"504075,6234825,509075,6239825",1798356,86020138b1d987e11b911ff1a17cfb37ef307b74e85cf90549e5bf6b8f9eb475
Jordbunds_og_terraenforhold:Jordbundskort_2024,"504075,6239825,509075,6244825",2552653,7b06d33a07ef14e51aa10573e4e29755f82bd24c254b63ad679586a06476599b
Jordbunds_og_terraenforhold:Jordbundskort_2024,"504075,6244825,509075,6249825",1083533,501f0906ecbed73df37d65aef78d60a9851ef1bc4b40c4a33bcb8130cbb64b30
Jordbunds_og_terraenforhold:Jordbundskort_2024,"504075,6249825,509075,6253375",627953,22997c23e703808cd8b358da5526955772f2ba2fd72651e12c9c0a572d476cb7
Jordbunds_og_terraenforhold:Jordbundskort_2024,"504775,6219825,509775,6224825",1102714,fe243fb9d327b16ec54892ab8ebffb6cca9983b595691efba48bca0764d56e51
Jordbunds_og_terraenforhold:Jordbundskort_2024,"504775,6224825,509775,6229825",2166323,f4f3a4128513c83d9b47e2b9634cb117449779ed3accf93366c2666f9a6347eb
Jordbunds_og_terraenforhold:Jordbundskort_2024,"504775,6229825,509775,6234825",2589228,5a648e7d3782ed46c638f95d0c5213763926cb3de7e8ec335907b43e8345e8c6
Jordbunds_og_terraenforhold:Jordbundskort_2024,"504775,6234825,509775,6239825",1624598,ee2d3c945c6691b82600bfe8970bfc47b86ee70fa0f66b5043f9eb72148b1682
Jordbunds_og_terraenforhold:Jordbundskort_2024,"504775,6239825,509775,6244825",2440255,63a0a5cc498fe88e55badaeedc841aa1f2512400ac747c3e22cd8bbf404d0f1d
Jordbunds_og_terraenforhold:Jordbundskort_2024,"504775,6244825,509775,6249825",970222,b74e0f2b570b857b8b8a93a8d1bfd1e233b3ac7b1b4221b2418931c289978711
Jordbunds_og_terraenforhold:Jordbundskort_2024,"504775,6249825,509775,6254825",1021169,053c08c861017c458d7e7f4c42c0cc25b628e7f8dd459b5cf0bec162f75ce59b
Jordbunds_og_terraenforhold:Jordbundskort_2024,"504775,6254825,509775,6259825",893678,9359aaa2bc31211e0fdcbac2ebe034987f5f47336758a27ec54423e7d5c9b60f
Jordbunds_og_terraenforhold:Jordbundskort_2024,"504775,6259825,509775,6264825",930246,2b884ebf461af7174c2923aff3a09d9b5ed6b3a9c024a36a9319d24fab506086
Jordbunds_og_terraenforhold:Jordbundskort_2024,"504775,6264825,509775,6269825",1730251,3e35e8a56c8732f66c3d9b2221bf976f8ea15e116aebc9ef9e54ccdd86f6768f
Jordbunds_og_terraenforhold:Jordbundskort_2024,"504775,6269825,509775,6274825",1158160,ef399652c8cc20c0fb69bdf2e6ac2f27759bad2c0f4de97285331d4d23a07082
Jordbunds_og_terraenforhold:Jordbundskort_2024,"504775,6274825,509775,6275225",181003,dd78c72a1fa09bb2331a25f5ab9873f1bf9dd00aea6dbaca361bdd4295f5ad0a
Jordbunds_og_terraenforhold:Jordbundskort_2024,"505925,6135025,508425,6137525",1291831,b3da420f8a6501db82688c69cde424c8c12b138f85d53cc3672976e6213814be
Jordbunds_og_terraenforhold:Jordbundskort_2024,"505925,6135025,510925,6140025",2564084,eb97a54f91fce92de7aa637fb69bff9a472857311699fa3fcd8a7421c46fabb4
Jordbunds_og_terraenforhold:Jordbundskort_2024,"505925,6137525,508425,6140025",614411,37b4785099e83c3e6df74542c8ba072b66b78300f3ea002ebd3cb9cd45fbf048
Jordbunds_og_terraenforhold:Jordbundskort_2024,"505925,6140025,510925,6145025",1279090,b394fd53d6769649d43243e5d44112d599ebbf53f849a26207a327e46b2f8d69
Jordbunds_og_terraenforhold:Jordbundskort_2024,"505925,6145025,510925,6150025",1039960,981884cd0a41b40d326432d9c5fd0c9e10bbfef8db099c1f910e83ce4a7d9fe3
Jordbunds_og_terraenforhold:Jordbundskort_2024,"505925,6150025,510925,6155025",1331676,796f2931d763c652a86e3ff7e28145f34ad930d3cfad5af3145e3d1341b762d3
Jordbunds_og_terraenforhold:Jordbundskort_2024,"505925,6155025,510925,6160025",1948320,550a7a5565bd37475655e10d804ab8f01f3441215dab1cb9ade9c6a5215d01fa
Jordbunds_og_terraenforhold:Jordbundskort_2024,"505925,6160025,510925,6162575",743622,70648c4be80afa052f20e5fb0cb6563f3f43ed15189ab0407282210e7dbebfc7
Jordbunds_og_terraenforhold:Jordbundskort_2024,"506400,6135025,508900,6137525",1419379,ec8af7c01177262e6df89cd8fd5e5702cace43ae7e47b09fd1f781ba01dee75a
Jordbunds_og_terraenforhold:Jordbundskort_2024,"506400,6137525,508900,6140025",644470,9d94e559b74c4f427acbb0f5677eea1b17eccdc0259b5768bf1d0bab3e75d72d
Jordbunds_og_terraenforhold:Jordbundskort_2024,"507725,6162950,512725,6167950",1274187,e4dbab947915b0c724dfab400a4ecae9cc7ca62c0037cd028d03117f4fa8c70f
Jordbunds_og_terraenforhold:Jordbundskort_2024,"507725,6167950,512725,6172950",1229296,1030509fc41a6656c9adb2379424d1819f5dc9eb3b1a3dd37cae835e1cddf256
Jordbunds_og_terraenforhold:Jordbundskort_2024,"507725,6172950,512725,6177950",1221404,075d5960311493de591f39902c2892e8e36beb89b19b98321014127e51da7c20
Jordbunds_og_terraenforhold:Jordbundskort_2024,"507725,6177950,512725,6180675",1123947,ef674038f9546f324abb7479076da1d4bbfdb9a0b8529a42f80a0d135d48e5c7
Jordbunds_og_terraenforhold:Jordbundskort_2024,"508225,6256450,508900,6261450",223536,440844003d142bcbe37298fd4c652d52d666773c721333d83d73d6bdd6b6d471
Jordbunds_og_terraenforhold:Jordbundskort_2024,"508225,6261450,508900,6261525",23891,5f83604f8931c48e067da6731975c4404b3cadd4c6c6f4391b554c4c9d4985e9
Jordbunds_og_terraenforhold:Jordbundskort_2024,"508425,6135025,510925,6137525",1440489,e12d871f2e6ecf81b6ad1168d30ae99adc15ebd7bc46cb8707ce4beadf964a89
Jordbunds_og_terraenforhold:Jordbundskort_2024,"508425,6137525,510925,6140025",499066,b7c7c35910f89ce8c47ae68c35d305ff66f030739b575f48e9a2460e25ce2de6
Jordbunds_og_terraenforhold:Jordbundskort_2024,"508900,6135025,513900,6140025",2747470,fe712daf6117667afb06187d89d831a4fc287b124a04843ce35566a388f355c9
Jordbunds_og_terraenforhold:Jordbundskort_2024,"508900,6140025,513900,6145025",1209729,7bb70793bd5b11bd6da116dd9de68f9326e6a91f7463169be37ed5149b4bd9b9
Jordbunds_og_terraenforhold:Jordbundskort_2024,"508900,6145025,513900,6150025",910761,5aa76ba9752d98bf76ac27d1c4a66902d7ff2ece14313d7a5e784681436c0700
Jordbunds_og_terraenforhold:Jordbundskort_2024,"508900,6150025,513900,6155025",1262387,0f32cb9a9bc5765bf287f96a0d0346ff19d724dd1934cb3c618ac1b30bcea028
Jordbunds_og_terraenforhold:Jordbundskort_2024,"508900,6155025,513900,6160025",1668457,ff8a7ac8a2d9245a7be11f1f6089264bc900cddc2f9ed02789885472ce783327
Jordbunds_og_terraenforhold:Jordbundskort_2024,"508900,6160025,513900,6162575",705819,fb071577b73429fda977fe9cf2831bd790709e067d1cf321fb987ff53411a3d1
Jordbunds_og_terraenforhold:Jordbundskort_2024,"509050,6219825,514050,6224825",1989143,1adbfe10bf17ac71d8b180213d5678d62b26847fb9b32bc7ee2250e7b6240702
Jordbunds_og_terraenforhold:Jordbundskort_2024,"509050,6224825,514050,6229825",2650696,a9a7ac6eea4cfda1393b34d46833a3147b272bd76b0d6a39632b348237676d9b
Jordbunds_og_terraenforhold:Jordbundskort_2024,"509050,6229825,514050,6234825",2844946,4a2253b2dba63eff1385c44b45ee6621298679d7239bbc3cf0c435f5eda95f78
Jordbunds_og_terraenforhold:Jordbundskort_2024,"509050,6234825,514050,6239825",1440127,e39a595833dfcc1da499dd165335c2fc7dbc0f6cd391502215fadb518af9bc78
Jordbunds_og_terraenforhold:Jordbundskort_2024,"509050,6239825,514050,6244825",895692,312c43cdf4bedcc4a0c263ec1b6d6417b05c1acf14db4a1f4e0cfdbb17064a0a
Jordbunds_og_terraenforhold:Jordbundskort_2024,"509050,6244825,514050,6249825",384883,bbfa9c476566d2406fe86f26e5299d2cba0d4845b512da05259692e2b003f7e3
Jordbunds_og_terraenforhold:Jordbundskort_2024,"509050,6249825,514050,6254825",1286598,bf6811f778f761b25ee9eaf1a7dbd45577626fd1c0aa9836cc130907d30b7d95
Jordbunds_og_terraenforhold:Jordbundskort_2024,"509050,6254825,514050,6259825",1041660,a988d731aa9498da3292638ce7b8001148d6729a833cce3d45eee569d2a8ec8d
Jordbunds_og_terraenforhold:Jordbundskort_2024,"509050,6259825,514050,6263750",951314,f1e92341f10356743f746d6d0376c5bc7a68e4c14bb7aec0bb665ce4a27087b1
Jordbunds_og_terraenforhold:Jordbundskort_2024,"509075,6219825,514075,6224825",1995635,af4c0c30a97d1492cc5d9982541b74bf2353120e64fddddb06221d71d76e5da5
Jordbunds_og_terraenforhold:Jordbundskort_2024,"509075,6224825,514075,6229825",2654789,ccdfde59036227b6c14d0b151a935c3165be735ee71593abec058c994c42e306
Jordbunds_og_terraenforhold:Jordbundskort_2024,"509075,6229825,514075,6234825",2843408,739c6dbef515f5a82e1767380d0a40627693c0c81aa88401f81a036bbdb925e2
Jordbunds_og_terraenforhold:Jordbundskort_2024,"509075,6234825,514075,6239825",1440397,a64b5a5df5814515019edcec8e6098b52bcd264c1093444cee032b739c85e953
Jordbunds_og_terraenforhold:Jordbundskort_2024,"509075,6239825,514075,6244825",841770,a1e58d2389120acabf992593cd111f9bc2c503c106154706185d8517816fd631
Jordbunds_og_terraenforhold:Jordbundskort_2024,"509075,6244825,514075,6249825",384612,8753cae3843f6e7eb4d1740c6537c87197ba69516fa38f1e8ea6e4900dc0a65f
Jordbunds_og_terraenforhold:Jordbundskort_2024,"509075,6249825,514075,6253375",853739,797640fe711eb817708439f3b3c79ebcb8507f89ecca541bc7881dd6e9976f7b
Jordbunds_og_terraenforhold:Jordbundskort_2024,"509775,6219825,514775,6224825",2092672,4f26ef3a2272bcd052637804dcffb8d0f77837fd69fb2b34dbdb376c8c8373ca
Jordbunds_og_terraenforhold:Jordbundskort_2024,"509775,6224825,514775,6229825",2819215,505ee7b3bceed54ca9a02c41c7ee68d7a91682c58cf6ef30542297f2e688a5ac
Jordbunds_og_terraenforhold:Jordbundskort_2024,"509775,6229825,514775,6234825",2903079,40939e3372e277e8f57f0421e6f4684e1851b0769a97fa34583e6a1716a663f4
Jordbunds_og_terraenforhold:Jordbundskort_2024,"509775,6234825,514775,6239825",1474693,36388a3456c48f759da8a23a6c3238fc2e83c1412650c45966430f02111281b4
Jordbunds_og_terraenforhold:Jordbundskort_2024,"509775,6239825,514775,6244825",591935,e73262321603cf3586f512259813173d098bfab5aff6bf8470d433db9e5dde2b
Jordbunds_og_terraenforhold:Jordbundskort_2024,"509775,6244825,514775,6249825",330002,2acc80643abad27c54465726ca5691549564acedd115d9e135f4264aeb9e6ce8
Jordbunds_og_terraenforhold:Jordbundskort_2024,"509775,6249825,514775,6254825",1252304,ebc1e7590c3562faeecb98ed81dfcd12ccc785b5586e57495e384b7124e7f475
Jordbunds_og_terraenforhold:Jordbundskort_2024,"509775,6254825,514775,6259825",956531,8364575bc76b682d95b7d380653862ddef3ed2a0d643b15cad7ee45c69695e99
Jordbunds_og_terraenforhold:Jordbundskort_2024,"509775,6259825,514775,6264825",1012559,fee2b5b7940f7d5bd4956e9157188598e2d2e32305faa7882003791d71f0ccde
Jordbunds_og_terraenforhold:Jordbundskort_2024,"509775,6264825,514775,6269825",976583,f1fd920753a3835df52e3f7aabb21d9614f290ba52c01da650455ffa40e7c242
Jordbunds_og_terraenforhold:Jordbundskort_2024,"509775,6269825,514775,6274825",1067425,5efd0be2f36700f90b00e2ec821a093d55f1d8c10e2db2c286cb27d1f9802f92
Jordbunds_og_terraenforhold:Jordbundskort_2024,"509775,6274825,514775,6275225",305186,ceeec4034bb2cdf2f4d50b46ffd1171c061dceafec4a6dc23c7bb2b2a0997602
Jordbunds_og_terraenforhold:Jordbundskort_2024,"510225,6256150,515225,6261150",999116,4ae29053f3d552a79e8d0e11430f3a0cc9f2aa6349f4d58efa35f63db37ebb48
Jordbunds_og_terraenforhold:Jordbundskort_2024,"510225,6261150,515225,6263225",410396,d566ac0379b0b217b9805fb268815731eab11e1d7ce825b4a282f9eae7eaf6e1
Jordbunds_og_terraenforhold:Jordbundskort_2024,"510600,6121975,515600,6126975",1483701,2c225c1eeac7e4586168481bdfdda6fdf15ae2c87cb3ea1394b1e8a74657b223
Jordbunds_og_terraenforhold:Jordbundskort_2024,"510600,6126975,515600,6131975",1355378,0db6011ef06bdd159b55fe018c3cad3af4a313d423762f573583f9f8a9b623e9
Jordbunds_og_terraenforhold:Jordbundskort_2024,"510600,6131975,515600,6136975",1553890,643058fd717c8a9dc616171cc02ba25d062862fc3f2e17a047c620831668470f
Jordbunds_og_terraenforhold:Jordbundskort_2024,"510600,6136975,515600,6141975",1901905,51f87c5afbd29da35582fed00bdce7494bb6316ae6653887d860c16a029a6915
Jordbunds_og_terraenforhold:Jordbundskort_2024,"510600,6141975,515600,6143600",429531,6742a64836e614646401474ddcf8e804d44b818dacb18606115f2a132f7e1346
Jordbunds_og_terraenforhold:Jordbundskort_2024,"510925,6135025,515925,6140025",2039820,f6bec3ce4279b320ef9bb62aa2b22e7fdfde6f7ce0c68a6c43fc5185ad8694dc
Jordbunds_og_terraenforhold:Jordbundskort_2024,"510925,6140025,515925,6145025",1205378,cca01139b85a7fc3ff9bc1f56cf81beef029b33bc08bbd63e7969f4a939c416e
Jordbunds_og_terraenforhold:Jordbundskort_2024,"510925,6145025,515925,6150025",1213396,7219c084f16c4d434b9d0d5a593ffecb8127d5b71da2ea3a2cc65675fcf5a5dd
Jordbunds_og_terraenforhold:Jordbundskort_2024,"510925,6150025,515925,6155025",1356875,8bd9ff19d018846d252973c87be56c35b74127728317067c6e7e82aac1935ae7
Jordbunds_og_terraenforhold:Jordbundskort_2024,"510925,6155025,515925,6160025",1664187,42fbfa84a42018c200f6cb5ce276d36011b23beebd2a3dc90cd0e38b8220aa21
Jordbunds_og_terraenforhold:Jordbundskort_2024,"510925,6160025,515925,6162575",844118,cae400586f7e03eb71132217c08125d363b40cf1983ebaef4ae9af5f3137c182
Jordbunds_og_terraenforhold:Jordbundskort_2024,"511925,6272025,513525,6273700",296443,a241a91cfb139f2b61c42a5dad0459380be064d99ce657b272363a4fe28f800f
Jordbunds_og_terraenforhold:Jordbundskort_2024,"511975,6298125,516975,6303125",1090519,87417d70fdd8f2d4b1d2a2052d6fedad306e98492750eb7c2b854e5eb1977d38
Jordbunds_og_terraenforhold:Jordbundskort_2024,"511975,6303125,516975,6308125",953776,eeea8d2a518df70fddd04017e78a5d62e55f09f5074c8498ba5b6c32c95ed176
Jordbunds_og_terraenforhold:Jordbundskort_2024,"511975,6308125,516975,6311100",291246,c29c7e5b6160d4602689c9af8b9a95c680d5e8e358714d73967321e49bd418ad
Jordbunds_og_terraenforhold:Jordbundskort_2024,"512725,6162950,516875,6167950",690630,65eb9d6d0934693a27a4881abd8f6dc1cb4a15e1efd57faf2bf284e6516c1cce
Jordbunds_og_terraenforhold:Jordbundskort_2024,"512725,6167950,516875,6172950",736913,6e5c47b4d022b0f47bfdfc53102f85f29832e50dc6f29486a073603ee7e73458
Jordbunds_og_terraenforhold:Jordbundskort_2024,"512725,6172950,516875,6177950",697838,cd17fae3009976848a6f00be91af93c4b2227ba291f88ab3b710b93695b2aa39
Jordbunds_og_terraenforhold:Jordbundskort_2024,"512725,6177950,516875,6180675",310013,7d389deea31b446d969c7587b8e50de3394384828301c5ac4f676f67e5e73a75
Jordbunds_og_terraenforhold:Jordbundskort_2024,"513625,6198250,518625,6203250",1394213,08839efcde4fb9f98379893944942d3b6f6909df3f8b9be184ed0a89d6b82ef7
Jordbunds_og_terraenforhold:Jordbundskort_2024,"513625,6203250,518625,6208250",1835819,4868843052dcfd567c2acb8b8a3f0e6732440c7ea3f5dc390d0e1deebd705d5c
Jordbunds_og_terraenforhold:Jordbundskort_2024,"513625,6208250,518625,6213250",1960690,f3e2e2a3836b80cd58979a0529bcbe958f1a368b5772c8739b3c969362792bf8
Jordbunds_og_terraenforhold:Jordbundskort_2024,"513625,6213250,518625,6214750",657981,a0d78c376818390ea7cb7ed636c1e08891eabc705d2608be56c7674df2da7f4a
Jordbunds_og_terraenforhold:Jordbundskort_2024,"513900,6135025,518900,6140025",2321689,bfb526c03716960bd5fabdd4ba06f2a4ba20b28cb1d1b5be5b57c64c899b0516
Jordbunds_og_terraenforhold:Jordbundskort_2024,"513900,6140025,518900,6145025",1481861,bcafdc87349294ea58c050cead2f64904710c5b6ea052b83396e7c210434652d
Jordbunds_og_terraenforhold:Jordbundskort_2024,"513900,6145025,518900,6150025",1563891,f8911cc8131437ea268d15fef9c4ac77452c0d05c25dd672673e61bf3da7a902
Jordbunds_og_terraenforhold:Jordbundskort_2024,"513900,6150025,518900,6155025",1508841,b5026ab06c1c67f29ef963694813a1ed036f0418d5cb23181d7fdb5450f1386c
Jordbunds_og_terraenforhold:Jordbundskort_2024,"513900,6155025,518900,6160025",1905391,658d2eebb10859d1579d603c2ee4a4371a58e27540c6774c2e2a04ffe4ae1044
Jordbunds_og_terraenforhold:Jordbundskort_2024,"513900,6160025,518900,6162575",1199546,b26b14a8e07913dead1ebaaff30c5536653da4bd9eaf9c9e13d6d07098d892bc
Jordbunds_og_terraenforhold:Jordbundskort_2024,"514050,6219825,519050,6224825",1615139,e80fb26a0c6ee51cc54d4d5a9ff4bc5d4d6b617385a0580e2540e62cfb1b1497
Jordbunds_og_terraenforhold:Jordbundskort_2024,"514050,6224825,519050,6229825",2421042,84d1b557333824fdb004a1229dfce7e0061168f1f5c83b75bde4dbea8648069a
Jordbunds_og_terraenforhold:Jordbundskort_2024,"514050,6229825,519050,6234825",2047877,de8396afe2d171f6330e4ea213272353898b6e8e1337f27ff937c90da0b683e1
Jordbunds_og_terraenforhold:Jordbundskort_2024,"514050,6234825,519050,6239825",856583,c4ccadba6f5d2445964cd83fa766be9f0fa1c059de9b44fcbc0cec8a56422fc2
Jordbunds_og_terraenforhold:Jordbundskort_2024,"514050,6239825,519050,6244825",604077,671473300eedded62d5b16ee8bd3d2c3d75e144ae7be0a2594ff4736c1e7570d
Jordbunds_og_terraenforhold:Jordbundskort_2024,"514050,6244825,519050,6249825",463679,9a70aa259ba0ab43c9a03c0145e6a9a22a2d3153d26dae107053ec35773743b8
Jordbunds_og_terraenforhold:Jordbundskort_2024,"514050,6249825,519050,6254825",960095,d3b850ef7493d9323b687a36844fc92438137d4ae464d9cfcb23fa203dd85c5d
Jordbunds_og_terraenforhold:Jordbundskort_2024,"514050,6254825,519050,6259825",1212231,2aff33884e946e32407d156dac057c82c943d00871280da9098b6755eb6529f6
Jordbunds_og_terraenforhold:Jordbundskort_2024,"514050,6259825,519050,6263750",725336,54c123a243047e800b8b5f4a10a54e8b1a991357909fe4cfd3eb2c0ae4167284
Jordbunds_og_terraenforhold:Jordbundskort_2024,"514075,6219825,519075,6224825",1602878,7aaab6b2632ddb6278756b58b0eba145f5cf92f41aa3ab5724e772a279258449
Jordbunds_og_terraenforhold:Jordbundskort_2024,"514075,6224825,519075,6229825",2417190,3d29c648a5a91c84ebfe285d09ef2c74e76cc1f0ce2cf6ceac715f3131209b92
Jordbunds_og_terraenforhold:Jordbundskort_2024,"514075,6229825,519075,6234825",2046898,bfe6d74cbc0e4fb40e5f7e9eaf5cd6137d340b89ca903db1d89752dd765e328c
Jordbunds_og_terraenforhold:Jordbundskort_2024,"514075,6234825,519075,6239825",859342,03631a899b61006a8b6eb56374561027c6e9a2fe4efb0c95c8e7b8fef3b90800
Jordbunds_og_terraenforhold:Jordbundskort_2024,"514075,6239825,519075,6244825",607107,cb6848c5bc831fefd48ed77f5eaf830fe728eaf85bd2447aa45c28b4127467b0
Jordbunds_og_terraenforhold:Jordbundskort_2024,"514075,6244825,519075,6249825",470172,4929ee44714af62041bb5bcd4c6d3f8e68aad497d66f34513e903e49bc5ab46c
Jordbunds_og_terraenforhold:Jordbundskort_2024,"514075,6249825,519075,6253375",530722,4b4825e08b657ce4fce9f54ba12f31e80da50a57156165ebfc45bc655953d448
Jordbunds_og_terraenforhold:Jordbundskort_2024,"514375,6192000,519375,6197000",1069262,37b0d500f54c4218d8040232b9cbe4586cd34df040293e7485cde0581acfa272
Jordbunds_og_terraenforhold:Jordbundskort_2024,"514375,6197000,519375,6202000",1465318,67ca0acda4bb8cd4ce86a6a099c61f3748e46898b5c542524f37cff3274f40c5
Jordbunds_og_terraenforhold:Jordbundskort_2024,"514375,6202000,519375,6202075",186607,c52ac21b6d594c2eddec49b9dda1bae6859802973780b60e9ee86685bf1d97ea
Jordbunds_og_terraenforhold:Jordbundskort_2024,"514775,6219825,519775,6224825",1479989,9b1d94bfb6a7e0b3578810bbd0b25be142078b8e17472092c423f96debc2d5c0
Jordbunds_og_terraenforhold:Jordbundskort_2024,"514775,6224825,519775,6229825",2355811,935127a8f95b177eb07db2dd34acdbfcc3ee8f826d0596e6292672c5bfc75d40
Jordbunds_og_terraenforhold:Jordbundskort_2024,"514775,6229825,519775,6234825",1746130,818ddb11d63331edcbefaeb08896b8f5a07fa52cf336cacd1ef8ec6568a69ee7
Jordbunds_og_terraenforhold:Jordbundskort_2024,"514775,6234825,519775,6239825",807279,1ff446c168525e6bfe05f86ee997054c40b241d84e02a51d79621140dd906c09
Jordbunds_og_terraenforhold:Jordbundskort_2024,"514775,6239825,519775,6244825",826236,b8dbf21db839d26564232080b4f05382a139296b27790aa9884a9396a6be3eed
Jordbunds_og_terraenforhold:Jordbundskort_2024,"514775,6244825,519775,6249825",707357,1314ea4eaa368872a528a9b9a32f320ab8b81301c320226a9809d3434a35c8a7
Jordbunds_og_terraenforhold:Jordbundskort_2024,"514775,6249825,519775,6254825",922428,ccbbf6fe705b4a438d2cf466ee33c14301e90d64073a6bbe60a437fc096a3d89
Jordbunds_og_terraenforhold:Jordbundskort_2024,"514775,6254825,519775,6259825",1351117,f67a00b9af75b89ec101a1422c506235e0c2227af7ad33023f06194226c3f1de
Jordbunds_og_terraenforhold:Jordbundskort_2024,"514775,6259825,519775,6264825",929852,f755cd89462269692539d1869600a8ea1a0f7633d77adcaff92528958966a0a9
Jordbunds_og_terraenforhold:Jordbundskort_2024,"514775,6264825,519775,6269825",980707,0b64f63e363fcf3f7192c9cd6dea7d5a58cd0aaf2ea461658bb85569c4c88fd0
Jordbunds_og_terraenforhold:Jordbundskort_2024,"514775,6269825,519775,6274825",1150002,8c13d58e4620635dcfb7b1333268c2fd2eb96a48cf28ffd70041ae6e731467e1
Jordbunds_og_terraenforhold:Jordbundskort_2024,"514775,6274825,519775,6275225",197775,5f22334addbb5d4c3f59b3f08e71ff09952dc3585b8adafa68537297fe030a3f
Jordbunds_og_terraenforhold:Jordbundskort_2024,"515225,6256150,515400,6261150",70696,8545ab79f252ec3790681c47a70da9a4d25dea9a8057d7f58c98f71c1f4d3542
Jordbunds_og_terraenforhold:Jordbundskort_2024,"515225,6261150,515400,6263225",64835,f2fbe5406b65339fde340e4792a1aef961ccec0929f39b462cf60a9f0b14df41
Jordbunds_og_terraenforhold:Jordbundskort_2024,"515600,6121975,520600,6126975",1320960,1e34956a79b0271ae762a05f419e4779fa186ab258c4d97edc9d9507bab99d12
Jordbunds_og_terraenforhold:Jordbundskort_2024,"515600,6126975,520600,6131975",1619494,ae675c68e89642033572fc0fb0fd54f7fda685b9949d2ccb4fafd479ccb6f49d
Jordbunds_og_terraenforhold:Jordbundskort_2024,"515600,6131975,520600,6136975",2070607,cbb6cfe8fa868bd9f05078e65ce0bf6dedb35ae31c944e4270084357b9f0b30e
Jordbunds_og_terraenforhold:Jordbundskort_2024,"515600,6136975,520600,6141975",2472414,d00278f4eb1a2cb6d254f5c2797fe8fdf5e99acf78be839a19f1c28686279415
Jordbunds_og_terraenforhold:Jordbundskort_2024,"515600,6141975,520600,6143600",453976,2dfa1833c03b364a0dc982c65305b4bc8a61d7fa62d7aebfe45adaa9d1a25262
Jordbunds_og_terraenforhold:Jordbundskort_2024,"515925,6135025,520925,6140025",2517165,9fa904b9b2da9ec620b76a88ef2b0f8c5ae16445db9290845be48f970c99879b
Jordbunds_og_terraenforhold:Jordbundskort_2024,"515925,6140025,520925,6145025",1645229,8ea478d9f58e1066baf963bc0a6c37c1ee80102e1c93f98d06ca2088db39fed8
Jordbunds_og_terraenforhold:Jordbundskort_2024,"515925,6145025,520925,6150025",1522632,48f9c682ae68b91ed7bef80e82321ab4438aeba6390fb12c553b944ca02917e6
Jordbunds_og_terraenforhold:Jordbundskort_2024,"515925,6150025,520925,6155025",1412971,b68f2128cd9eab65629b5cd0dd21d4ef38a6cf3f50af12a004ea6f6a35803351
Jordbunds_og_terraenforhold:Jordbundskort_2024,"515925,6155025,520925,6160025",1795294,740f5e87b7304c82155ad3a1997c7ade7f7a5d6d1ba9dd4c3a30d94f439344ab
Jordbunds_og_terraenforhold:Jordbundskort_2024,"515925,6160025,520925,6162575",1155183,84bac8e0de22ddfa237692ef01e4572f995e4997761af9f4f2696753b05f60ba
Jordbunds_og_terraenforhold:Jordbundskort_2024,"516975,6298125,521975,6303125",784494,e097c62baf5a43746ba59d9e0ffcc89192db546a4330e6fd3264355da6a127f5
Jordbunds_og_terraenforhold:Jordbundskort_2024,"516975,6303125,521975,6308125",749699,276bdf617d206aa47ec4ada01e2244e8bed6dcd54a628736b1038b7c74fd68b6
Jordbunds_og_terraenforhold:Jordbundskort_2024,"516975,6308125,521975,6311100",209257,6c4eb09d4fd68e6ce2dc2bee5d2e8e6c19dce45826d130fd858ebd24d970ce5f
Jordbunds_og_terraenforhold:Jordbundskort_2024,"518625,6198250,523625,6203250",777090,3211f9f6d854a3e3c96fe362f9ec7b22bd6c8102ce6fc9a8afed4bc7024a44c0
Jordbunds_og_terraenforhold:Jordbundskort_2024,"518625,6203250,523625,6208250",1797852,6106dd5f668a60eb094fdf3fb132b1b74a240a4087da3384d443c588afe45d99
Jordbunds_og_terraenforhold:Jordbundskort_2024,"518625,6208250,523625,6213250",1674858,400fe4c587993f66e9e8f00ee4d2fd25b3880d7181cd43f815fa7c52a8396022
Jordbunds_og_terraenforhold:Jordbundskort_2024,"518625,6213250,523625,6214750",777690,f407e6facc68bf73f669551fed543e9491b15c234ad2cafed108868cef4db129
Jordbunds_og_terraenforhold:Jordbundskort_2024,"518900,6135025,523900,6140025",2130966,780864ebbf04f8d0488ea9da3558c8a80cb5dde5dad612d3ef60e240cdb9985d
Jordbunds_og_terraenforhold:Jordbundskort_2024,"518900,6140025,523900,6145025",1746386,b5a10d64263fc520f995db83938b603b4c2e77d3ad9a7bf5f9d505998a574a9a
Jordbunds_og_terraenforhold:Jordbundskort_2024,"518900,6145025,523900,6150025",1940700,ebab5890a13f8d8e631fd4ee92e66c500b6eae03fbf9c891196e90ea5c81b2b7
Jordbunds_og_terraenforhold:Jordbundskort_2024,"518900,6150025,523900,6155025",1405478,f42761f0a52d21c334e155fe9807f3aa83c7454bae466cc03732fde9cee6c4aa
Jordbunds_og_terraenforhold:Jordbundskort_2024,"518900,6155025,523900,6160025",1590955,dc6872fb4d5b944e21d091dd5b22d90943bd22db064d702b77f9d6e4087eb8fc
Jordbunds_og_terraenforhold:Jordbundskort_2024,"518900,6160025,523900,6162575",1118146,83cd1d8547b549f26ab5394b4132b875606f68bbd339136382b57c8410859133
Jordbunds_og_terraenforhold:Jordbundskort_2024,"519050,6219825,524050,6224825",736369,abce7a4fe9df0050a73a61d68545b692dc0ba4223c7558e3651f89c7b13fb291
Jordbunds_og_terraenforhold:Jordbundskort_2024,"519050,6224825,524050,6229825",1471924,d87a88d76017813d4d3e4fd07c49734ddb0fde00872c289d5b0e5ced6fcab1da
Jordbunds_og_terraenforhold:Jordbundskort_2024,"519050,6229825,524050,6234825",1811772,702e62701acb1a5bef803f1ed3564f8b4c2f40e105fa077638390651810548fe
Jordbunds_og_terraenforhold:Jordbundskort_2024,"519050,6234825,524050,6239825",2239279,bce356f55e7e9e0937dc11ad16d50569915e6a1acb2336f2cb0544c6c5aa4c65
Jordbunds_og_terraenforhold:Jordbundskort_2024,"519050,6239825,524050,6244825",2079997,0b41542f819a432eb38a3ada6334ccdc6cc04679a7dc7a54cabc1a919f62f7e6
Jordbunds_og_terraenforhold:Jordbundskort_2024,"519050,6244825,524050,6249825",1922411,311f7240fea63cbc61c3205eaa7957cd58a3c73bab11f1cfdc0ccc98ff623998
Jordbunds_og_terraenforhold:Jordbundskort_2024,"519050,6249825,524050,6254825",866958,e59fc9f6223c574322eef31ff8e189f789af22dc3b01c52f478de7c3a4aa324a
Jordbunds_og_terraenforhold:Jordbundskort_2024,"519050,6254825,524050,6259825",1385069,a208214f7f48a76f780b5ab3f6cc542dc944a4d54b9932c0337f02cf5408124f
Jordbunds_og_terraenforhold:Jordbundskort_2024,"519050,6259825,524050,6263750",509045,d3354a87a63c9eac69dd5671bbbe3f63173a842d5d32851767ae870b9475d170
Jordbunds_og_terraenforhold:Jordbundskort_2024,"519075,6219825,524075,6224825",743382,481d02797e2654cfe2a88143cd9544a1130b22dc7075697a9573f286e1993dae
Jordbunds_og_terraenforhold:Jordbundskort_2024,"519075,6224825,524075,6229825",1449603,1aae367ac7cbb98527a60660d22801fd821036ccffb3b9e32199bd28a4eadcc9
Jordbunds_og_terraenforhold:Jordbundskort_2024,"519075,6229825,524075,6234825",1822332,c69b0ab08476efbd60d5b63f105bdd24247af9d2f454d18dc846075aa7d0512b
Jordbunds_og_terraenforhold:Jordbundskort_2024,"519075,6234825,524075,6239825",2269290,e35fd83d8e0deadfdb4c82973a8abca400e39b9784ee1717628fa4136fefe690
Jordbunds_og_terraenforhold:Jordbundskort_2024,"519075,6239825,524075,6244825",2083583,39e34609a2e569e9ab24fc8be1c0180a22c4001b2ecceec7e550509f092cf14d
Jordbunds_og_terraenforhold:Jordbundskort_2024,"519075,6244825,524075,6249825",1939855,d28b29748fb7093d42d1d2438c4d5bc7f57560eb37f2ebd16a2cd42427af18c8
Jordbunds_og_terraenforhold:Jordbundskort_2024,"519075,6249825,524075,6253375",597894,2ef9e1aad940f8d9e9fa71e9febc2c28dea282c4c6bcbe00d47aa81d228d3968
Jordbunds_og_terraenforhold:Jordbundskort_2024,"519375,6192000,524375,6197000",484048,b22f54fe8781a0fdcc4b54365454c22d607ebe7b230a73e099b39836cff1a4d1
Jordbunds_og_terraenforhold:Jordbundskort_2024,"519375,6197000,524375,6202000",648945,4c396d9d0fb297496fb7cb786046053ad14dc68ef035d99ed9e2c2fa331604a3
Jordbunds_og_terraenforhold:Jordbundskort_2024,"519375,6202000,524375,6202075",160412,93ba728970652c83783c907ef5e538ec519824a27d1ce6b3a2b99f5cd28f1053
Jordbunds_og_terraenforhold:Jordbundskort_2024,"519775,6219825,524775,6224825",822572,a0a9b904c2dd5ee34d76c4132d95023ec4fc3cf0bf761804f9f5e37b2e11a76b
Jordbunds_og_terraenforhold:Jordbundskort_2024,"519775,6224825,524775,6229825",1208812,de0af7004618f6ce53e9664f10304a65582aa70831a8d852be65bba2075b1cdb
Jordbunds_og_terraenforhold:Jordbundskort_2024,"519775,6229825,524775,6234825",2113436,8fab8c22e06ca3d5625f4cc4f632ffe9a3d530308dece88d79cf3bcf612651b1
Jordbunds_og_terraenforhold:Jordbundskort_2024,"519775,6234825,524775,6239825",2400782,f5f56766b2a103339185a5ec4d25986f77e39c5dd4947b3009847ae7a68ee007
Jordbunds_og_terraenforhold:Jordbundskort_2024,"519775,6239825,524775,6244825",2101972,20c9beb51adba5fbc1394c1d476f4deda44de76ad9060243364e7dccaccb1fed
Jordbunds_og_terraenforhold:Jordbundskort_2024,"519775,6244825,524775,6249825",1953429,13373f31320585616f6ed829655ecb6e7c7371a96b2bba5e7ef8b6a34ddb96c7
Jordbunds_og_terraenforhold:Jordbundskort_2024,"519775,6249825,524775,6254825",839919,233274b9f63d34d3e42f5db633ff17e5b060aee8ec9dac9ac97c56e45faa00b6
Jordbunds_og_terraenforhold:Jordbundskort_2024,"519775,6254825,524775,6259825",1253783,3a7291595889702427414e151f800667fedd1846a4d4796fcff12ad1c2878493
Jordbunds_og_terraenforhold:Jordbundskort_2024,"519775,6259825,524775,6264825",737538,a0e3d986f7cfca7792debba5ea27038cb37f4ad8d4d78199eab6c1e6f9f76353
Jordbunds_og_terraenforhold:Jordbundskort_2024,"519775,6264825,524775,6269825",2141604,ecdd3f5206ff2d8047c87a8a5e7b3ccc6ae5bc3a0e463fa5763a3aff26c27450
Jordbunds_og_terraenforhold:Jordbundskort_2024,"519775,6269825,524775,6274825",998082,489e9e5f3280f8e641c21c1edc7fbf0341fb7749e479533883c801513c5e02d2
Jordbunds_og_terraenforhold:Jordbundskort_2024,"519775,6274825,524775,6275225",148912,3484ddccf8365205dc35c88d66ae19afc8d714cfb54e7aee38ca5e2af17bdb94
Jordbunds_og_terraenforhold:Jordbundskort_2024,"520600,6121975,525600,6126975",2770428,992903095484616cf41d59d9696ee89c50665bec589abc3e4c4760014c79175d
Jordbunds_og_terraenforhold:Jordbundskort_2024,"520600,6126975,525600,6131975",3016707,c067482e9e4d97e7756ad595098134ba24e81b50b26288ccbaaf41d1c620ed39
Jordbunds_og_terraenforhold:Jordbundskort_2024,"520600,6131975,525600,6136975",2418021,a811060ef3b397e2980a00cf348f42a96fa91477fd9849f2938f373c26178c61
Jordbunds_og_terraenforhold:Jordbundskort_2024,"520600,6136975,525600,6141975",1991515,c68b91b2fdf8309e7279ad6cf37841c492d3ef87dd1384a8ff6216aef3a4f0ea
Jordbunds_og_terraenforhold:Jordbundskort_2024,"520600,6141975,525600,6143600",833706,268370a0d129af7fe085421be25eab24ce67bf3d2b7a84b2c6a476fe727abc07
Jordbunds_og_terraenforhold:Jordbundskort_2024,"520925,6135025,525925,6140025",2241880,61c75fde8a0918d80585a557dfd5d73e57ba6a099356f1515dbe4c0807297f5d
Jordbunds_og_terraenforhold:Jordbundskort_2024,"520925,6140025,525925,6145025",2092607,bf4c3e05ab9d9009142c412e8d05df9c657fa22e1ec74e280de56469a3c32c01
Jordbunds_og_terraenforhold:Jordbundskort_2024,"520925,6145025,525925,6150025",2265331,e086cc4e3789a561b9af5d998a5fc8bbbfb02126a087570a842203ab89bc8502
Jordbunds_og_terraenforhold:Jordbundskort_2024,"520925,6150025,525925,6155025",1564183,7ae6730541be4412296d503e511a96fa1f7b6cb6a853eec53703f83cae5aba0e
Jordbunds_og_terraenforhold:Jordbundskort_2024,"520925,6155025,525925,6160025",2087597,fab771578589a643672b766df124a64eae69aa6dca8881df4f35453c897088eb
Jordbunds_og_terraenforhold:Jordbundskort_2024,"520925,6160025,525925,6162575",1365747,a65ac0b1e67aa16bce40d0f1a3016f31b4ba320685b81cf569c8418ae551cbfc
Jordbunds_og_terraenforhold:Jordbundskort_2024,"521275,6173675,526275,6178675",2049383,f6571ea25d6ed2a5fceb62bcb995d2f7dfefedf66241119497f836d5936f9dfe
Jordbunds_og_terraenforhold:Jordbundskort_2024,"521275,6178675,523775,6181175",1067446,95cfc4b4a51e6c9f3bc9d021fe2c08cc883e678c8833c9038fa14fbc6d6658b6
Jordbunds_og_terraenforhold:Jordbundskort_2024,"521275,6178675,526275,6183675",2746222,0e28d05f405f5426017cdee67f084e946211ebeb67b200adc4acc125c6f68ca1
Jordbunds_og_terraenforhold:Jordbundskort_2024,"521275,6181175,523775,6183675",606455,476c1b7e8a26da787cfc6517511e20d0c3f641af29cbd7fcc95649798abedf2f
Jordbunds_og_terraenforhold:Jordbundskort_2024,"521275,6183675,526275,6184625",525406,66993cafdcb8db931106b0e9e4657920f9c83a30ae59fabab9d3aff8941ff824
Jordbunds_og_terraenforhold:Jordbundskort_2024,"521975,6181625,526975,6186625",1939131,24e96c806381e01e04f258724539f4e94fc78bcc18895b36d4bd0badfc3c7aed
Jordbunds_og_terraenforhold:Jordbundskort_2024,"521975,6181625,526975,6186625",1939131,25685cd56d8227ff1a5caf4ee2e6ddee5d0aff05dd2e2be4d4731e3fb77e252e
Jordbunds_og_terraenforhold:Jordbundskort_2024,"521975,6186625,526975,6191625",701867,77b56d1aedc41f267be198900acc388bfe21e1e302924fa0c0ea5f796eb9f0cf
Jordbunds_og_terraenforhold:Jordbundskort_2024,"521975,6186625,526975,6191625",701867,88c46a30c26239f1045f2e08c8d10777f0d60e361ed50532b57b9c493a3bb846
Jordbunds_og_terraenforhold:Jordbundskort_2024,"521975,6191625,526975,6196625",660109,36582179c77c3f4208ac79fdf18aa90ec0ac257c31971aab4d1c66dc4c76deed
Jordbunds_og_terraenforhold:Jordbundskort_2024,"521975,6191625,526975,6196625",660109,a8bf2c3f2f42b9c5e1f155504a4fd6caf11b6f59fcd1bd19082e827955d84d56
Jordbunds_og_terraenforhold:Jordbundskort_2024,"521975,6196625,526975,6198175",258353,101bf5f54e57fa01adc70e54cbb7d263112af67512100e0bb4b6f239f7041b3d
Jordbunds_og_terraenforhold:Jordbundskort_2024,"521975,6196625,526975,6201625",577175,93a5f1bf2a4a61352ac8340b0380974f8f917d6f457b0d3ac4953dbe39674adf
Jordbunds_og_terraenforhold:Jordbundskort_2024,"521975,6201625,526975,6206625",836378,008c59f8776064074a7e183823f99fef85d2acf4f7aa148b4b9ceb51f90ade66
Jordbunds_og_terraenforhold:Jordbundskort_2024,"521975,6206625,526975,6209175",352189,5d0fcdd0c082d3b194971a81315dccdf0b9a709edea60e3ae12b229d69476c87
Jordbunds_og_terraenforhold:Jordbundskort_2024,"521975,6298125,526975,6303125",734845,898a35668845824338c1bafa0f55701632967efce8dee9acf98c77b0952b2daf
Jordbunds_og_terraenforhold:Jordbundskort_2024,"521975,6303125,526975,6308125",866009,9da27628a3c50dd6f4f18bc236e7c6af515a21150303b2271609779b768cc1d0
Jordbunds_og_terraenforhold:Jordbundskort_2024,"521975,6308125,526975,6311100",538291,877163e688b8452e5cc6c72b4984fd8cda1bf4f8b4c9a199083b5dcf2b84ecf1
Jordbunds_og_terraenforhold:Jordbundskort_2024,"522975,6215225,527975,6220225",674550,3447de312887c7f59ac16b8eaa6c32c8c6a409035e65cdc89cb4bb51da8b5451
Jordbunds_og_terraenforhold:Jordbundskort_2024,"522975,6215225,527975,6220225",674550,b2806540990e32dfc9f510436d1ff8726ae9f9985f45348836775001daa90aa2
Jordbunds_og_terraenforhold:Jordbundskort_2024,"522975,6220225,527975,6225200",832295,4e8531a733025ae1fed754867f6bdb3bc7ead7721ca969c281e6f827cbd37601
Jordbunds_og_terraenforhold:Jordbundskort_2024,"522975,6220225,527975,6225200",832295,6a4fa5d1927fbbd27ee07eab0db2034ee6df4709e5fc07d5e690948f2963f604
Jordbunds_og_terraenforhold:Jordbundskort_2024,"523575,6200900,528575,6205900",754593,2b47ed3be66314c48e23d9b6f1ec3b74214cf2e99b15e7d79451546ed6392d61
Jordbunds_og_terraenforhold:Jordbundskort_2024,"523575,6205900,528575,6210900",599794,1e636f30d7eb61f132862b6b197e592361f153a05c9b3642c89ed7d4a1dc113c
Jordbunds_og_terraenforhold:Jordbundskort_2024,"523575,6210900,528575,6215900",991530,aa6fae89b9b1f751a280fb42253f362aafd6bb5e7974dae90715d7e1e0f839de
Jordbunds_og_terraenforhold:Jordbundskort_2024,"523575,6215900,528575,6217950",314180,0bfc276f8204ea072f154edc929529eb888b3eae4bcc2d82ad8bd96091259ca8
Jordbunds_og_terraenforhold:Jordbundskort_2024,"523625,6198250,528625,6203250",432573,f4f1202422cab2885d7d8aa43f89c905f058cfb3ed08fc7f29172eadf211cdb3
Jordbunds_og_terraenforhold:Jordbundskort_2024,"523625,6203250,528625,6208250",830181,c6d26097e764245d43b8dfb07275ab17eefc426c331925d91d89c39c0e0b2a04
Jordbunds_og_terraenforhold:Jordbundskort_2024,"523625,6208250,528625,6213250",664004,ec1afa915ed7a42769cc287f19a4895593b842e6a6677f1240157ec84f153202
Jordbunds_og_terraenforhold:Jordbundskort_2024,"523625,6213250,528625,6214750",487347,cfe87fc48e1a9ff25fa3d74f84156d39809af6920124ce6086e57739c418f72a
Jordbunds_og_terraenforhold:Jordbundskort_2024,"523775,6178675,526275,6181175",630938,a4c3090345ee5bf1b0f35e36e670cfc27866def8144f112d32b3fd633f52162d
Jordbunds_og_terraenforhold:Jordbundskort_2024,"523775,6181175,526275,6183675",724791,fbd3183d7f8df46f6125635859f10398cbe920e386515dcf83aea44d054e778c
Jordbunds_og_terraenforhold:Jordbundskort_2024,"523900,6135025,526675,6140025",1431773,855f857405d75b78f3fcc705c9bcf4f5330e62bd76373823555afd5d81e17849
Jordbunds_og_terraenforhold:Jordbundskort_2024,"523900,6140025,526675,6145025",1270014,05b7adcd46c7d0d69686ec3acd9d753ea624ba7c245abfc43eef0644b4562555
Jordbunds_og_terraenforhold:Jordbundskort_2024,"523900,6145025,526675,6150025",1083184,e1f0847149a323ba2a78e3ce075419d4dc89afb3d14bd944b115b3db75114e36
Jordbunds_og_terraenforhold:Jordbundskort_2024,"523900,6150025,526675,6155025",998625,ea4457e5e95cf233489b6d961acabcbe4f681b78956cffe6c01c929fdf462995
Jordbunds_og_terraenforhold:Jordbundskort_2024,"523900,6155025,526675,6160025",1456279,df9d2b9d4351fc38217f308530340b6d7e167b417ca4c075b47d63ffcfcba6c5
Jordbunds_og_terraenforhold:Jordbundskort_2024,"523900,6160025,526675,6162575",981509,9406c31fb79572efe0bc813422085747ab327b0dde5d013d14c5e8be3d92a6da
Jordbunds_og_terraenforhold:Jordbundskort_2024,"524025,6283250,529025,6288250",798589,3799960d8c7396f4caf455efda1612aaa153cb2e501b70c917b55272a77cba11
Jordbunds_og_terraenforhold:Jordbundskort_2024,"524025,6288250,529025,6293250",771710,2a47d5604c4b92b26a8a498498e26c85b0a9b0c4c859de6dbd0a2c8769ea34ea
Jordbunds_og_terraenforhold:Jordbundskort_2024,"524025,6293250,529025,6294375",284632,f0021bf8d9f529dfb6cbcbd0b0506d1b99b76fce1e7e3a2aef6e694b3fe2ca51
Jordbunds_og_terraenforhold:Jordbundskort_2024,"524050,6219825,528675,6224825",816943,a65eb3e9c6f13ab94c061bbb34a5ab0354b3a8dacf33a245def64eae70845071
Jordbunds_og_terraenforhold:Jordbundskort_2024,"524050,6224825,528675,6229825",1262573,04df582c6b065d3d6c9c1e61f27d6a8d80da09ffcc38ba908fdb607b8744a76e
Jordbunds_og_terraenforhold:Jordbundskort_2024,"524050,6229825,528675,6234825",2697478,8471e1fcc56a07dba2745f6ecbfbdf26106a1c674a2dcece91e30e7e4a327f6d
Jordbunds_og_terraenforhold:Jordbundskort_2024,"524050,6234825,528675,6239825",1215366,9bb08a400ff0080282a61b783bac04fb851262ae11b4f036ceae9f72b8ec5bfe
Jordbunds_og_terraenforhold:Jordbundskort_2024,"524050,6239825,528675,6244825",1694595,eb5466a9d1ee59f723f8b7832adfb168f9226349800ec8a527d779dce012c27b
Jordbunds_og_terraenforhold:Jordbundskort_2024,"524050,6244825,528675,6249825",1756664,55c80fa9d669465b3450de20aa242725721519d3e0f76ab20e5d092b252a93e8
Jordbunds_og_terraenforhold:Jordbundskort_2024,"524050,6249825,528675,6254825",946061,211a1ef87c924576bffe3c4594679b473b7f3a249e01555f616222614c44abc9
Jordbunds_og_terraenforhold:Jordbundskort_2024,"524050,6254825,528675,6259825",691739,fcd917efa55a439162ab45581a3d2b496fdc752fd232b71b8cfd9d789c0a86fe
Jordbunds_og_terraenforhold:Jordbundskort_2024,"524050,6259825,528675,6263750",616398,21aa803e4e7f9d913ee5200e7b445e4858e9660b19a9cb32b751568e9c507cc1
Jordbunds_og_terraenforhold:Jordbundskort_2024,"524075,6219825,528675,6224825",811614,36b134b7624a9cf726f01779cb6664edc4ff693b4b80b54ebbccc4cdf78fd4b4
Jordbunds_og_terraenforhold:Jordbundskort_2024,"524075,6224825,528675,6229825",1261103,9282b9ab75510fc2e477bb0ba83672bf7a59e195e0cc37e42fdcb5b9cec30b63
Jordbunds_og_terraenforhold:Jordbundskort_2024,"524075,6229825,528675,6234825",2687340,061fdcc3c54dd3a5ca1744ed896e972198384f31e8c4645153e953b86dfd689a
Jordbunds_og_terraenforhold:Jordbundskort_2024,"524075,6234825,528675,6239825",1197514,1097640021b960578f1c5923ae2e89a83ad4f504e15a56d6ec8066713a92b6b4
Jordbunds_og_terraenforhold:Jordbundskort_2024,"524075,6239825,528675,6244825",1686653,6a6e150f8bba1f02c316841e86d1cbf8d7f713f34d2e6f8b365b07fe0c24383c
Jordbunds_og_terraenforhold:Jordbundskort_2024,"524075,6244825,528675,6249825",1749766,163080e9ecaedcbdd7435d024384b0e79174366cecd5c740bbb1f49ce9ff1662
Jordbunds_og_terraenforhold:Jordbundskort_2024,"524075,6249825,528675,6253375",676160,e2c5f04ce24f1540752e6393862a128c7dd0c669dbd12ded876417428c8fdba6
Jordbunds_og_terraenforhold:Jordbundskort_2024,"524375,6192000,528775,6197000",705042,6b38809fb69ca82b9c92bb05f1969b590c710ef207827b48b697d0477d5e11d0
Jordbunds_og_terraenforhold:Jordbundskort_2024,"524375,6197000,528775,6202000",487346,7b20e17ccb9b167492bdcc54e49f08bb1999f8baa671c0e13dd5ff406f804ef9
Jordbunds_og_terraenforhold:Jordbundskort_2024,"524375,6202000,528775,6202075",65433,6dff5e3bb0318e453b8e9b675979fe20a167fb4482fef531037e647a78fb8a93
Jordbunds_og_terraenforhold:Jordbundskort_2024,"524775,6219825,528675,6224825",683207,7e78c4ddc3967fe40945036c1109e14d820a5478b85a1af85193052db6e3c47f
Jordbunds_og_terraenforhold:Jordbundskort_2024,"524775,6224825,528675,6229825",1132639,d2574da31195a4dadae76199793036e1a22ccae2f8dc0e5635fecf6747dd0bd0
Jordbunds_og_terraenforhold:Jordbundskort_2024,"524775,6229825,528675,6234825",2298332,0e3ee744fd84ab9089f93cf01e5d9403c7e47e66ea54f496a8525f39df7677eb
Jordbunds_og_terraenforhold:Jordbundskort_2024,"524775,6234825,528675,6239825",949546,019f4237aeabaca576b087b539fefa15fb411249718f33c83699315ed09f6716
Jordbunds_og_terraenforhold:Jordbundskort_2024,"524775,6239825,528675,6244825",1515108,cd5b0a3da4391b08a72da6aeebe4b161426f2f731104468d52c4596081358308
Jordbunds_og_terraenforhold:Jordbundskort_2024,"524775,6244825,528675,6249825",1471539,1091d34c9717e8806ab4943f10219c42ab57e1175561182a8e83ba0312419a41
Jordbunds_og_terraenforhold:Jordbundskort_2024,"524775,6249825,528675,6254825",870186,79969a432e2a452791e9867c1957aad0fd1ab6f7f12767df5a6a83a35cb10472
Jordbunds_og_terraenforhold:Jordbundskort_2024,"524775,6254825,528675,6259825",655415,1637724de03d086a0787741bcffbed3000b684670bfcd1a4d4ed146d313fdc27
Jordbunds_og_terraenforhold:Jordbundskort_2024,"524775,6259825,528675,6264825",676397,f8ccf5bdf101919bceb3597c1800ef59aef24c18babcbd40129ecbac511f1864
Jordbunds_og_terraenforhold:Jordbundskort_2024,"524775,6264825,528675,6269825",1815514,0ef094ff2e517dc30988ff5031fefee70c41617de49e0900b8423dbf6a518085
Jordbunds_og_terraenforhold:Jordbundskort_2024,"524775,6269825,528675,6274825",864464,5b0938b912b54f0d70a7a34ef7bb1d139f61036be07727991c6db0c43e809bbf
Jordbunds_og_terraenforhold:Jordbundskort_2024,"524775,6274825,528675,6275225",99403,942d4063f03030d9b81aabcadbbe2ce5c740326b7f3c5c4d1c0715f6d0b7af07
Jordbunds_og_terraenforhold:Jordbundskort_2024,"525325,6126325,530325,6131325",2833160,a41cbfb66c048505db9603493439487b1ba48f171f24ef7267c8421b656c60e5
Jordbunds_og_terraenforhold:Jordbundskort_2024,"525325,6131325,530325,6136325",2447873,34937b362e816ccc5a92cf521d0f8a0a3475774dbb5f1a80b42aa9c398cd6451
Jordbunds_og_terraenforhold:Jordbundskort_2024,"525325,6136325,530325,6141325",1840895,49b92ae4da188aa685607fbc4e124f1c50e547c09af60ebcd740ba9f3e3d9cf0
Jordbunds_og_terraenforhold:Jordbundskort_2024,"525325,6141325,530325,6142025",366995,1ea326786e03a8a5347a68f2c288bcb28e5698a060a9a9014a8291bc1377db30
Jordbunds_og_terraenforhold:Jordbundskort_2024,"525600,6121975,529175,6126975",2052408,49d943844bb88b3e8c0148cf61e2b6580e33bd9ee8341b3993d65275e5a423cb
Jordbunds_og_terraenforhold:Jordbundskort_2024,"525600,6126975,529175,6131975",2075859,b779e0f0739f8811099be6365292677d6e3a95f879b0a56d51005a462860f591
Jordbunds_og_terraenforhold:Jordbundskort_2024,"525600,6131975,529175,6136975",1644100,f915d208a37acaeea95968ba8a6f0c22a8a05c601e745ae8006714c5287c3cad
Jordbunds_og_terraenforhold:Jordbundskort_2024,"525600,6136975,529175,6141975",1289752,7712ce0ea883bd3c1bdc7f5b24f40c68f25165dc64e46f740674047592f1a281
Jordbunds_og_terraenforhold:Jordbundskort_2024,"525600,6141975,529175,6143600",413272,d0da3dbdddcbc2ed7cd736918322bbb43a70c63ca3fdc5e5fb39a984ba3098d7
Jordbunds_og_terraenforhold:Jordbundskort_2024,"525925,6135025,526675,6140025",540244,e1c7de6d055f0e0b7684c27de1b0838f3dae53ea7ec2e4917a06714e32e24677
Jordbunds_og_terraenforhold:Jordbundskort_2024,"525925,6140025,526675,6145025",424392,9123a1f4783f02128c6d02769752df8e7c153be46b3893c40e577dc058426458
Jordbunds_og_terraenforhold:Jordbundskort_2024,"525925,6145025,526675,6150025",295606,fb35fbdc46005fad48ffb05a551009c19e8a0ab945079e72a5f1080a45565cde
Jordbunds_og_terraenforhold:Jordbundskort_2024,"525925,6150025,526675,6155025",350902,a6da95e7fb6fbba7b0d43b447d9cefb469d5840f5824af33052fade31586b132
Jordbunds_og_terraenforhold:Jordbundskort_2024,"525925,6155025,526675,6160025",277348,d7420ec1a1d1628dd2c05f95f876f0b1be56ddc25055e94b9c4148198f325800
Jordbunds_og_terraenforhold:Jordbundskort_2024,"525925,6160025,526675,6162575",339799,09558fd6b575371d4c59276b2874813378b54e2881f8d0174b3f84c4277d1a7f
Jordbunds_og_terraenforhold:Jordbundskort_2024,"526275,6173675,531275,6178675",2512215,4ac6fde2650a3dc52bc57fc930430602b83b2b93629e4d317850c30e0d0b78f9
Jordbunds_og_terraenforhold:Jordbundskort_2024,"526275,6178675,531275,6183675",2485265,1b1aeb2b6b94f5f4d7fa68157b1a3ff9cea28b6414a4fb729e66b66acfd3e9a7
Jordbunds_og_terraenforhold:Jordbundskort_2024,"526275,6183675,531275,6184625",838598,3f498450bba5038cd20bece725d8ade52b632733ae861dfc64876fba4d0c5d4f
Jordbunds_og_terraenforhold:Jordbundskort_2024,"526975,6181625,529475,6184125",747752,6329b8ee614a62e7f1eb716facb1f5848f1ea0ac94e035bde5204b7f7e578748
Jordbunds_og_terraenforhold:Jordbundskort_2024,"526975,6181625,529475,6184125",747752,d815fe5ccaf1e7a348597576c6f2dcbad19901cbb01efe9fecd4a9eed0080b59
Jordbunds_og_terraenforhold:Jordbundskort_2024,"526975,6181625,531975,6186625",2836146,916b72bb86f7e67f00445fb63714d7a57c8288bcfa772d77cbc67b9eb50968b1
Jordbunds_og_terraenforhold:Jordbundskort_2024,"526975,6181625,531975,6186625",2836146,bbce6fc84f60a707e265a5c82b4f3e29539a9ab0f5f9ac734ba2045f045f8c91
Jordbunds_og_terraenforhold:Jordbundskort_2024,"526975,6184125,529475,6186625",983908,a59f89431bacb2196d85f707aa17d05151ee7846161341efeda14354ca11843c
Jordbunds_og_terraenforhold:Jordbundskort_2024,"526975,6184125,529475,6186625",983908,cd28d2ef4220f2ea0e0841ef3fe1051e7cd83443b42a24a318f23c70fec040dd
Jordbunds_og_terraenforhold:Jordbundskort_2024,"526975,6186625,531975,6191625",1753047,2cb4c98182151409419e4e707944708054e2cacc2847a87996cf67263500fc9c
Jordbunds_og_terraenforhold:Jordbundskort_2024,"526975,6186625,531975,6191625",1753047,fc8bab0206d8f8644d2cc240590db5d4673251e53cae0b4b013af82864c4668a
Jordbunds_og_terraenforhold:Jordbundskort_2024,"526975,6191625,531975,6196625",925531,09fd6126082b4a384ce31619c5aa9a59944e2e7f680e142807f6bffab3be641b
Jordbunds_og_terraenforhold:Jordbundskort_2024,"526975,6191625,531975,6196625",925531,16ec7baec5d15eb6f0e4d92a19a8c1efe37f5fcc030ccd2759e4434734ace04a
Jordbunds_og_terraenforhold:Jordbundskort_2024,"526975,6196625,531975,6198175",266641,79a28fa0567acfd6ada163ab89e2466de0e6bad9c3d2908ee69f3b7dd010add7
Jordbunds_og_terraenforhold:Jordbundskort_2024,"526975,6196625,531975,6201625",699906,584d01d29eeb919b0ea9ea01b171fe8de6e6c7445552ee867f266c0b66a8bede
Jordbunds_og_terraenforhold:Jordbundskort_2024,"526975,6201625,531975,6206625",907011,7c6eb06fb8ce590a9e5614207bc3c72d2c33565291a52f2a4a6d3a37b65ba628
Jordbunds_og_terraenforhold:Jordbundskort_2024,"526975,6206625,531975,6209175",313857,a03c512d57ac01e77a63bfbeb925b824fa09bfcacdb16cd3556b7be40766ec4c
Jordbunds_og_terraenforhold:Jordbundskort_2024,"526975,6298125,527325,6303125",153360,b246ea7a4a716b54ab1eb00bf693dab1fcd7cb1aa34ddb7d174f8dac1b7c557b
Jordbunds_og_terraenforhold:Jordbundskort_2024,"526975,6303125,527325,6308125",201171,7726873bd20a1a642ac144b55f9a9076af8f0351ddb112f2f71ae68178169f70
Jordbunds_og_terraenforhold:Jordbundskort_2024,"526975,6308125,527325,6311100",86967,dd165136a313cb04e62d77d698e015160406888d2aab416d36a07dc585ec144f
Jordbunds_og_terraenforhold:Jordbundskort_2024,"527425,6165875,532425,6170875",2779332,773b38a9f36aa031bc716ad20e319a71665a7076c20a07d1a5bc411d7744fac9
Jordbunds_og_terraenforhold:Jordbundskort_2024,"527425,6170875,532425,6172750",797296,65d634f1bccf0608e79ccc51d6553cfcc66a2f9f114e309915c4f6d7b5a5adaa
Jordbunds_og_terraenforhold:Jordbundskort_2024,"527975,6215225,532975,6220225",559263,5e9a64aca0a1a059248723cda301f1b29b8933d91189d9a151f74cde4aeda78f
Jordbunds_og_terraenforhold:Jordbundskort_2024,"527975,6215225,532975,6220225",559263,674696a6fc2c08fe1b35003bf9279cfcd1d284cf21823f3c54357e2263916298
Jordbunds_og_terraenforhold:Jordbundskort_2024,"527975,6220225,532975,6225200",1099966,2d2915efef3618b230d76e57ef63e91a1a5f5ee1294dadf7584a05b3ede4b8db
Jordbunds_og_terraenforhold:Jordbundskort_2024,"527975,6220225,532975,6225200",1099966,8765806e7836271c973159ca8f640aa53c385c1ff8aa8fd180b008585546caa2
Jordbunds_og_terraenforhold:Jordbundskort_2024,"528250,6182525,530750,6185025",1098588,21419882c83ed7d614b611c32c67a3a39b45e1e449ed44dc2049456af02a1749
Jordbunds_og_terraenforhold:Jordbundskort_2024,"528250,6182525,533250,6187525",2959584,7c3a0482d477a2cdce10642a4ce1aeae70e59b83f381a1fce67a5f07d29037b4
Jordbunds_og_terraenforhold:Jordbundskort_2024,"528250,6185025,530750,6187525",647745,5e8c5420e085fcaa4e10bb59b55e7a42e1eb0c1cf8cd8a08334171ad04aae619
Jordbunds_og_terraenforhold:Jordbundskort_2024,"528250,6187525,533250,6188675",616231,0b010169bbb4f9f587c386ad1d9d73d927f8ea387377843c8ef667881c05e3f5
Jordbunds_og_terraenforhold:Jordbundskort_2024,"528400,6288175,533400,6293175",888000,f7cf31f099724669aacafcf6a26adc08f6e3ffb7f059f0243582cc8652e8b3b0
Jordbunds_og_terraenforhold:Jordbundskort_2024,"528400,6293175,533400,6298175",917798,2a8e3772a703efb2626fb046d368b8d84ea9ce2fdddb688d513ed7088461a837
Jordbunds_og_terraenforhold:Jordbundskort_2024,"528400,6298175,533400,6303175",567085,efe5f3554204a10f88cb13d8037c4ef373b38dc368af1f994217b4cf4ad7f4bc
Jordbunds_og_terraenforhold:Jordbundskort_2024,"528400,6303175,533400,6308175",748074,c6363c3bcb3f516e0e89705787e4c5c44f669290e8ed1ee6a4ab0022f8a4675b
Jordbunds_og_terraenforhold:Jordbundskort_2024,"528400,6308175,533400,6308875",225595,10878eefb82be154a17bea2326e41ae2fdd4944566eebcfabbb7cda9fd2adf8e
Jordbunds_og_terraenforhold:Jordbundskort_2024,"528575,6200900,533575,6205900",1075410,4ceef3deb803ce064aa93109f428938587f67926b62ff3512a20126b10066b62
Jordbunds_og_terraenforhold:Jordbundskort_2024,"528575,6205900,533575,6210900",966258,2487fccf89d273d10530b329b1b94276b405d9f26e23129fe7f33ab3af312e42
Jordbunds_og_terraenforhold:Jordbundskort_2024,"528575,6210900,533575,6215900",885611,0246e3cd6121919a7b902757432f810113653697bd1de26cbf1bbc734cb4c484
Jordbunds_og_terraenforhold:Jordbundskort_2024,"528575,6215900,533575,6217950",292156,d5e00365afbfa3db8e00a90c632db3ada9e5de893635243fff8b14615efbd0ec
Jordbunds_og_terraenforhold:Jordbundskort_2024,"528625,6198250,529625,6203250",215070,9bdee2c345c49405397af2417e7f46b5d1ac6df9aef522e3940a426d25fb13d1
Jordbunds_og_terraenforhold:Jordbundskort_2024,"528625,6203250,529625,6208250",271207,8a42c4b4568c969801dd59283f07f0f2694e0a8302de5de8800cfc9b61fcfc72
Jordbunds_og_terraenforhold:Jordbundskort_2024,"528625,6208250,529625,6213250",171052,f4af642c0e8c2ba890ab2d3564eb0261c90a3ba89b3ff775c84beeed8efeb1da
Jordbunds_og_terraenforhold:Jordbundskort_2024,"528625,6213250,529625,6214750",55361,9f3836f006a2cb7bc0bc773710c477ce96067e6f20321cdebe40a807cc262d0e
Jordbunds_og_terraenforhold:Jordbundskort_2024,"529025,6283250,534025,6288250",790265,d83258fda48522a70ce3fe1494075441e09137a184a46bd27dea39df1de22dee
Jordbunds_og_terraenforhold:Jordbundskort_2024,"529025,6288250,534025,6293250",893084,210497516226dd1d9c49fa32c9343d0ed13409f08b1a192a15f768d18e1b01f9
Jordbunds_og_terraenforhold:Jordbundskort_2024,"529025,6293250,534025,6294375",383708,5706078cdfc70fbe715b0bc353053496084a1bcd1fe07a8d09baedeca6132ebf
Jordbunds_og_terraenforhold:Jordbundskort_2024,"529475,6181625,531975,6184125",1202813,9698cbd752a17f3704407b941143523f42994417096552dfec1ef7889f05150f
Jordbunds_og_terraenforhold:Jordbundskort_2024,"529475,6181625,531975,6184125",1202813,ca8dca366f904183138f513e32a23e92858765d62ab9a365cfe644b4d090a891
Jordbunds_og_terraenforhold:Jordbundskort_2024,"529475,6184125,531975,6186625",946370,017c6c8f87b165c7008a47ed7c83a720467467af8a256c52b6265d6eb39ba651
Jordbunds_og_terraenforhold:Jordbundskort_2024,"529475,6184125,531975,6186625",946370,6a9acd6d17fee0a53f0346a7345232ff117a1bfb4630f7c4e2e252c2a458d7bb
Jordbunds_og_terraenforhold:Jordbundskort_2024,"530000,6200900,535000,6205900",1769200,e0144d5acecf00b1cc3742d277cb5fa29ce5bef8d24f9b2d2a69911f72aa6916
Jordbunds_og_terraenforhold:Jordbundskort_2024,"530000,6205900,535000,6207700",389638,02933a618726469ba7b7cb5d6af7a293ffb4886b7cd894d089083c504f04efaf
Jordbunds_og_terraenforhold:Jordbundskort_2024,"530325,6126325,534150,6131325",1279232,4007d43feba9899aedbb6e7b26b990074babc89de4a4e81096d76a827194d679
Jordbunds_og_terraenforhold:Jordbundskort_2024,"530325,6131325,534150,6136325",1087467,682eb14722091c190054d5f1cc3240426fc6d20f4e46f05ccb2185ce2cf72b0c
Jordbunds_og_terraenforhold:Jordbundskort_2024,"530325,6136325,534150,6141325",1831939,1b0605ed73c9d7ffb8bddd83e587c1f2deb2cbff0d4a519dda8d3a22412dae67
Jordbunds_og_terraenforhold:Jordbundskort_2024,"530325,6141325,534150,6142025",503008,1d898feab05a047289eaa4a6502c1e3492b97d5b68821d0b3336849767a3fb39
Jordbunds_og_terraenforhold:Jordbundskort_2024,"530750,6182525,533250,6185025",1061933,bb68ff4106ad1419645c356445fccdd3335a6844685d65328df5d9e6d67e8c3e
Jordbunds_og_terraenforhold:Jordbundskort_2024,"530750,6185025,533250,6187525",673598,cfb6b479f4ca1cb0cd163937598fb3efe48865d5edea88e122c2299c79e2dec6
Jordbunds_og_terraenforhold:Jordbundskort_2024,"531275,6173675,536275,6178675",1708332,ea103ac6d772075bc438a894e654d8ddebe6f7339a3caa796f119d81a58f7c6b
Jordbunds_og_terraenforhold:Jordbundskort_2024,"531275,6178675,536275,6183675",3020280,42d1b5122fbe58ce03928f54ca718195f13b3441095f4f83f3ff1a59bf5aab72
Jordbunds_og_terraenforhold:Jordbundskort_2024,"531275,6183675,536275,6184625",701286,6dd04eb96c844462792bc8ab51bf29c402969f19509abb790c5cdc5c867f0414
Jordbunds_og_terraenforhold:Jordbundskort_2024,"531675,6154225,536675,6159225",2107904,a99efb5870e9f4466728d3e17293bcf8cbf7e9dbb7093103646f29435afe9a7e
Jordbunds_og_terraenforhold:Jordbundskort_2024,"531675,6159225,536675,6164225",2512526,c4ecd9cb300eafb38bafe7b1438683f62093f2d5fe80ec0aedc848041abd81ca
Jordbunds_og_terraenforhold:Jordbundskort_2024,"531675,6164225,536675,6166550",1338328,bc3f5a46b34d5e7b442d143d38331707c81f18a91dea9fbb2fa3899d4f1a10ac
Jordbunds_og_terraenforhold:Jordbundskort_2024,"531975,6181625,536975,6186625",2720891,6365efb996565ee25707957eca554e6f950769b46b92af27f8957cff609ec5c0
Jordbunds_og_terraenforhold:Jordbundskort_2024,"531975,6181625,536975,6186625",2720891,f17c735753ffa839af047c4262053e9bf85f9b1030a3d17d49501d6170498420
Jordbunds_og_terraenforhold:Jordbundskort_2024,"531975,6186625,536975,6191625",2180690,a7b996f4e61f699d747f838778166cc6eb223e9bb6a8716c139c1bd319f83f13
Jordbunds_og_terraenforhold:Jordbundskort_2024,"531975,6186625,536975,6191625",2180690,c052c9c2b696e86812a72b0db7542f39b51bdffbf0776cd81d27767cffb14f8e
Jordbunds_og_terraenforhold:Jordbundskort_2024,"531975,6191625,536975,6196625",2196329,505000eac99cb2914e2b9172e3f2088ceddfea4d28dae7448825b0ba6fadf414
Jordbunds_og_terraenforhold:Jordbundskort_2024,"531975,6191625,536975,6196625",2196329,6f520244d26f81220b4d73faa99d75e507040322a1379e8f45f0322874109af2
Jordbunds_og_terraenforhold:Jordbundskort_2024,"531975,6196625,534475,6199125",605881,7924078d94a20eeda2aba8ec94e07682287bf53a6affe11349af3e8ab861ae7e
Jordbunds_og_terraenforhold:Jordbundskort_2024,"531975,6196625,536975,6198175",978795,8b8e0ccc58e1abcdedc5723e16d6dd2be460fff91f11c2a80a8d1e3b987ec7e9
Jordbunds_og_terraenforhold:Jordbundskort_2024,"531975,6196625,536975,6201625",2694094,a061f61082939c6b50beace63d9219c4b3dec1e5bd00f98121628208aff4bf12
Jordbunds_og_terraenforhold:Jordbundskort_2024,"531975,6199125,534475,6201625",1058582,b6fd689193c2d21b415a429a0e7e150b5595567cc417ccba3f5e7eba0a4c83a2
Jordbunds_og_terraenforhold:Jordbundskort_2024,"531975,6201625,536975,6206625",2572242,629486a3443ecf3f73aa5f15fac1173aab729b1ab16363690ca6f76da8dddab3
Jordbunds_og_terraenforhold:Jordbundskort_2024,"531975,6206625,536975,6209175",857773,be347b755f2ce6072a0c75fbc7589b98aef2830da4302e2abf4aa2822d6bb3cb
Jordbunds_og_terraenforhold:Jordbundskort_2024,"532425,6165875,534900,6170875",1141501,0959a833af74fb3107afc604007a1aca97c6294cebb90d1c4ff64010b107b9ae
Jordbunds_og_terraenforhold:Jordbundskort_2024,"532425,6170875,534900,6172750",318042,2bd25e3eec73004b65220d95d50b903510d02bdc9be38a36badb5862b671c510
Jordbunds_og_terraenforhold:Jordbundskort_2024,"532975,6215225,534050,6220225",484476,141283cef0796f4487b1f5c222c1dfc29b273a4c9988c3214049487aef950399
Jordbunds_og_terraenforhold:Jordbundskort_2024,"532975,6215225,534050,6220225",484476,cd644e20567319132ff6846f4323c998da0296384686372de13ac480d004d26b
Jordbunds_og_terraenforhold:Jordbundskort_2024,"532975,6220225,534050,6225200",150642,1845b35524a6e90a16e0932a1d4754ce34e2eab47d3922dc921fb70bc67901c5
Jordbunds_og_terraenforhold:Jordbundskort_2024,"532975,6220225,534050,6225200",150642,699181425a80aef7c9f3ad1db6fd0f9101ef9a6a347c661c772d1d24d0793667
Jordbunds_og_terraenforhold:Jordbundskort_2024,"533250,6182525,535375,6187525",1285047,a0b7b469e35dc2736d8ab5babdde20ff9a66fb861b794b070fd1079a2e953f77
Jordbunds_og_terraenforhold:Jordbundskort_2024,"533250,6187525,535375,6188675",177284,0fe19c4efc2868c8986f480dc19f4a3ffaa4d708e96fedbcf261dd8a32bc192f
Jordbunds_og_terraenforhold:Jordbundskort_2024,"533400,6288175,538400,6293175",943616,627f750e179578b2cf22fe322d0bc896224f221ddc4aba4c4aa2358ea20c0752
Jordbunds_og_terraenforhold:Jordbundskort_2024,"533400,6293175,538400,6298175",1017688,b5162cb7d35be17a327c82f3cb5913717b0ff9b6f24465cd92a0e006d916eef8
Jordbunds_og_terraenforhold:Jordbundskort_2024,"533400,6298175,538400,6303175",687739,dcc20aa6735604a11d8e82695bb777491544141a1230e2e375c7d2814c55313a
Jordbunds_og_terraenforhold:Jordbundskort_2024,"533400,6303175,538400,6308175",1004462,5c669e264e79ccca627de52acb3ef2b4aed50d8a8c5e5a9ad8aa71ac541c421d
Jordbunds_og_terraenforhold:Jordbundskort_2024,"533400,6308175,538400,6308875",278243,f5486a7426e0e28751e957429a0241735be4610fd4fee77ec270d45a51969909
Jordbunds_og_terraenforhold:Jordbundskort_2024,"533575,6200900,536075,6203400",1162256,574163d74b110533974f5ce179bf8236b4027b790fed955cf3b7d6ab07b5ca95
Jordbunds_og_terraenforhold:Jordbundskort_2024,"533575,6200900,538575,6205900",2689316,b42083a60a9cdd9047c8c4972f4d9faa8ace552219c174d87778b20f78b777fb
Jordbunds_og_terraenforhold:Jordbundskort_2024,"533575,6203400,536075,6205900",743138,7cebb7c63838fa21fcff9e53a9a57ca4538cfc1bb672d205317ce37e8ac9866c
Jordbunds_og_terraenforhold:Jordbundskort_2024,"533575,6205900,538575,6210900",2289679,8b558f28481bc038348f861103f2fb050954faa154e6ff7c2eb9898466c1473b
Jordbunds_og_terraenforhold:Jordbundskort_2024,"533575,6210900,538575,6215900",1672367,39bfcb0a1ca8dbe740826b9c28083bd61c1876448ff676f3c87848978bb74c98
Jordbunds_og_terraenforhold:Jordbundskort_2024,"533575,6215900,538575,6217950",1084149,bad0bd48aefa05f73eb0e46a0f34c878f2d0411a71b1ab476724fb72284529fe
Jordbunds_og_terraenforhold:Jordbundskort_2024,"534025,6283250,539025,6288250",1032586,6dc6c035c358a02e97f126f6f606d329047bf8d79c008ae2c6d75c5d9703b455
Jordbunds_og_terraenforhold:Jordbundskort_2024,"534025,6288250,539025,6293250",929351,af780722eafbe7a4e634414b39585fd2199ee38320052c5cfc2a2c83e69db397
Jordbunds_og_terraenforhold:Jordbundskort_2024,"534025,6293250,539025,6294375",346149,ed9ab0965a788f4a6fad22cc44d583cfcf891f9eda17b47213fdfbd52cdbbb73
Jordbunds_og_terraenforhold:Jordbundskort_2024,"534475,6196625,536975,6199125",914666,adb4c41165bbf9aa803a254d20ea872fdf6cc29345fbe0e111ff16c9527e25d6
Jordbunds_og_terraenforhold:Jordbundskort_2024,"534475,6199125,536975,6201625",1045377,039b77d38f7cb2d936eea986f2e9785ba601e17eed9c6e79f9bbee1305aa0069
Jordbunds_og_terraenforhold:Jordbundskort_2024,"535000,6200900,537400,6203400",1080572,8b3cd6f12c894ef3e9c20b78b9c2537daaf25608b63fb174a8f0b0fe95f18b66
Jordbunds_og_terraenforhold:Jordbundskort_2024,"535000,6200900,539800,6205900",2729245,660c094275365f0f4ff9c6621010643b019e6dcbda48d26edeeb8e4c7a4b94a4
Jordbunds_og_terraenforhold:Jordbundskort_2024,"535000,6203400,537400,6205900",935620,7d6acbe212829563dc5e97f0472fde725d4492cd387676c55c3ffa02f0e2f226
Jordbunds_og_terraenforhold:Jordbundskort_2024,"535000,6205900,539800,6207700",1159536,b3d26ea00dfff3e2e39dd5f8c139fbc7e57fe7bd6ceb97e4bbb7a8a80248efa0
Jordbunds_og_terraenforhold:Jordbundskort_2024,"535500,6176725,540500,6181725",2313079,d2ca60a52ee3dfd893253e4490afa1c6bfe22e0a907e8074e45b8cca0bbac15d
Jordbunds_og_terraenforhold:Jordbundskort_2024,"535500,6181725,540500,6186725",2035857,299cd60b9380fbbf60000e0bffa92976b569494d6904271e4c2c904a52dafce5
Jordbunds_og_terraenforhold:Jordbundskort_2024,"535500,6186725,540500,6191725",2269039,0cb23238d23b4e9ed2cc649b5a6691225a9dc9ce7e5365705d8356292e81f4c8
Jordbunds_og_terraenforhold:Jordbundskort_2024,"535500,6191725,540500,6194800",1486900,a62fb8ec78cf6e79957976050de0a8e580e166d3807e977ed02ad177a28df06f
Jordbunds_og_terraenforhold:Jordbundskort_2024,"536075,6200900,538575,6203400",851930,ab90b77beee803372a7b52e0c789d6be425e760382a229a94630e62a6b26a1cb
Jordbunds_og_terraenforhold:Jordbundskort_2024,"536075,6203400,538575,6205900",889228,d959e891e0a451a4bc3c7a3d1478277497b742f99eecdbf01469d5930a96210e
Jordbunds_og_terraenforhold:Jordbundskort_2024,"536275,6173675,536300,6178675",95932,84d5045dccab26fd25d9ea90704155f272422cd775e4e9fc64155c540f72b670
Jordbunds_og_terraenforhold:Jordbundskort_2024,"536275,6178675,536300,6183675",162294,41f9198f09483985c9fe30ca618e38ed21bb3081f7fe7bcb0b349c83b2731a99
Jordbunds_og_terraenforhold:Jordbundskort_2024,"536275,6183675,536300,6184625",22311,f4cd5cefd4d6288e5bbff93cfea96c4e1ee9981228dcd94fcb3fb893a29ed5c9
Jordbunds_og_terraenforhold:Jordbundskort_2024,"536675,6154225,541675,6159225",1373395,9d0df364f527c8df061bc0b0106c1811c3594ac8892740c74921577b21368620
Jordbunds_og_terraenforhold:Jordbundskort_2024,"536675,6159225,541675,6164225",1790497,6bbc1e223fc37bf69ab3a0c781733fa063305004b9529a0e29260c411d4b5af6
Jordbunds_og_terraenforhold:Jordbundskort_2024,"536675,6164225,541675,6166550",741084,02001ca14c5f506e77100b2e4af5761e552b3d5ba5cdb371fc7f3bab6e362669
Jordbunds_og_terraenforhold:Jordbundskort_2024,"536975,6181625,541075,6186625",1618723,f99512a15f83c2146b7ed9430d035345234dff7b47ba16752e84abecc1addad5
Jordbunds_og_terraenforhold:Jordbundskort_2024,"536975,6181625,541975,6186625",1959090,0d448dbbbb8b997ad9c382908914822a594336fe1ac99da11b00cbcfdca2aac7
Jordbunds_og_terraenforhold:Jordbundskort_2024,"536975,6186625,541075,6191625",1770338,dbb0994151d1df3476319c4fce9f782c9f2a3ec1dc945aabd19384c41ccc20bf
Jordbunds_og_terraenforhold:Jordbundskort_2024,"536975,6186625,541975,6191625",2065867,bdc448acb19c19a8839227d30e73837a441c9652cb984f7f53c6c0bbed97355a
Jordbunds_og_terraenforhold:Jordbundskort_2024,"536975,6191625,541075,6196625",1828109,e62bd5b373286f4eeefde1335383c1d07823bf39804d25f828dc20deca3dd8f7
Jordbunds_og_terraenforhold:Jordbundskort_2024,"536975,6191625,541975,6196625",2249675,c630270bc98856a2bbe7f4d0c65a8a1e6506f80f637e589237d4497178bb84c6
Jordbunds_og_terraenforhold:Jordbundskort_2024,"536975,6196625,541075,6198175",749336,e2249815eb6e3358cddad0a8ce45ea6b9cade9e571ae64edc3f654eabf0cfca7
Jordbunds_og_terraenforhold:Jordbundskort_2024,"536975,6196625,541975,6201625",2332205,c2b5419c1ad73ea3b36fbe5b1ec753e695dafab4052f7159b9879e9e42b843e9
Jordbunds_og_terraenforhold:Jordbundskort_2024,"536975,6201625,541975,6206625",2677061,fa4e38b56b85962b4aec135798b299bfa58e543a389753f7f953a995b2442b99
Jordbunds_og_terraenforhold:Jordbundskort_2024,"536975,6206625,541975,6209175",1440249,3d620c44b440f255858384d1b901f2476bfb4e4e92eff117b48c6d7e8ae0857c
Jordbunds_og_terraenforhold:Jordbundskort_2024,"537400,6200900,539800,6203400",645112,43574988a28098ad9a23203594ca61c10244d425af073e1174f9a173e8926b35
Jordbunds_og_terraenforhold:Jordbundskort_2024,"537400,6203400,539800,6205900",714900,06922d5738e1faa237cb3dc7d2a466f49f2b66a786bd8da032929c6a43fc8353
Jordbunds_og_terraenforhold:Jordbundskort_2024,"538400,6288175,543400,6293175",836455,b9756e7d4486c2ed7105444ddc59cd47c40b463d6fc46b89cfdf47090ee36d27
Jordbunds_og_terraenforhold:Jordbundskort_2024,"538400,6293175,543400,6298175",1036331,f52c829ca86b33b8eaad64f0a181531fa9b3089c3e38f029e8db9ba25753cf15
Jordbunds_og_terraenforhold:Jordbundskort_2024,"538400,6298175,543400,6303175",1007850,2fb781f3302d46638544da021fadfd43048cae453758e41f63a37835410a53bd
Jordbunds_og_terraenforhold:Jordbundskort_2024,"538400,6303175,543400,6308175",793584,312b0561d898d585ae3d7a383198d6e31986b028e55dad39f56c2f3bf71d193d
Jordbunds_og_terraenforhold:Jordbundskort_2024,"538400,6308175,543400,6308875",223472,6b1317264490456212239d257e388d16843bfc9005d847cf289529f54125cdca
Jordbunds_og_terraenforhold:Jordbundskort_2024,"538575,6200900,539800,6205900",717642,0c7ce4ff14d5832cbe96a60a66ccce59caefdf0376948e21b682ffcb39ddb663
Jordbunds_og_terraenforhold:Jordbundskort_2024,"538575,6205900,539800,6210900",648527,c923bd0fc00194bfa8eb2392af212ac4c9cfe53dba37be85101f5cf2b6387a54
Jordbunds_og_terraenforhold:Jordbundskort_2024,"538575,6210900,539800,6215900",454913,53fd6c6d72ab4330e3c2ae17b0808e5bee908f35e3062708a3fd47d9d32d2c4d
Jordbunds_og_terraenforhold:Jordbundskort_2024,"538575,6215900,539800,6217950",264691,923821ad2c48380a56652935e08980df9ddcea9822efae0194a6a58f2d0bd717
Jordbunds_og_terraenforhold:Jordbundskort_2024,"539025,6283250,542575,6288250",425703,3bdef7c481f378fba2a827c349dedbdc8ea8c6c6749bc36e1d2ef86a6a794f6f
Jordbunds_og_terraenforhold:Jordbundskort_2024,"539025,6288250,542575,6293250",696242,7678e12985a195c2bda374a2adafa64bc33d9e8983a03e1da4ddd2696ef18f44
Jordbunds_og_terraenforhold:Jordbundskort_2024,"539025,6293250,542575,6294375",236559,314905090dd5684ac220d5bd637690891e2a9c46656b595c264c16c5dc170326
Jordbunds_og_terraenforhold:Jordbundskort_2024,"540500,6176725,545500,6181725",1732953,9d822261add9940efba947a3642c347bf76f5de4995612024d178fdf72182f9b
Jordbunds_og_terraenforhold:Jordbundskort_2024,"540500,6181725,545500,6186725",1654819,e4b16306152f328350b810917844ee61121d4e73b46f8fb032078345d65d2822
Jordbunds_og_terraenforhold:Jordbundskort_2024,"540500,6186725,545500,6191725",1982161,051d7db7cf7f7efd99f3fc4973ef2b6e2944b73339203c327e86ad502b00227b
Jordbunds_og_terraenforhold:Jordbundskort_2024,"540500,6191725,545500,6194800",1391060,a6a45dd813e185ffd65daa44819373c38f843d0e98c552e99536c0ec99974047
Jordbunds_og_terraenforhold:Jordbundskort_2024,"541400,6236675,546400,6241675",2042281,9fc2918e0711dd67619f3170c49b1f2cc5498c2f93d2b62e90f928657cd5e916
Jordbunds_og_terraenforhold:Jordbundskort_2024,"541400,6241675,543900,6244175",754968,cd73642e170506cfc5910f45d7850237b93399a5542eeb0cf1d2064297d50300
Jordbunds_og_terraenforhold:Jordbundskort_2024,"541400,6241675,546400,6246675",2752072,51a8dfca0796004d98cd1f6227808e859a004ad07b78b5178563f559bf3ce5e1
Jordbunds_og_terraenforhold:Jordbundskort_2024,"541400,6244175,543900,6246675",923443,3acc49ada77a377b9c2e6335889f07f3269b8b1e78cd49ae26c26472c3583360
Jordbunds_og_terraenforhold:Jordbundskort_2024,"541400,6246675,546400,6247825",764632,386725fb3d2f15e9c772d6d12820cb1a37f4336a6ad4d552be240f711754005d
Jordbunds_og_terraenforhold:Jordbundskort_2024,"541675,6154225,541900,6159225",126785,946c41b655bdf2da3832176b5c77db246fe695604f1a7784d81d30b89fbcc939
Jordbunds_og_terraenforhold:Jordbundskort_2024,"541675,6159225,541900,6164225",188549,ca3bf0ef30cc1630c9b884fdd49cccfa92f4eb49bbb3da48504e183948052fa8
Jordbunds_og_terraenforhold:Jordbundskort_2024,"541675,6164225,541900,6166550",67759,176b8f018b77f4dbb3b5789c6dda814533be22b63fe879355224023d168dbd9a
Jordbunds_og_terraenforhold:Jordbundskort_2024,"541975,6181625,546975,6186625",1498288,204cc2704b00670f2f9c6639dce89ef784bdfd0986622e87998510c70dcd13ac
Jordbunds_og_terraenforhold:Jordbundskort_2024,"541975,6186625,546975,6191625",1858182,c65c20555162eb417c89e45b3ec8eefed7d3b9e9c91d7609323ddda67e58e42d
Jordbunds_og_terraenforhold:Jordbundskort_2024,"541975,6191625,546975,6196625",2309594,1c35ea90dec2c0d1f765bbde41e8e35bdad40c25e07749737ea6054b049aeeaf
Jordbunds_og_terraenforhold:Jordbundskort_2024,"541975,6196625,546975,6201625",2695952,376d014d86bebcae476374cd11bb0ce51cd997f7f3f850850cbc8fa68cedb0fd
Jordbunds_og_terraenforhold:Jordbundskort_2024,"541975,6201625,546975,6206625",2196667,c3a7335201cd613635d081e9d1597352c766c21c8f48d371049e9cd96cd356b7
Jordbunds_og_terraenforhold:Jordbundskort_2024,"541975,6206625,546975,6209175",1312036,99f06406e87615a5d3a505e696e500d899d4ed9c20633ced9712acb6ee73e2ec
Jordbunds_og_terraenforhold:Jordbundskort_2024,"543400,6288175,547600,6293175",974761,60ccf2002bfe4c466c8171cfbdcaba43f268c507e73ef14bd24584af1ae01cf1
Jordbunds_og_terraenforhold:Jordbundskort_2024,"543400,6293175,547600,6298175",838997,f95a0e2a3cea6ec9b630d414f51bc1e0c692e58386964958feb04bba097cf6f7
Jordbunds_og_terraenforhold:Jordbundskort_2024,"543400,6298175,547600,6303175",596699,23e170461f58fc619f175491fd9ef58cd05eecc069cabbad8194c93de156599b
Jordbunds_og_terraenforhold:Jordbundskort_2024,"543400,6303175,547600,6308175",298729,92ce2fcc919298406db740d8719da07bf1b5b9db7cbe75453408419479ba08b7
Jordbunds_og_terraenforhold:Jordbundskort_2024,"543400,6308175,547600,6308875",187524,fba9aa52f802c6e30410de41529bfb29fcf242bbf20240afb00d06d1795ada95
Jordbunds_og_terraenforhold:Jordbundskort_2024,"543900,6241675,546400,6244175",775689,4cae2838998d50d302dd4c1ae940849ee6a07ccaeb4e593256c378d636f97d87
Jordbunds_og_terraenforhold:Jordbundskort_2024,"543900,6244175,546400,6246675",850583,9e113f6a4c128ec9e11f9b2b1cecb78a9869e2c1342f50d89e209eb552cafd12
Jordbunds_og_terraenforhold:Jordbundskort_2024,"545500,6176725,550500,6181725",2274282,378c5969adc9d44a2c18f13e025e1226b75dc46855476815313020245d48955a
Jordbunds_og_terraenforhold:Jordbundskort_2024,"545500,6181725,550500,6186725",1735583,994961f63a7ddf2f91afce1ab7ba8cbc961cb716c8e8ebe653837a34686cd3ed
Jordbunds_og_terraenforhold:Jordbundskort_2024,"545500,6186725,550500,6191725",1362283,4752dfb537f6c6311a1499453dbbf14defd9c9c9f653178488c281c91e024267
Jordbunds_og_terraenforhold:Jordbundskort_2024,"545500,6191725,550500,6194800",1215259,f74fb75ede79806be807f07d0ae9d0ba2d072e7d9a7dc6fd7cca0156ad555f24
Jordbunds_og_terraenforhold:Jordbundskort_2024,"546325,6221225,551325,6226225",2147016,916850e92f8c1b9ba0fea3c329e0db78d2abad2617a44fccf966ce44051b2323
Jordbunds_og_terraenforhold:Jordbundskort_2024,"546325,6226225,551325,6231225",2157549,fdd0d8dbd9d750c547fea780ee9bec0241c44ef93779d053b211fa9403078f34
Jordbunds_og_terraenforhold:Jordbundskort_2024,"546325,6231225,551325,6233825",1626273,0d8b15b86be15f80cc47b3fd8945ca03f58c1bb084cfaf471ab085089eb737ba
Jordbunds_og_terraenforhold:Jordbundskort_2024,"546400,6236675,551400,6241675",1936185,f36bcdf494d6390a0fe12f6cb2d08c2188913ade3fbb1ae1e5a58957f5b7a737
Jordbunds_og_terraenforhold:Jordbundskort_2024,"546400,6241675,551400,6246675",2530666,a2c5416096a936c9f236f08bf24d7cfc5375dce3220aad2eaac79d3008e4e18b
Jordbunds_og_terraenforhold:Jordbundskort_2024,"546400,6246675,551400,6247825",800371,3df52f5e0fb6dd3a3e49787e71ea483a63662d733de777c3992f71cadaa265f3
Jordbunds_og_terraenforhold:Jordbundskort_2024,"546975,6181625,550350,6186625",1300390,d9305b7f791e2bf98af419e9c4763818845e9de5aa1ab8d9a4d2be32434b634a
Jordbunds_og_terraenforhold:Jordbundskort_2024,"546975,6186625,550350,6191625",908769,66805aa98011d963e38c439ebad666612891f72ad7a06f23109bf7515d53be56
Jordbunds_og_terraenforhold:Jordbundskort_2024,"546975,6191625,550350,6196625",1569111,7392a57f567252b76538a316a67850688029d0cb4e610e8353cf8a1d68a247ff
Jordbunds_og_terraenforhold:Jordbundskort_2024,"546975,6196625,550350,6201625",1977133,fedf64fb9067bfc9e4e8c11a10a81b03c216564c8a05e7dddd093a83948b99d0
Jordbunds_og_terraenforhold:Jordbundskort_2024,"546975,6201625,550350,6206625",1660228,d36eecdeda17251127cf1c8e078190051e249648c285b9c2418977acb8a818e2
Jordbunds_og_terraenforhold:Jordbundskort_2024,"546975,6206625,550350,6209175",1104639,3e5f4aa7f5daa2da50efee9aec1b3ed01c6334f2a321fe692d5996455c033bbf
Jordbunds_og_terraenforhold:Jordbundskort_2024,"547500,6218100,552500,6222075",1563083,4e7cbf701ddae0f966aef4899cae3289d278d7d176771b5c3e8987360effae6c
Jordbunds_og_terraenforhold:Jordbundskort_2024,"548750,6282525,553750,6287525",802378,5ea1f9844e59ed363f1559191ef3e938289d94206525933fda338bd061f80ee3
Jordbunds_og_terraenforhold:Jordbundskort_2024,"548750,6287525,553750,6292525",854861,a33660d58e2a3aa3b85e71dd31ea159c09ed6e86d11474d5aed0380d5faec500
Jordbunds_og_terraenforhold:Jordbundskort_2024,"548750,6292525,553750,6297425",778590,5922351a64ab6f13b7ca907084770149f2ec90d5344c04e5ec6c54a779bbe5be
Jordbunds_og_terraenforhold:Jordbundskort_2024,"550500,6176725,552425,6181725",998513,239455d7557ebc3d872a59e0de907961ae8884ab6b42b3e3e7d52974b3373cfd
Jordbunds_og_terraenforhold:Jordbundskort_2024,"550500,6181725,552425,6186725",956525,e541c0e8d9fb504b758b9a2eb94fa71e2dba9384b7b4c04355c9da36cb6481b2
Jordbunds_og_terraenforhold:Jordbundskort_2024,"550500,6186725,552425,6191725",258795,c1fe32e4b64a8f635f1c963f028c98ae64c1390fa34c8634696366366f66ef91
Jordbunds_og_terraenforhold:Jordbundskort_2024,"550500,6191725,552425,6194800",432066,59045cb425aca2d3c4992169f18e5b318e5bf59c240fe7e2dfbb981542028432
Jordbunds_og_terraenforhold:Jordbundskort_2024,"550700,6146025,555700,6150825",1196548,0377388b83ba1f73b97a2ae97db8dd4805372443e6372e5d254c7e69c726e418
Jordbunds_og_terraenforhold:Jordbundskort_2024,"550800,6228250,555800,6233250",1571680,8cc098b0f1a687f88693efd9ef09d8721ad9474043fa5f5d5e67a1a6c43b563d
Jordbunds_og_terraenforhold:Jordbundskort_2024,"550800,6233250,555800,6238250",1623573,04d3a51d3a190cc6a55053a10270028815c8c30c218ab6abba25441a53d311b1
Jordbunds_og_terraenforhold:Jordbundskort_2024,"550800,6238250,555800,6243250",1981694,23107c69406d186bca58e5443308229c6468879d82c8ee2e4c2bcf4ff5e72a04
Jordbunds_og_terraenforhold:Jordbundskort_2024,"550800,6243250,555800,6248250",1656112,a1e7df787fb0d9c1c11d6f4af9e5e7dd4dc173db22231fd3f8697bde9e86fbb2
Jordbunds_og_terraenforhold:Jordbundskort_2024,"550800,6248250,555800,6251200",1256007,81c3842a4a5c9fdc684d8f82b851b22f3678d533d60e2a3b444cada3adba237c
Jordbunds_og_terraenforhold:Jordbundskort_2024,"551325,6221225,556325,6226225",1588782,8307afbb4b2308a1a32d34bddc435ebe0d4d8a31288059a91a417b665e3391fd
Jordbunds_og_terraenforhold:Jordbundskort_2024,"551325,6226225,556325,6231225",1130378,8bb32fec0c45eb74d94691e81080d11db0aff110b05902d39e56c7309e99b8c1
Jordbunds_og_terraenforhold:Jordbundskort_2024,"551325,6231225,556325,6233825",778289,6190a1fd9e18507f39f305a453ffb12393c8d56e06a16a8edf663b538e189850
Jordbunds_og_terraenforhold:Jordbundskort_2024,"551400,6236675,554525,6241675",1264435,79fe16fb1b559fd5929a46a1ee7183c052379a0797cdeec78d09e6832ea65309
Jordbunds_og_terraenforhold:Jordbundskort_2024,"551400,6241675,554525,6246675",894983,70163cc5c0aab0f95a59bdc26e347268a3a4ee7b078ea5aba7e54228e16dfab9
Jordbunds_og_terraenforhold:Jordbundskort_2024,"551400,6246675,554525,6247825",309026,9024e43bb5da22be197306d52ede6e2d2f79f0abd056890c95a71cd3426417af
Jordbunds_og_terraenforhold:Jordbundskort_2024,"552500,6218100,554075,6222075",460050,6614187035d80250a30ea4364b57c0a58659c0a86d55a8d243ebe167417068be
Jordbunds_og_terraenforhold:Jordbundskort_2024,"552650,6141150,557650,6146150",1432023,b6da9cbb151b377bd81933cea3b8b901249f6f94711bff00f4ddac8e401d647e
Jordbunds_og_terraenforhold:Jordbundskort_2024,"552650,6146150,557650,6147725",404639,72eb5fbba243eb2fd55aa04034b0d13865dd71db0246634701be09b2ac73e03d
Jordbunds_og_terraenforhold:Jordbundskort_2024,"553750,6282525,558750,6287525",549724,c0792ba0a44470049d026835dac4515486f7ed991a011b17827d8679159338c4
Jordbunds_og_terraenforhold:Jordbundskort_2024,"553750,6287525,558750,6292525",1022019,7de891f77efb86521f87d2f17f703accd2b3f2e3cb652723818bf5d0e90b3ed4
Jordbunds_og_terraenforhold:Jordbundskort_2024,"553750,6292525,558750,6297425",1003979,5da4eabe4e9b320a3a3ae2de05bd16c77cacc843ee66315f12824998fd246130
Jordbunds_og_terraenforhold:Jordbundskort_2024,"555700,6146025,557700,6150825",390522,819ce531fb1d4b67788efc46073848579c492f6ad6362a23362e9a9dbab72a5c
Jordbunds_og_terraenforhold:Jordbundskort_2024,"555800,6228250,560800,6233250",1131885,eb1842528e564557a0d55f5b750b988703105dbf82ec1d786ba19e3a7d141f03
Jordbunds_og_terraenforhold:Jordbundskort_2024,"555800,6233250,560800,6238250",1192056,8c29f9547ae86471e5998418388d09d286fe52652138c330821e83cdc7160972
Jordbunds_og_terraenforhold:Jordbundskort_2024,"555800,6238250,560800,6243250",1345532,649ee7eac00aeb91c88b814423d7eb5efe6e90cea56e32afbb59c7f1329020b1
Jordbunds_og_terraenforhold:Jordbundskort_2024,"555800,6243250,560800,6248250",2234198,17b321b414a66db0d9984718575f4b424f1cab5f3255cc0a9d72cbbc2179eb7e
Jordbunds_og_terraenforhold:Jordbundskort_2024,"555800,6248250,560800,6251200",1420147,d251358bfaefb84f3a2056f5d4a1e63705ecde15b5fa885466baf05f2bdc7df5
Jordbunds_og_terraenforhold:Jordbundskort_2024,"556325,6221225,561325,6226225",2153729,e1541c9ff708caaa152a287122f8b75a035dbec5804304272a6749dd782a7805
Jordbunds_og_terraenforhold:Jordbundskort_2024,"556325,6226225,561325,6231225",1353896,3d0bd8fc78a98714315f0acc90a1ee2b0be81a1e40e9f2f91e98239a1cb11e14
Jordbunds_og_terraenforhold:Jordbundskort_2024,"556325,6231225,561325,6233825",642115,59acfd33a9bba9bad53d8035d9b1dfc6775b82ce67eefbaabb9398480dc044d2
Jordbunds_og_terraenforhold:Jordbundskort_2024,"557525,6120650,562525,6125650",1593586,5d6d93ae42c67eda81f8399b6615401bb0d30460ce5d1644ab48b98f496a3193
Jordbunds_og_terraenforhold:Jordbundskort_2024,"557525,6125650,562525,6126900",358836,83bc73e65945c61b88388baba882c1821b5b8581eebfa75a3d3076bc60878453
Jordbunds_og_terraenforhold:Jordbundskort_2024,"557625,6206075,562625,6211075",2008311,6445bc4715c4bb61d84fb0b4f77cef5f0de4bc5094dc2f28037de515537924f9
Jordbunds_og_terraenforhold:Jordbundskort_2024,"557625,6211075,562625,6216075",1198543,b2c4bf5ab2aa401c006282f77fe6c4c02692fcfc8c7c0a4ea50ef907e0da66b7
Jordbunds_og_terraenforhold:Jordbundskort_2024,"557625,6216075,562625,6221075",2091801,1c7094303efb100b720451a62dc4a723a86a8e77362866481055142c10b1dd82
Jordbunds_og_terraenforhold:Jordbundskort_2024,"557625,6221075,562625,6223575",882950,cabc8ec569b19d2d870565dd3f1b9e8b314151784d698ace6cfa91a583c8da26
Jordbunds_og_terraenforhold:Jordbundskort_2024,"557650,6141150,560475,6146150",944643,d63f3ad79de8c3a7497c10fbfd1a589ef9d855d1e3312539f88927cd42584523
Jordbunds_og_terraenforhold:Jordbundskort_2024,"557650,6146150,560475,6147725",399087,e09fa9896bc072c8f593206ce2d8c73cadd1592f5fc76a662d9e584f15f4dec3
Jordbunds_og_terraenforhold:Jordbundskort_2024,"558250,6138800,563250,6143800",1615661,5e889f931bfa47e1ebcbb0048e49c9a3c1568bcc2c37f556a765c9556b1861d8
Jordbunds_og_terraenforhold:Jordbundskort_2024,"558250,6143800,563250,6148800",2113435,49d4b3ce628fb0439f9fde41c20f20f57254b7d1d93fce5fe86b6ca1c391a6d1
Jordbunds_og_terraenforhold:Jordbundskort_2024,"558250,6148800,563250,6153675",1647465,e5cb134a6c4a626ed443a02afa1fcc0cbf43051df3e13ba29bb316028160bbc0
Jordbunds_og_terraenforhold:Jordbundskort_2024,"558750,6282525,562475,6287525",575614,0f40b0141fddb531781e3491ca43e75ed2356d3dd7f858fd806d53dec9e37450
Jordbunds_og_terraenforhold:Jordbundskort_2024,"558750,6287525,562475,6292525",545194,45bbcd5a4790f526cc2d0d747111bed249814c0c40ad4818323930c0a1f05602
Jordbunds_og_terraenforhold:Jordbundskort_2024,"558750,6292525,562475,6297425",545217,e93b781815dc20a4dc7c844a739725484c99a3ef3649a129862203eb61ce6269
Jordbunds_og_terraenforhold:Jordbundskort_2024,"559675,6268475,564675,6273475",974638,e9d505bd6aab876f29c4892496358c2c713ae29a21f31bc6c530b01deb981c16
Jordbunds_og_terraenforhold:Jordbundskort_2024,"559675,6273475,564675,6278475",640681,8522867307888f36b99467bd579ba4cf45e16d1cbe6192ca7a4d4dc81bff92eb
Jordbunds_og_terraenforhold:Jordbundskort_2024,"559675,6278475,564675,6282400",409986,db8ba6d1b8e0b7316a6b372963929f17a34e0ae9dadb9b57ea1c5f338a2d24f1
Jordbunds_og_terraenforhold:Jordbundskort_2024,"560800,6228250,565800,6233250",1454984,975de2d81b07e2457e4bdad553a8165353b615ccf4c01236aa7c663cdffd0eb5
Jordbunds_og_terraenforhold:Jordbundskort_2024,"560800,6233250,565800,6238250",1015234,04c2510028ad7e6fa840bbd5e1ce5412bf79c5e5d0b85161e60c69c8c96bbaf0
Jordbunds_og_terraenforhold:Jordbundskort_2024,"560800,6238250,565800,6243250",1279054,3da8179968856eff26b13457058e558aa0dace8c709032d3d356320c9ab73c82
Jordbunds_og_terraenforhold:Jordbundskort_2024,"560800,6243250,565800,6248250",2288865,36846cabc9381bbf1dd27b30db15cd006488df21edec2ac92d9d847d19b3f51f
Jordbunds_og_terraenforhold:Jordbundskort_2024,"560800,6248250,565800,6251200",1134710,23679aa8e6aad0814df32328034c59fc537567d5b74414ebef2a931ff98b850a
Jordbunds_og_terraenforhold:Jordbundskort_2024,"561325,6221225,566325,6226225",1507476,eac2588a4e33358e4565f653cf40bbc63cb4264e223d48343abff1cd5d8eb5ce
Jordbunds_og_terraenforhold:Jordbundskort_2024,"561325,6226225,566325,6231225",1771255,f7e713bc840eb15ec08f270e83b96cea5c3f0205ad2d5a9ebd96920c99dc2aa0
Jordbunds_og_terraenforhold:Jordbundskort_2024,"561325,6231225,566325,6233825",763999,6f847b94c178e8700b84ee6a50b4b70a5c67889842f9ef2b21dc5458f56276bd
Jordbunds_og_terraenforhold:Jordbundskort_2024,"562525,6120650,564250,6125650",527243,1cdff669ee68986a5bfea0b9e01b0b23e71ad57cff2d12d67e581243c4a7730d
Jordbunds_og_terraenforhold:Jordbundskort_2024,"562525,6125650,564250,6126900",219516,d0bcc81b1bc2463d07c77e63c6120a9b0626981d8aae20a242cdeba467a27ef3
Jordbunds_og_terraenforhold:Jordbundskort_2024,"562625,6206075,567625,6211075",1044928,320458b6ba60fd12413d2eb5b8a2a47e3f4885aa899b920d2c575a2117f031a5
Jordbunds_og_terraenforhold:Jordbundskort_2024,"562625,6211075,567625,6216075",1100359,510044bf7a76a52e11cb163c25ac695ad394c49a79a0b1e25af2a38f88e9125a
Jordbunds_og_terraenforhold:Jordbundskort_2024,"562625,6216075,567625,6221075",1445302,2c3062beda7c95cf5662a2bd275d8b38eb1bdaee694b0e30598ddd37d0febff1
Jordbunds_og_terraenforhold:Jordbundskort_2024,"562625,6221075,567625,6223575",860005,6e6d3f79b003aeb38c86323ce86de3d79472152dde05ad4d55d301b48b91d97e
Jordbunds_og_terraenforhold:Jordbundskort_2024,"563250,6138800,568250,6143800",1880603,2feee8203b47faa7ba3a8f79a9f06c0dbde7861d8443e1c8bbcc90a6fc7d3d9c
Jordbunds_og_terraenforhold:Jordbundskort_2024,"563250,6143800,568250,6148800",2344973,0cd03661c50ea7364771adc40c7b9b80ea0085b0155f100c4de955226ded7a85
Jordbunds_og_terraenforhold:Jordbundskort_2024,"563250,6148800,568250,6153675",2561719,fea471c61b7d35de308e98278920c6d94f2b80d509564598da56b28ed297ba8d
Jordbunds_og_terraenforhold:Jordbundskort_2024,"564125,6199300,569125,6203775",1846496,771cf3282b386c74d5df9eb7382e405bbdb82799c0bad491fbde6e9e6cb9da89
Jordbunds_og_terraenforhold:Jordbundskort_2024,"564675,6268475,569675,6273475",2057000,668136838f2a57480acd880640e7c79032958e9712a360b38546b5b62d7a6132
Jordbunds_og_terraenforhold:Jordbundskort_2024,"564675,6273475,569675,6278475",1017200,fc7f46ceb3572ce7e386576924e72550a122b622000dcdc38ee748639004bfdc
Jordbunds_og_terraenforhold:Jordbundskort_2024,"564675,6278475,569675,6282400",690040,6f957e5a0df54a2e678eba4831b601a3e137ac12f95a09e9d2086faff738fda2
Jordbunds_og_terraenforhold:Jordbundskort_2024,"564700,6117325,569700,6122325",2174487,51454dd1d3c0ca57b88a0841eec7304b7ed31cbc9d6e1c4ba6371e7cc5e4b957
Jordbunds_og_terraenforhold:Jordbundskort_2024,"564700,6122325,569700,6127325",2045998,aa4234bdb0716c6553b73f1d1d2f982845fd18f9e96904a0d5e4759f306eed16
Jordbunds_og_terraenforhold:Jordbundskort_2024,"564700,6127325,569700,6129200",721905,fc02e5f65653b93fc2c0a1275a610ca8bd086764aaee6270d3aca9b1b0f3271a
Jordbunds_og_terraenforhold:Jordbundskort_2024,"565800,6228250,570800,6233250",1484661,b95a934f410022058ed9db4bfbba3f81ca0447074808d7ee9522332e0fe90f70
Jordbunds_og_terraenforhold:Jordbundskort_2024,"565800,6233250,570800,6238250",2146597,a20b0e165e78b60e4208cf233e0a5f10fe2a6142bcb040d7a208e54df36c6538
Jordbunds_og_terraenforhold:Jordbundskort_2024,"565800,6238250,570800,6243250",2334575,f520d893e2a21e7d77adaade8cb197570b2c6f09d50a7ded4d998d70b6c8c9d4
Jordbunds_og_terraenforhold:Jordbundskort_2024,"565800,6243250,570800,6248250",2116105,0a9e6fa8a17b286f83bb5fdb00f993728b3f2e512eff9d92bdfbdc250b73556d
Jordbunds_og_terraenforhold:Jordbundskort_2024,"565800,6248250,570800,6251200",1634921,106f10375899c90fb1619fd68a75cad887c55d457a5b354828b875b57ce857b5
Jordbunds_og_terraenforhold:Jordbundskort_2024,"566325,6221225,566800,6226225",141791,a45298e8f6e0dce4c13d336a0f37b47513a6ec52f59ffe9198a24c8652411587
Jordbunds_og_terraenforhold:Jordbundskort_2024,"566325,6226225,566800,6231225",347617,164a3f8e70425fcac25db6be5533a0bda2fe1a366e3c382141f0fcca9d8b6248
Jordbunds_og_terraenforhold:Jordbundskort_2024,"566325,6231225,566800,6233825",145773,90526cea347778ee7b7ba6a8a6317dfff6b2c7779aa76801ca605ff1572a4b3d
Jordbunds_og_terraenforhold:Jordbundskort_2024,"567625,6206075,571525,6211075",769902,598bf31e16870d18e90f3b0c030829cf298242aed1451a2bab538c21c055b879
Jordbunds_og_terraenforhold:Jordbundskort_2024,"567625,6211075,571525,6216075",818938,dd0412028b115ae4ea2ba931a7bcfc0062cc7859e9c5135246e2cc5d20730423
Jordbunds_og_terraenforhold:Jordbundskort_2024,"567625,6216075,571525,6221075",528464,5dae96b645ca645d1cab67ec1f1b6ff08f1255eebad55d21a5754364aa8cbb68
Jordbunds_og_terraenforhold:Jordbundskort_2024,"567625,6221075,571525,6223575",356336,6751ca23c48a60a79930f7fbc490bd904b66d565b2ce6df55e82113d85ec9aae
Jordbunds_og_terraenforhold:Jordbundskort_2024,"568250,6138800,573250,6143800",2314340,d05a0dfcb5a671d127c17019adbbc9dc208b35cbefcf8d9dd2ac4035abb2270c
Jordbunds_og_terraenforhold:Jordbundskort_2024,"568250,6143800,573250,6148800",1530212,7acaf08e2d97c4c18f89c2679629642c7129363290d1e86573cd0e4aba51050a
Jordbunds_og_terraenforhold:Jordbundskort_2024,"568250,6148800,573250,6153675",2230868,9e31889f117a6c4ea312616c437e7c82c3f774b738a4202bfd55c525b0f1e493
Jordbunds_og_terraenforhold:Jordbundskort_2024,"568675,6337250,573675,6342250",782418,38e291f07cb3c33337271e69d93a31573438be33e3b4460b79cb754a8f224f52
Jordbunds_og_terraenforhold:Jordbundskort_2024,"568675,6342250,573675,6347250",883648,a06e7c341c8ffac948412f0c944a1a8826000034e886a6ee9d1e5cb82cb8a341
Jordbunds_og_terraenforhold:Jordbundskort_2024,"568675,6347250,573675,6352250",1155865,d9397e371b9debf75a69e5e2086cb4476ce7fd77921b1924e5bdf8ca7c152e54
Jordbunds_og_terraenforhold:Jordbundskort_2024,"568675,6352250,573675,6357250",1303018,bc082840861664f0b88e268fd40bc7992a6596e5d3ffdeb9a16f10452eb5a417
Jordbunds_og_terraenforhold:Jordbundskort_2024,"568675,6357250,573675,6362150",1027065,c45ce886d3539fd387154b568721fcecbaec2a00a67e67c6e0914dee744dad72
Jordbunds_og_terraenforhold:Jordbundskort_2024,"569125,6199300,569950,6203775",328960,110a5cb16e76b9038ce11ac638d0fbc2555198a0026dbf8b28f5f21ab0002f97
Jordbunds_og_terraenforhold:Jordbundskort_2024,"569675,6268475,574200,6273475",2691179,c4f3a6704a8397d81d9c45f03abed0347ee10aa4981cc3748d3754ed52bd87f6
Jordbunds_og_terraenforhold:Jordbundskort_2024,"569675,6273475,574200,6278475",2692638,08c37404f5619dcb764f3076bf8d01ccac363e0c5fc7347efc7f4f1dc5465456
Jordbunds_og_terraenforhold:Jordbundskort_2024,"569675,6278475,574200,6282400",941836,fc3e004e62be9eba0159ad51f05dead3204aee0f05c66f83d5f68f8ad1ce2a4c
Jordbunds_og_terraenforhold:Jordbundskort_2024,"569700,6117325,574700,6122325",2049261,80cffdb90c6e8f496a380b628abca167c9d86835e7f3d3e9ec6cfc3622e1fc0f
Jordbunds_og_terraenforhold:Jordbundskort_2024,"569700,6122325,574700,6127325",1977066,ee34760851adf7e7a53ec863b0001de573b0b0436be38c9fc8a4e42170887ce5
Jordbunds_og_terraenforhold:Jordbundskort_2024,"569700,6127325,574700,6129200",1002224,19a3866836acc0865d0021c1ebcabd46fa97672e7a8bd5fbe964c7c0063cf59b
Jordbunds_og_terraenforhold:Jordbundskort_2024,"570375,6106575,575375,6111575",1341415,2c2b91672e07c95e5883fd192e2d772026bddd1615eb391ae7f15eabcf356f77
Jordbunds_og_terraenforhold:Jordbundskort_2024,"570375,6106575,575375,6111575",1341415,a8acbb7f0e196af8a498763e4bc2afa36728bfc01b1c963c416789c20f0f1979
Jordbunds_og_terraenforhold:Jordbundskort_2024,"570375,6111575,575375,6116575",1331649,08de830163491fd00fa00c7a7288bdf9a13a35d8e2effa4350a86180b22d346d
Jordbunds_og_terraenforhold:Jordbundskort_2024,"570375,6111575,575375,6116575",1331649,45ca1f22d809bbde2241b64ac669435125dfc08e8bfdaab75158945f5069a6df
Jordbunds_og_terraenforhold:Jordbundskort_2024,"570375,6116575,575375,6121575",1927031,704c786f94d2bb688be15b4b1742b23fa4537960f262c606e8ef7d2e69c857b6
Jordbunds_og_terraenforhold:Jordbundskort_2024,"570375,6116575,575375,6121575",1927031,f117d431afc02fdf344759a925577f6cfc5481b974e7dab743f517693c409945
Jordbunds_og_terraenforhold:Jordbundskort_2024,"570375,6121575,575375,6126575",2040804,c7c57a611e0d9bf4406553f4544ba2cd98b37e8a13a5c3641843f4b2a27d00d0
Jordbunds_og_terraenforhold:Jordbundskort_2024,"570375,6121575,575375,6126575",2040804,d9c3721afdcd55291e02747c582f78b8744fabc91bd8e6869a204b10ed575b02
Jordbunds_og_terraenforhold:Jordbundskort_2024,"570375,6126575,575375,6131575",2073362,37cef5363374700a84a03bb1fce4970e639213853480ff5ca61c8850d8d2ff53
Jordbunds_og_terraenforhold:Jordbundskort_2024,"570375,6126575,575375,6131575",2073362,d8a8e5e89887a1eb1cfdc394a8b949f6d1c90ed1d5ccded5ea7b5b85becfd912
Jordbunds_og_terraenforhold:Jordbundskort_2024,"570375,6131575,575375,6136575",2352085,93c56db0f0a7e8601c34f755c4b59bdf5c15fce1ff79cb2a27d8b471c848a8c6
Jordbunds_og_terraenforhold:Jordbundskort_2024,"570375,6131575,575375,6136575",2352085,9d97b701769f623625476f1baeb1ececbd5fcb5c6815eb7228edc9c5458dd195
Jordbunds_og_terraenforhold:Jordbundskort_2024,"570375,6136575,575375,6138600",777805,cb5af1b18a2cf3c3f1b2e93668983366459ab1da92412dc6763d60b7c67fc41a
Jordbunds_og_terraenforhold:Jordbundskort_2024,"570375,6136575,575375,6140800",1685211,9116b55caffecd2f1a34b1027a2e5de5571ec1061073cab6c8c34bd4f6fdc237
Jordbunds_og_terraenforhold:Jordbundskort_2024,"570800,6228250,575800,6233250",1042873,3b70ba1734402f98ca3fb7d49cd8a8ac9b587514cf05ff953a8cc64cf6580e73
Jordbunds_og_terraenforhold:Jordbundskort_2024,"570800,6233250,575800,6238250",1887341,9a7fdd8f041ae9fdb6434271254fc877da38cf2fd4a775c82f4e61f4b29c415d
Jordbunds_og_terraenforhold:Jordbundskort_2024,"570800,6238250,575800,6243250",2763724,19e66c6da81c9f8e964dd26439736553aee6468f5fc811e99893319ac7d24775
Jordbunds_og_terraenforhold:Jordbundskort_2024,"570800,6243250,573300,6245750",827065,377a6bbf2a55b697fd7dd84b91a90ab0034ea32b4a14801b5b0e22fffcb9d9c1
Jordbunds_og_terraenforhold:Jordbundskort_2024,"570800,6243250,575800,6248250",3271739,08930eebf06696e67e8c8c09b3349cc818295931eeda40649e66210ed289a88b
Jordbunds_og_terraenforhold:Jordbundskort_2024,"570800,6245750,573300,6248250",946685,e60e632a8bbda064a2494eb6380d47e4d46aaa7da058ca6d1eca7ac898bef4ed
Jordbunds_og_terraenforhold:Jordbundskort_2024,"570800,6248250,575800,6251200",1562965,3b9e8368a346108878b13b64162e8abf2ce4ef0f7da2e8507d8d08ec11b99211
Jordbunds_og_terraenforhold:Jordbundskort_2024,"571600,6137600,576600,6142600",1870377,0a4b390f871e07b78d287569168e9cd80d7e9e6cc2a4b6bded4260592447f818
Jordbunds_og_terraenforhold:Jordbundskort_2024,"571600,6142600,576600,6143000",299858,0d1813fd3b3c082b64be2246ccb1ba349e41f75d5777f7383bc10ec7dc4fcb3a
Jordbunds_og_terraenforhold:Jordbundskort_2024,"572550,6112125,577550,6117125",2217264,f2bafa808ce358557ffcc423b185dd74e22a81cd68ab7891a10b6ba1228b6006
Jordbunds_og_terraenforhold:Jordbundskort_2024,"572550,6117125,577550,6118200",584858,62d040a26b7b4ff6c9ecb00412d4b7268b567a212e8ca840de9f64f60dcf4161
Jordbunds_og_terraenforhold:Jordbundskort_2024,"573250,6138800,575350,6143800",750753,247f581994c112275c916f46709d265d5108910698e32533d16305c47eab3de9
Jordbunds_og_terraenforhold:Jordbundskort_2024,"573250,6143800,575350,6148800",715870,4375e234509bf7d9f4da07f25e7f9af7fd59dc0b10fb02051549fc2d7aaf512a
Jordbunds_og_terraenforhold:Jordbundskort_2024,"573250,6148800,575350,6153675",989025,e72cb0d92e5a86aa5375da61d6eaeb2509fe22fbf1cdbe78df42fa4e96b95f37
Jordbunds_og_terraenforhold:Jordbundskort_2024,"573300,6243250,575800,6245750",1172401,9f3ccaff57c19bb686d0dde33560bd5605a8240a044dbbe48e6ff5a58f66d840
Jordbunds_og_terraenforhold:Jordbundskort_2024,"573300,6245750,575800,6248250",960798,fb5003857f475844c48d8b32c8a9ca8a780d955388e8a48fd09daefd2df80afa
Jordbunds_og_terraenforhold:Jordbundskort_2024,"573675,6337250,578675,6342250",608425,5a91b1aa311a8bc989f29eb123c4bf4496f2fc06bec1fe69bcde879cf4e0b895
Jordbunds_og_terraenforhold:Jordbundskort_2024,"573675,6342250,578675,6347250",997813,0910b3dac0eaf0653b40940414cb15ae3556df64119461c6fb67b08b62f9c934
Jordbunds_og_terraenforhold:Jordbundskort_2024,"573675,6347250,578675,6352250",1328157,4d047469f531f0d4a9e862bc58120b095db01a11506172cc46bac13c223724ce
Jordbunds_og_terraenforhold:Jordbundskort_2024,"573675,6352250,578675,6357250",1235117,9be14ba84e3dcc3bba06961773e1c1743429eda4b5767f2609695ab42b16a3b4
Jordbunds_og_terraenforhold:Jordbundskort_2024,"573675,6357250,578675,6362150",1499241,9fe4b9486e556972db73511fa5101a2753940f08cb3469f64d7ca25ed9e5114f
Jordbunds_og_terraenforhold:Jordbundskort_2024,"574175,6145525,579175,6150525",1964430,1045c09b1c556131ef3d353704984ee94edf9899d66a7a9d39b3da10bcca31ef
Jordbunds_og_terraenforhold:Jordbundskort_2024,"574175,6150525,579175,6153525",1533737,b900ccedbea9c19b96825156f50734d6dc306b226c4d2e037be7c71829219045
Jordbunds_og_terraenforhold:Jordbundskort_2024,"574650,6106575,579650,6111575",2306694,45bdba899afaa90707378c189018b6d17e62865f928500e78d3d10871c506f45
Jordbunds_og_terraenforhold:Jordbundskort_2024,"574650,6111575,579650,6116575",2191446,05b74a6b042114935454c695f967a36a212999b615a8bb5ce3b7d2afc4ec662a
Jordbunds_og_terraenforhold:Jordbundskort_2024,"574650,6116575,579650,6121575",2650965,c428e22a46849ef7055263388a694a5ebba7f3b24aee31fc1054d7794ac19d18
Jordbunds_og_terraenforhold:Jordbundskort_2024,"574650,6121575,579650,6126350",2801343,8d64e383c35552b0acacf545d3e36f0de22545f556b2223c1f4638b23831cc1d
Jordbunds_og_terraenforhold:Jordbundskort_2024,"574700,6117325,577200,6122325",1392857,f409a401614755bcdffe01c3574f869e9fab44510508e577f410e780dcf30fa8
Jordbunds_og_terraenforhold:Jordbundskort_2024,"574700,6122325,577200,6127325",1397321,45d62ed6a5f1fd4dbe529a5ecea5a185a2b2032c23d2e55396ce48b682d479fa
Jordbunds_og_terraenforhold:Jordbundskort_2024,"574700,6127325,577200,6129200",537472,391a1bd3f7264aeec58471193a9f1a014db6f246d2f2539e7151845e62aba151
Jordbunds_og_terraenforhold:Jordbundskort_2024,"575375,6106575,580375,6111575",2429238,1b07e77dabccb860f6c8ea6ac3932fac90b25e97f94762c1ab35144a74f231f1
Jordbunds_og_terraenforhold:Jordbundskort_2024,"575375,6106575,580375,6111575",2429238,9ec8a5831218fb178e83f4d06505d31da29616d5a6debbd318f16f6f649ce908
Jordbunds_og_terraenforhold:Jordbundskort_2024,"575375,6111575,580375,6116575",2352908,3ce0a6d22b4c3eedea813abd17420f61755a9121aabfc8bd80a4d79e451492a2
Jordbunds_og_terraenforhold:Jordbundskort_2024,"575375,6111575,580375,6116575",2352908,cdf783ad3a383c5ddcb5ad31b7262dd895e5a667d53375e2e6d2e90b1af07940
Jordbunds_og_terraenforhold:Jordbundskort_2024,"575375,6116575,577875,6119075",885990,1161a61b6c1048805f82ed1cc0a811e9f6eb6fb69d03e6bfa644ec81a66db3d7
Jordbunds_og_terraenforhold:Jordbundskort_2024,"575375,6116575,577875,6119075",885990,84f58266ff7ff80b0f6b1e009919edaf47fbce5fc239cfd7f0b9d3d69b71978c
Jordbunds_og_terraenforhold:Jordbundskort_2024,"575375,6116575,580375,6121575",2829096,7bcbb8c26d84a6808a0a5ebe328312d8042486225efb0095e4b30703e132ca95
Jordbunds_og_terraenforhold:Jordbundskort_2024,"575375,6116575,580375,6121575",2829096,7d52bc3511389c5bf5bab84c6867ff6630024a2d9f3a8411d0781a28a5fc93b3
Jordbunds_og_terraenforhold:Jordbundskort_2024,"575375,6119075,577875,6121575",690989,2452112c466aa5b885204d1456a8d8fda29885da49294a19309bafd2b8d1559c
Jordbunds_og_terraenforhold:Jordbundskort_2024,"575375,6119075,577875,6121575",690989,907296005842f3bd3494cd9660127fc0b1915177b006e4cca5e1bb515ac1f132
Jordbunds_og_terraenforhold:Jordbundskort_2024,"575375,6121575,577875,6124075",771739,442d39718ebbab025d1de40ff5b68b0604f30bc3229f71da94cdcc9e87751fde
Jordbunds_og_terraenforhold:Jordbundskort_2024,"575375,6121575,577875,6124075",771739,b82cd0a43d4c78286b811a50ad1bf8483e92b5b2a9f7ba7d7b0f291a3b65a6be
Jordbunds_og_terraenforhold:Jordbundskort_2024,"575375,6121575,580375,6126575",2854715,1245e54027d8afeb8b797f87b70ddc50b7fe578190e512898b4ab18e8af263de
Jordbunds_og_terraenforhold:Jordbundskort_2024,"575375,6121575,580375,6126575",2854715,c4f1ee8ad0baa4dc354f6b75294351d20606b916ae728ad32e695b2b44be7e21
Jordbunds_og_terraenforhold:Jordbundskort_2024,"575375,6124075,577875,6126575",799868,00a2088f350600a4963ed0edc6bd42e0c72425d1deb42fadb71a1c5e5cdc71b4
Jordbunds_og_terraenforhold:Jordbundskort_2024,"575375,6124075,577875,6126575",799868,67bbf9fe0e101f680c295546a36c20355fc2e1c858c751c56f6ce24abefa9acc
Jordbunds_og_terraenforhold:Jordbundskort_2024,"575375,6126575,580375,6131575",2544138,c735b060b396a823ddae3028434acde7201e48e150a99e17a8038831ec69d1c2
Jordbunds_og_terraenforhold:Jordbundskort_2024,"575375,6126575,580375,6131575",2544138,c89c935962cc5ff7f1ccc36d47bf52e74f48daeeb97a4df5511298c82d072088
Jordbunds_og_terraenforhold:Jordbundskort_2024,"575375,6131575,580375,6136575",2571489,b8ce21ca654e92c7ca823868f6bfd02031cbaaf0dd5e4b3deafa8f2c54f206a3
Jordbunds_og_terraenforhold:Jordbundskort_2024,"575375,6131575,580375,6136575",2571489,d8a3ad4cf074813501a49619174d24d3daff30e0a2ec04df72f01036739e6449
Jordbunds_og_terraenforhold:Jordbundskort_2024,"575375,6136575,580375,6138600",722247,d48fa925fdfeac137618fa910acf1789b29a603d4d0c7e1737e9610f7c414af3
Jordbunds_og_terraenforhold:Jordbundskort_2024,"575375,6136575,580375,6140800",1625061,69b538ebd8ee007e211c19b63a7f0a5935cfefe1475c4b510c03eae9184eaa04
Jordbunds_og_terraenforhold:Jordbundskort_2024,"575800,6228250,577550,6233250",278900,7c18e040626a4050939581c2b8f24ab5cfc561820bd5e501f8a5088ee0ac7c49
Jordbunds_og_terraenforhold:Jordbundskort_2024,"575800,6233250,577550,6238250",446744,ff575135e851f4294c40f86c20a2b345f35f0e4c6bdc40eaa849519456fbe4fc
Jordbunds_og_terraenforhold:Jordbundskort_2024,"575800,6238250,577550,6243250",584512,d1237b889bdca70d8122571fd855ee90973cd48728976c97e75cc241743b4783
Jordbunds_og_terraenforhold:Jordbundskort_2024,"575800,6243250,577550,6248250",1162815,ae3c3c7c269c40e5084585c8213676e58ac25940184f9a0e3add8f90d63fd57b
Jordbunds_og_terraenforhold:Jordbundskort_2024,"575800,6248250,577550,6251200",672672,e2dbfc8eb8111107c668c969081c202a9aa845f6404c36219f442d56b6e663d6
Jordbunds_og_terraenforhold:Jordbundskort_2024,"576600,6137600,581600,6142600",2269710,836510f260ae89f5615b3c6e42daefdfeda615c801a1536f5f017ff0e3addd0b
Jordbunds_og_terraenforhold:Jordbundskort_2024,"576600,6142600,581600,6143000",249080,481cffef79190dddc3a4595d0100232184e1748973adaaffdd345b98d10f2c34
Jordbunds_og_terraenforhold:Jordbundskort_2024,"577550,6112125,578025,6117125",449257,6694cbc0b79f10308e1727149e8d2bc08487359b153856fc4f201424b201a151
Jordbunds_og_terraenforhold:Jordbundskort_2024,"577550,6117125,578025,6118200",161398,5c7ebf51f248349b14a0ae4158697e302fd8c8f6716883f2327e737c6052d04b
Jordbunds_og_terraenforhold:Jordbundskort_2024,"577875,6116575,580375,6119075",904330,41f82f3b82d456bf9f25702c1bd17a6ff9b036af0c069d180463d07193d13d98
Jordbunds_og_terraenforhold:Jordbundskort_2024,"577875,6116575,580375,6119075",904330,f8bab1aa7698c7e7c883c5bfe01e20243d77917e5a0385141adc228804ad39f7
Jordbunds_og_terraenforhold:Jordbundskort_2024,"577875,6119075,580375,6121575",701705,851f1b24197fedfeac80cf5e534e092b11e610f1d977c49fd13ce44bc38e9182
Jordbunds_og_terraenforhold:Jordbundskort_2024,"577875,6119075,580375,6121575",701705,cf8159412419ca6bede1e34bb0b0173082a57aadb0fedaded24faa3646eb09f4
Jordbunds_og_terraenforhold:Jordbundskort_2024,"577875,6121575,580375,6124075",800480,4a2db291d0c431a092b33e5dbb7708b3ec06179b5e5af0904f84aed20840127a
Jordbunds_og_terraenforhold:Jordbundskort_2024,"577875,6121575,580375,6124075",800480,e04ef7fb1d223a2ac44d59f78038a408564868ddee811e273a73d861b627ff91
Jordbunds_og_terraenforhold:Jordbundskort_2024,"577875,6124075,580375,6126575",939334,7bf1d726c85540aa061bb04feb7bd68d50d75258fb9584bcb8c7ec074e3984de
Jordbunds_og_terraenforhold:Jordbundskort_2024,"577875,6124075,580375,6126575",939334,cd0cc82597a3f96dae192cc157b23a66be5fccd67762b9f44ef0691ded724563
Jordbunds_og_terraenforhold:Jordbundskort_2024,"578675,6337250,583675,6342250",1074318,086dfa04f2b086a7cc2339ce6d0d211115cddb46a2cc0117ce646cc83f9aab20
Jordbunds_og_terraenforhold:Jordbundskort_2024,"578675,6342250,583675,6347250",1928568,c04f1f193bddcb5abbe9f8ee98ab92a1cc4f3595d27709d11bd730c3a2e22f22
Jordbunds_og_terraenforhold:Jordbundskort_2024,"578675,6347250,583675,6352250",1625655,0a71c629eb68617b0acc046e67a4ac842816079b7348e3c71f374e08752c2cc8
Jordbunds_og_terraenforhold:Jordbundskort_2024,"578675,6352250,583675,6357250",1375895,de22b169c8c3c99e1e8742d24a5cb418ded3e9ad52834b67925d80d466c9046a
Jordbunds_og_terraenforhold:Jordbundskort_2024,"578675,6357250,583675,6362150",1532191,4b6e13301145b7fd92eaa695745c2600b5f5378fd0ab843760c9ac5cc34fdff0
Jordbunds_og_terraenforhold:Jordbundskort_2024,"579175,6145525,584175,6150525",1520889,d76790fbe4eb7dfc9130ad21dae53e7cdd79c86a1f96ec3ee992048882b9ae05
Jordbunds_og_terraenforhold:Jordbundskort_2024,"579175,6150525,584175,6153525",904941,c154e04158d9f5818c1fe6101aaca9dbc18e3a3711d33ed5c2598ff18f8bb064
Jordbunds_og_terraenforhold:Jordbundskort_2024,"579350,6108100,584350,6113100",2823782,2f1ef266db3ec19c8add434964ecf113b212067307eb8a6924fb888ba08f5d4e
Jordbunds_og_terraenforhold:Jordbundskort_2024,"579350,6109575,582125,6112100",785816,40ddfb85cab9dcc9031cf636929cc0d0ed71d3c0c0ec66fe3624ed36bd4eab9b
Jordbunds_og_terraenforhold:Jordbundskort_2024,"579350,6113100,584350,6116025",1494699,2dc1cd9099cb9aa21ed45e12f010ef2fb54e4fbf6305f2999979cf4f54e9d5a0
Jordbunds_og_terraenforhold:Jordbundskort_2024,"579650,6106575,582150,6109075",754620,35582254fc9c29024d4db3898af478bb55f242a18b238b3860a98294ca9e4b8e
Jordbunds_og_terraenforhold:Jordbundskort_2024,"579650,6106575,584650,6111575",2813123,72e3d3cb61b495eab0ba3653757cd757df896fc09c33c75076a0e7035298b248
Jordbunds_og_terraenforhold:Jordbundskort_2024,"579650,6109075,582150,6111575",768988,8068e847f33cbb4e6a4146750e2ae4afbf82a7e942baf69905dfb9cb365edf79
Jordbunds_og_terraenforhold:Jordbundskort_2024,"579650,6111575,584650,6116575",2724482,953ab680b9ededa4f08a1242df8796036bb9b68c80ae86b94b550914c483a94c
Jordbunds_og_terraenforhold:Jordbundskort_2024,"579650,6116575,582150,6119075",896434,921bbe95f05784cee1afa5cec0dd9aea1377efcb3cecef2ce5477bfc3ea78575
Jordbunds_og_terraenforhold:Jordbundskort_2024,"579650,6116575,584650,6121575",2915227,0483ab6d0b95e3cc3dec71a44aa17a5880f1ad900cef238c643158ea7e9773a9
Jordbunds_og_terraenforhold:Jordbundskort_2024,"579650,6119075,582150,6121575",1068967,532c9e944fa08c190aeb19d80f7fe73d68a28bd783dde56ac503e59d68f9b623
Jordbunds_og_terraenforhold:Jordbundskort_2024,"579650,6121575,582150,6123962",824126,415bdef53899252dab2f20852c80c3ddf8ce9db05635b5ce90580a8393088d72
Jordbunds_og_terraenforhold:Jordbundskort_2024,"579650,6121575,584650,6126350",2688438,d92f4493119c6480dd22d9e38af211d8359d4a6fb3fe6533047c8e590f5c3700
Jordbunds_og_terraenforhold:Jordbundskort_2024,"579650,6123962,582150,6126350",897660,8cbbc3eca226ff6a5cc705de084afb4eb06eec9b76ca38dc97a4c30fe5171be7
Jordbunds_og_terraenforhold:Jordbundskort_2024,"580375,6106575,582875,6109075",652211,97b8e6815376171fb09c820fa337d94f0ad6c8fe857f47ae6402282050a9c0d3
Jordbunds_og_terraenforhold:Jordbundskort_2024,"580375,6106575,582875,6109075",652211,c2a99baefcb0bd3cdb47337115d404f8746f8b759bf5ee76a3553a5308042586
Jordbunds_og_terraenforhold:Jordbundskort_2024,"580375,6106575,585375,6111575",2829475,63a0756dafee7787301a57dc7c83c113f9ad5a221e9c557d04c78da0ee8c48e9
Jordbunds_og_terraenforhold:Jordbundskort_2024,"580375,6106575,585375,6111575",2829475,a8db5483c712dc44f86550f2c658ac3ff3ebaffbe81707c1570cd470646bea6a
Jordbunds_og_terraenforhold:Jordbundskort_2024,"580375,6109075,582875,6111575",783458,a320bc8983fa348375e55885db35fa7f6f8a8b84314632fe6f4bebcaab8eeb36
Jordbunds_og_terraenforhold:Jordbundskort_2024,"580375,6109075,582875,6111575",783458,f7812cf90f9ae9421134091f5aa6c39025d8d56fea3b1a28ffb71d5cad6fa049
Jordbunds_og_terraenforhold:Jordbundskort_2024,"580375,6111575,585375,6116575",2674646,6194e755cb16086383dfc7905e432774bc6dea56c58d9f0cffd31a430630ef91
Jordbunds_og_terraenforhold:Jordbundskort_2024,"580375,6111575,585375,6116575",2674646,a26fd44c56cd7ab1f24447042aa41b1382e8900b7c34f25e104877d107dff383
Jordbunds_og_terraenforhold:Jordbundskort_2024,"580375,6116575,582875,6119075",973080,5aea3c6a24654f6d38c4e925bc2c879fef13a64d85a17551139f33e25597808b
Jordbunds_og_terraenforhold:Jordbundskort_2024,"580375,6116575,582875,6119075",973080,efc4bfaf3d6e230152588c8be44c42bf3a281b77e7dd71f7c9391cec92098784
Jordbunds_og_terraenforhold:Jordbundskort_2024,"580375,6116575,585375,6121575",2972569,4e256558650169d216250c2512eaf3aaf36aaa3e8bdfe1385a20c910ae148438
Jordbunds_og_terraenforhold:Jordbundskort_2024,"580375,6116575,585375,6121575",2972569,d4f293eaca05155d63ba91943409ed12160f2e147b6ed77c1e0cc76356771b34
Jordbunds_og_terraenforhold:Jordbundskort_2024,"580375,6119075,582875,6121575",1012645,5b6c88eabf8635362b9d8a4b08f2f43f54f20b2687eb0643d6de3660d91a8248
Jordbunds_og_terraenforhold:Jordbundskort_2024,"580375,6119075,582875,6121575",1012645,80c4e4ca3b46d9d38af1c31287da76a37c662f368008ac06084f18bfb7134ef0
Jordbunds_og_terraenforhold:Jordbundskort_2024,"580375,6121575,582875,6124075",748353,3c020d7842c7210a91bfed4b730ca6ebf336445c67fbcfede91c3d1d8034b6be
Jordbunds_og_terraenforhold:Jordbundskort_2024,"580375,6121575,582875,6124075",748353,7900e373802f601bbbc92ce9add05a97e64c7960a305b4771f0fdd89b6c84ac2
Jordbunds_og_terraenforhold:Jordbundskort_2024,"580375,6121575,585375,6126575",2693256,0978c81e6e4f137ba3481464aa417b6720e7276e01682af8e4bf969ca1d11804
Jordbunds_og_terraenforhold:Jordbundskort_2024,"580375,6121575,585375,6126575",2693256,1b98a72a00cba6d2040a42491bd68d1059d2a81633555c49fe07418b6959491a
Jordbunds_og_terraenforhold:Jordbundskort_2024,"580375,6124075,582875,6126575",983696,1fb6e0d6e3c7e2a9cbbed4c2b732fe58eb96a012212b6e5ae660777d7f248a3d
Jordbunds_og_terraenforhold:Jordbundskort_2024,"580375,6124075,582875,6126575",983696,6a734bd4e5b072b54c67ba865e061616344d19e0ce1d18b1ca750de72e663d73
Jordbunds_og_terraenforhold:Jordbundskort_2024,"580375,6126575,582875,6129075",697251,616c035661b0b250e5809670e62d606f119d3941b41088c452b76d03e40c5cea
Jordbunds_og_terraenforhold:Jordbundskort_2024,"580375,6126575,582875,6129075",697251,ab74324a0501384080938df8d5721ceb8b7875dddcc0f9221cc296dbe1d23cf8
Jordbunds_og_terraenforhold:Jordbundskort_2024,"580375,6126575,585375,6131575",2839140,239512187f4022e562ccdfb429fc45ca9f48d4b3d2ff6b99cb6487dd3cc1b562
Jordbunds_og_terraenforhold:Jordbundskort_2024,"580375,6126575,585375,6131575",2839140,c54523a637d3527026ee834498e06e565d7d8f330f4a526e340f14d03d1c69b0
Jordbunds_og_terraenforhold:Jordbundskort_2024,"580375,6129075,582875,6131575",797942,5107ff53d2dba81da0d7caa573712597ae60ee5141f5c455669fb5546f9c8a7d
Jordbunds_og_terraenforhold:Jordbundskort_2024,"580375,6129075,582875,6131575",797942,8cb0ff0b657bb5b32ee1240495dd3de0b19943a6d783a0b1927a41bbae0eefde
Jordbunds_og_terraenforhold:Jordbundskort_2024,"580375,6131575,585375,6136575",1336701,7eb8455223543549412e700d2246a723d923ee0a43a2a741eee7beb357a1b39a
Jordbunds_og_terraenforhold:Jordbundskort_2024,"580375,6131575,585375,6136575",1336701,97cbaa0518ed88ce8e6d7c2adc242c83c159a638185692b36223b8423cf430a5
Jordbunds_og_terraenforhold:Jordbundskort_2024,"580375,6136575,585375,6138600",662643,017cfaa08c46062f6df487790479a556135bb33d39b77599068426e953156802
Jordbunds_og_terraenforhold:Jordbundskort_2024,"580375,6136575,585375,6140800",1500227,bf0a3e9c60195543e8fbb03d171d28385987c75bf3a118aa76417377faa32d22
Jordbunds_og_terraenforhold:Jordbundskort_2024,"580450,6114050,583500,6116025",713921,afd931912bd9cc2cff3728ff4b9a69e838fa1f16367e090e49b5000955277ef3
Jordbunds_og_terraenforhold:Jordbundskort_2024,"580875,6108100,584175,6111700",1425449,4bd06d27c7b2583cf3b3629c3eff1af0c0294f8e25cd2c4addfb2c6bbd1ecd1f
Jordbunds_og_terraenforhold:Jordbundskort_2024,"581600,6137600,584475,6142600",1236892,538c838d814c2e91fc1a67cb015e5e3b63e21fd1ee74de2f1cad547191fd15e4
Jordbunds_og_terraenforhold:Jordbundskort_2024,"581600,6142600,584475,6143000",180514,17d1a9a2db23c8df0423d5b5cf4ee0659039fd624f6d9eeb1b07bb455acf581e
Jordbunds_og_terraenforhold:Jordbundskort_2024,"582150,6106575,584650,6109075",803731,0621ff7e13e7a6a38d1d064380e2a6f57d32a61e477a00aff3ac5ae17c5c3157
Jordbunds_og_terraenforhold:Jordbundskort_2024,"582150,6109075,584650,6111575",906013,b266d17eedc4de270b4466e502dd08f7c94cfcded798f614fd5472886b555e47
Jordbunds_og_terraenforhold:Jordbundskort_2024,"582150,6116575,584650,6119075",778167,73570833bf34616c255b80b475c0a19ca52da3c09d0b6ce1d8bb1b95d9a1fff1
Jordbunds_og_terraenforhold:Jordbundskort_2024,"582150,6119075,584650,6121575",700627,5a6b7046e9461628097503a116b93fa90460bec108cb8120ce15ce6a47144943
Jordbunds_og_terraenforhold:Jordbundskort_2024,"582150,6121575,584650,6123962",830552,a95f8ed864476340e02a0a73c61579e6c9566872c5a3fcf79904e02b6aeaa592
Jordbunds_og_terraenforhold:Jordbundskort_2024,"582150,6123962,584650,6126350",882802,bac7195fc4147dff20afad7de181c6d04c771adf95aa1193281447520afd8931
Jordbunds_og_terraenforhold:Jordbundskort_2024,"582875,6106575,585375,6109075",935145,0696c10734998c4b86552c2369ae5bc4b92faf26a9c39402a3a63db2ae57f856
Jordbunds_og_terraenforhold:Jordbundskort_2024,"582875,6106575,585375,6109075",935145,b1174b362e7ef520b0cfb2aa36fb82acacd9b153950eb5e0c36a45e001ecad9f
Jordbunds_og_terraenforhold:Jordbundskort_2024,"582875,6109075,585375,6111575",817078,2a532413ad5920fa4fe6217847207e862641209b374591476535794b11096710
Jordbunds_og_terraenforhold:Jordbundskort_2024,"582875,6109075,585375,6111575",817078,69457e7199cadf32fa46fb09ba7a06050cc95c4f16e257ba0173243926b9643f
Jordbunds_og_terraenforhold:Jordbundskort_2024,"582875,6116575,585375,6119075",678973,ee980bad73954d62f948e0fbf7589df58d1fad9df4de2be1e07df735d9ac23d0
Jordbunds_og_terraenforhold:Jordbundskort_2024,"582875,6116575,585375,6119075",678973,f2d41e9ac767d5613a1e45abdbbdcc7d1a66f756a8950b482754ccfcd7d8235c
Jordbunds_og_terraenforhold:Jordbundskort_2024,"582875,6119075,585375,6121575",753125,5c3c2e0bd48ad70dec5ff407f93b841c79ae0f435ac26ab7dd7ba1aa915aa0aa
Jordbunds_og_terraenforhold:Jordbundskort_2024,"582875,6119075,585375,6121575",753125,9277f5fb8360d8fd0f5ab7d22576aa1e91fc4d377280a52492e9b223ba3a58bb
Jordbunds_og_terraenforhold:Jordbundskort_2024,"582875,6121575,585375,6124075",1028065,0f5e6f66d7f8fa66d7c281fad71a683f3a928bc1c0490fd8a4e8860a418e32f3
Jordbunds_og_terraenforhold:Jordbundskort_2024,"582875,6121575,585375,6124075",1028065,6da03c874f95a023dcc142fbb0de474bfb1fcffbf7c70635fea51971c9ff4776
Jordbunds_og_terraenforhold:Jordbundskort_2024,"582875,6124075,585375,6126575",888923,1459988246263b768db877bd34c5bfe6446224b757230fd11b9ae2a31810e3e0
Jordbunds_og_terraenforhold:Jordbundskort_2024,"582875,6124075,585375,6126575",888923,5793f7f4522fc18700de34e4bbbf82d6dc106ac912e0c7d0ac6000e32a703adb
Jordbunds_og_terraenforhold:Jordbundskort_2024,"582875,6126575,585375,6129075",915837,4e8f09076a8309dafaee0f3990c9161c3716846c064e181056a1c2a1d4c70aea
Jordbunds_og_terraenforhold:Jordbundskort_2024,"582875,6126575,585375,6129075",915837,b146a9dc5dc2dbef5115dc63b1ae79eff25a2bef01062e1cde2d3552a0ff17c5
Jordbunds_og_terraenforhold:Jordbundskort_2024,"582875,6129075,585375,6131575",862548,a090c7db2d97db398bf4a06fdfaef1e5e01fa3e381eff6f76aff11ece752af6c
Jordbunds_og_terraenforhold:Jordbundskort_2024,"582875,6129075,585375,6131575",862548,e6b9c4a71a04f6221c4224d87348e7c489425bd57f616ce085a38cb922351b7d
Jordbunds_og_terraenforhold:Jordbundskort_2024,"583675,6337250,588675,6342250",1367229,1ebdce54673aab957c43ec46774cec304b2033bd44d4212ebf3405e2424f1fec
Jordbunds_og_terraenforhold:Jordbundskort_2024,"583675,6342250,588675,6347250",1113672,6f458b4c0906ffcecb4588143c986f4825c81a62a7a0b3bf47e0a499f4588800
Jordbunds_og_terraenforhold:Jordbundskort_2024,"583675,6347250,588675,6352250",1195869,a679572d334bb09cdf2df4aef78e0604541ca82a4964e7ac83a6c497227031f3
Jordbunds_og_terraenforhold:Jordbundskort_2024,"583675,6352250,588675,6357250",1861446,890ce5fe5890de66a471443de0bb4ee33877ed7e017bc9ebe08047f66568a04f
Jordbunds_og_terraenforhold:Jordbundskort_2024,"583675,6357250,588675,6362150",1988883,10657b6115b7af708e155203b0ae3ea671a0ede8980e08e0aaf80de1dd86eadb
Jordbunds_og_terraenforhold:Jordbundskort_2024,"584175,6145525,585400,6150525",452114,d3a1cefa158baaa5e76cfd0f74ca14b013c74d79991d3523f2e11db1a815411d
Jordbunds_og_terraenforhold:Jordbundskort_2024,"584175,6150525,585400,6153525",296029,b3b02de83e2627b8fab5a4167b0ef01d71a1533503ace976cd657423d8006ae3
Jordbunds_og_terraenforhold:Jordbundskort_2024,"584350,6108100,585550,6113100",785295,ba68478f710af20a9c91d846735d205aa20337aafeb341e3e1bfce07890982f7
Jordbunds_og_terraenforhold:Jordbundskort_2024,"584350,6113100,585550,6116025",550038,c03dd91d606801bab6679b8e3c2e539b7710bf9e9f5dc246e53a24f882bafe0b
Jordbunds_og_terraenforhold:Jordbundskort_2024,"584650,6106575,587150,6109075",1063705,aad972a82aa71bf2e7c190d4b2ccf85fe0dd9512f7071bc4441bb11dd33d8371
Jordbunds_og_terraenforhold:Jordbundskort_2024,"584650,6106575,589650,6111575",2846004,a13b3b8a236a6204c29863f27982c29455abcbdf5bc9a9e1ca10bf45438feabd
Jordbunds_og_terraenforhold:Jordbundskort_2024,"584650,6109075,587150,6111575",816115,b7145e8bd942f977cde7b22784f4c4282b354d296f156cf9456d8192c7dd5ae3
Jordbunds_og_terraenforhold:Jordbundskort_2024,"584650,6111575,589650,6116575",2704206,ba01c95e832e938980c317d8793b42990238130331953fad6c5609e18d874195
Jordbunds_og_terraenforhold:Jordbundskort_2024,"584650,6116575,587150,6119075",684263,bddbd0fb99ba227ff7b5891a29399f87f1135526df3dfb8633a2ce6523ed8b6b
Jordbunds_og_terraenforhold:Jordbundskort_2024,"584650,6116575,589650,6121575",2798956,d8dff94ba555246bf5979105a3f3fb1b3924991823beb8efa06541694e0cc69f
Jordbunds_og_terraenforhold:Jordbundskort_2024,"584650,6119075,587150,6121575",970484,0dffc2ba60a7a7fd55d0e262ff4287f6286d923ae62f67489d34fd651ae7befe
Jordbunds_og_terraenforhold:Jordbundskort_2024,"584650,6121575,587150,6123962",1083002,d4c097c36b348fa0aec00b157a50acc198ba9703bb8d5e1b020510a6de17cd54
Jordbunds_og_terraenforhold:Jordbundskort_2024,"584650,6121575,589650,6126350",2535851,c8874356078c3638d89b262f3e733de01228638bd70dbb0b3c0cc4c14bcd57df
Jordbunds_og_terraenforhold:Jordbundskort_2024,"584650,6123962,587150,6126350",1030052,2843ba87e8ace98b38d308d2f4c7462efadc0c3aa4b95a5dfa5195a23ce2e04f
Jordbunds_og_terraenforhold:Jordbundskort_2024,"584775,6117825,587275,6120325",731162,b3b24c0c8ea4fe7adaee2055583ffef78a7c6fe36fe2924b18a751c03634e70b
Jordbunds_og_terraenforhold:Jordbundskort_2024,"584775,6117825,589775,6122825",2697570,0b4be5ed0b71c2434a4ded0063660485d3df9a9aead3353a45efcde548a32154
Jordbunds_og_terraenforhold:Jordbundskort_2024,"584775,6120325,587275,6122825",1203828,1869722a519ce79992d573559227e4e678520519db8f0fc203ab35cec4e6ddf2
Jordbunds_og_terraenforhold:Jordbundskort_2024,"584775,6122825,587275,6124588",714231,bfd3a639856600a517aec31bc4fd0c0e612366dc88035e5a35113c495c17b370
Jordbunds_og_terraenforhold:Jordbundskort_2024,"584775,6122825,589775,6126350",2570900,e5a240822e957c74cbabe44669e2c8ca08916215c1151d4106b8543262b136ce
Jordbunds_og_terraenforhold:Jordbundskort_2024,"584775,6124588,587275,6126350",892133,784d674cd1265040fdc07d002e540b796452c462204b61bc615aecfb37b1ed5a
Jordbunds_og_terraenforhold:Jordbundskort_2024,"585375,6106575,590375,6111575",2744375,0265de68c86ccb38f0433a429d6ca6b03661fc0c3778dca1404776ccf3388b7f
Jordbunds_og_terraenforhold:Jordbundskort_2024,"585375,6106575,590375,6111575",2744375,7df223dcf884ea2095b255a6f4ef41c86c77888bef2e26775887e7f109626322
Jordbunds_og_terraenforhold:Jordbundskort_2024,"585375,6111575,590375,6116575",2674302,57a7974ff0649ed66684800d66c8673da2ad665a401af62dd954818c72d3ad1a
Jordbunds_og_terraenforhold:Jordbundskort_2024,"585375,6111575,590375,6116575",2674302,f94216cc12bbdf57b8eca2d73295ac578cdd9529b17a84d25e59a4481bd4dab0
Jordbunds_og_terraenforhold:Jordbundskort_2024,"585375,6116575,587875,6119075",725063,4a72b0971f3e3d01820e8c17890cd83774c2ce20d1f3cfdfaa9abe34b6cc7994
Jordbunds_og_terraenforhold:Jordbundskort_2024,"585375,6116575,587875,6119075",725063,d5002df5d3693edc9b453662081865e9aec41776b624c2641e73a457c575742a
Jordbunds_og_terraenforhold:Jordbundskort_2024,"585375,6116575,590375,6121575",2845026,8bb86fd311dbc773a7a1bea2c51d83558b8877a83e0871835c01456654f647e3
Jordbunds_og_terraenforhold:Jordbundskort_2024,"585375,6116575,590375,6121575",2845026,a5b897fb3ab3fab43b67d1b12bccc08d3482d8cd2160f91795526d200f19988f
Jordbunds_og_terraenforhold:Jordbundskort_2024,"585375,6119075,587875,6121575",1052326,10c312b52a93c19d6599676741f9061d8b9b43cdeb70f9d3d7dbd4e627abb43e
Jordbunds_og_terraenforhold:Jordbundskort_2024,"585375,6119075,587875,6121575",1052326,424ab44dd2d95d1240793aec4d8d2f33a06a0c8b648f326236aa84a01d5f64e1
Jordbunds_og_terraenforhold:Jordbundskort_2024,"585375,6121575,587875,6124075",1142078,3a49e47180e7d4a1ab0e108af0004e4dcb271df8f0ed98cdf1d51aae00cb13ce
Jordbunds_og_terraenforhold:Jordbundskort_2024,"585375,6121575,587875,6124075",1142078,7050ed783b271f567f2e24fd2b50b0f6790b633da2b3263a885ee9a240ddfd45
Jordbunds_og_terraenforhold:Jordbundskort_2024,"585375,6121575,590375,6126575",2532681,d0d5ab21fcefdbac5d96dd4962f2b8b8b9335fcfa4bdeae55e5786a0c775f19c
Jordbunds_og_terraenforhold:Jordbundskort_2024,"585375,6121575,590375,6126575",2532681,e21ac4ad0d59706180eaa36b8ab2fcfe7b601f75cf4ebef484e738b58ce3ee90
Jordbunds_og_terraenforhold:Jordbundskort_2024,"585375,6124075,587875,6126575",1091743,24b2c7538731fc5381a1f4f5c5868844dd21807502430a62239200c980dc0a1b
Jordbunds_og_terraenforhold:Jordbundskort_2024,"585375,6124075,587875,6126575",1091743,a6a9fc7b115cda8bb88c3dea4db14f616afe8733e2382dfe771cd290447e8013
Jordbunds_og_terraenforhold:Jordbundskort_2024,"585375,6126575,587875,6129075",963449,55e335994a0d06688a0f39599bcdf9c8f9da1e5d5f21d91f94987a1e2e4fe805
Jordbunds_og_terraenforhold:Jordbundskort_2024,"585375,6126575,587875,6129075",963449,5f362b913995c6cc52f42ad9cebd0463e13a133dcc7f9bdb2a33450048082fee
Jordbunds_og_terraenforhold:Jordbundskort_2024,"585375,6126575,590375,6131575",2634781,184775dad9ba04c6d636c8163cb86b33ac94e41b0150ede04f700985b6ebaa70
Jordbunds_og_terraenforhold:Jordbundskort_2024,"585375,6126575,590375,6131575",2634781,af6ab3cb4621c6d981f648eded0960ade32551ee7b1b1352b2ca6d548355c137
Jordbunds_og_terraenforhold:Jordbundskort_2024,"585375,6129075,587875,6131575",1042737,7a1051ec8efd96bd060d0b52ad891e79f92d93e299d5a8d8a8241b8d20a69e70
Jordbunds_og_terraenforhold:Jordbundskort_2024,"585375,6129075,587875,6131575",1042737,d8cf07941e78c94b4e088219406e9483e38c85b7e951ce39425743a6d57dfe31
Jordbunds_og_terraenforhold:Jordbundskort_2024,"585375,6131575,590375,6136575",1414886,851dea914f3c1ce4e6dd8981850c5cfc2471f0f62a6cb4b86fff7420e374c1c9
Jordbunds_og_terraenforhold:Jordbundskort_2024,"585375,6131575,590375,6136575",1414886,db57c25d8a76684a149795449eab63681b8f7881eddf0c450d28880c0331759f
Jordbunds_og_terraenforhold:Jordbundskort_2024,"585375,6136575,590375,6138600",188981,14fd05fa7b75066ae82df741c98ba173a4f124397fc25718518f08ab0777a698
Jordbunds_og_terraenforhold:Jordbundskort_2024,"585375,6136575,590375,6140800",293330,f19aea652415456cd180d2fd2781ec174045c32e2ed7fcb169818e9bef55667f
Jordbunds_og_terraenforhold:Jordbundskort_2024,"586100,6111075,591100,6116075",2749192,50a4076b30f632dabe0e794a06be3c8c231215728ecaa44341f0d12c5122fbd1
Jordbunds_og_terraenforhold:Jordbundskort_2024,"586100,6116075,591100,6119475",1698044,06bf038b1654c72fbd32cf4950355fd96b2e6ea13fe68a3236a4ae6edb5d3983
Jordbunds_og_terraenforhold:Jordbundskort_2024,"587150,6106575,589650,6109075",594798,df78eb3274e6a9d29d2f6788aa85a0e435adf84df3169a917dbcdf4b66cc656c
Jordbunds_og_terraenforhold:Jordbundskort_2024,"587150,6109075,589650,6111575",671516,8dcac5aad5f00bf4dc634e08221daabdaff80aa192ffb9cfe25d9c5bcddc0780
Jordbunds_og_terraenforhold:Jordbundskort_2024,"587150,6116575,589650,6119075",672868,80a2814c90eaf03822c6f9dad7d64cfd810eb4f0662480e6c6555d41e31bd757
Jordbunds_og_terraenforhold:Jordbundskort_2024,"587150,6119075,589650,6121575",1090374,8ace28dbab25a94cdb28f9253bcf5cdd8b8214c6e53bbde34af1aed838c3fb59
Jordbunds_og_terraenforhold:Jordbundskort_2024,"587150,6121575,589650,6123962",1280329,5d5c995fd21acdaa10817c09f09969aa2d10e5a52d005b8198f9bb7db7f7ee9e
Jordbunds_og_terraenforhold:Jordbundskort_2024,"587150,6123962,589650,6126350",1107282,9d3809a47fb9a2e86ef4b86b89607c35208a77dd5be7706ce0639fd3fdbf6aec
Jordbunds_og_terraenforhold:Jordbundskort_2024,"587275,6117825,589775,6120325",784392,d68149e15c41b5407f9fc6cfef1bd4b71337eff9d5228f4dae8fa34b966f7e20
Jordbunds_og_terraenforhold:Jordbundskort_2024,"587275,6120325,589775,6122825",1166324,f7d55826c33e8919c639373b11d190ea28ec636d9d3686de58ebd6f155c301f2
Jordbunds_og_terraenforhold:Jordbundskort_2024,"587275,6122825,589775,6124588",1001060,5ab592906ff4f91e32182c626cba399422e200bc7a76a2e5ba635e676eab4e01
Jordbunds_og_terraenforhold:Jordbundskort_2024,"587275,6124588,589775,6126350",869114,e8355d67401461e52964cc2a4667816e34ec48a681aad072d328df3985716e5c
Jordbunds_og_terraenforhold:Jordbundskort_2024,"587875,6116575,590375,6119075",618591,76d21541a700e7e6b88f6d4c88cc3e305ea996dd804542bfb593680d91210e44
Jordbunds_og_terraenforhold:Jordbundskort_2024,"587875,6116575,590375,6119075",618591,f4c8fba4bf32ddf38a98e41cc7a3db99295b236698e2d832567429c945843dcd
Jordbunds_og_terraenforhold:Jordbundskort_2024,"587875,6119075,590375,6121575",870294,3476807c98183192fe1e4c4bfdb002c493d1389ff31a5ec774acf96055a3cb4a
Jordbunds_og_terraenforhold:Jordbundskort_2024,"587875,6119075,590375,6121575",870294,ae0741ce6995fa8fafb8b5b0d7dd35592e7a9391b5ad347889c24450baea4e03
Jordbunds_og_terraenforhold:Jordbundskort_2024,"587875,6121575,590375,6124075",1256868,4843a4560d06c9907862718c6d01e85d141d8b090f71b6dff675ff681d6e801a
Jordbunds_og_terraenforhold:Jordbundskort_2024,"587875,6121575,590375,6124075",1256868,cc2e7e573554e1869a34840c73be8c5f6b4e0a5c4506fdf2491ac040fe35d658
Jordbunds_og_terraenforhold:Jordbundskort_2024,"587875,6124075,590375,6126575",1165575,6c80fa6c1ee9b0046b26ce6cbc14405fa2addd1956cdb6ee99bd0767437c3c1f
Jordbunds_og_terraenforhold:Jordbundskort_2024,"587875,6124075,590375,6126575",1165575,8233b5df26b99fe354e5074224dac32834a3220dd6e8657e94453c43481dfa57
Jordbunds_og_terraenforhold:Jordbundskort_2024,"587875,6126575,590375,6129075",892087,afe60a03af10c0d06f6a0e816925a8b407fb2c10e4fc6e549c2449eceb254cdb
Jordbunds_og_terraenforhold:Jordbundskort_2024,"587875,6126575,590375,6129075",892087,f28387b858a237528b83f59d3dcc007ec6eb178ab7d64e39e0bc82922abf0691
Jordbunds_og_terraenforhold:Jordbundskort_2024,"587875,6129075,590375,6131575",951896,7fd8e61f20369a06ea98af3ff235813d343b2503b554aa8eeddb5cb6fb9f8087
Jordbunds_og_terraenforhold:Jordbundskort_2024,"587875,6129075,590375,6131575",951896,f99bfbb6777d5401762910aa87ee00087786a564cb0464602690a5b245df8696
Jordbunds_og_terraenforhold:Jordbundskort_2024,"588675,6337250,588700,6342250",114945,ce44e60f061cadb5d8851574709b7171414d44a49db9ac82f4e6d62906827155
Jordbunds_og_terraenforhold:Jordbundskort_2024,"588675,6342250,588700,6347250",147481,b42d2e32d13aeafc598cf06c25c2393feca29c21dc56b8faee141d3167529c77
Jordbunds_og_terraenforhold:Jordbundskort_2024,"588675,6347250,588700,6352250",81399,3bdaff3e45651da455154bdf6210bff50177b59aaff49088b37c1fdb315d5bdf
Jordbunds_og_terraenforhold:Jordbundskort_2024,"588675,6352250,588700,6357250",111970,ad209063b359f228809816a614c32b2005e2d1937407d7f2ace7a2f565ca0a28
Jordbunds_og_terraenforhold:Jordbundskort_2024,"588675,6357250,588700,6362150",172371,c38cbf4a1be7d83e0bd1065d678a65f99c80b6c25a3d2654cb27956d086168c8
Jordbunds_og_terraenforhold:Jordbundskort_2024,"589650,6106575,594650,6111575",2498501,af0d213e04fd64e89a09102305414a98d27564a7290992bc185561ba9c10b02b
Jordbunds_og_terraenforhold:Jordbundskort_2024,"589650,6111575,594650,6116575",2675209,37a79d61fb455b6e48d8b61dd7d2e4e019d2d342717a883c55496c6e1cb04254
Jordbunds_og_terraenforhold:Jordbundskort_2024,"589650,6116575,594650,6121575",2406069,9040bead5cb8900deccfe86216b637a2e2d45c796b325b75a126b76f0a2699e6
Jordbunds_og_terraenforhold:Jordbundskort_2024,"589650,6121575,594650,6126350",2673250,e05ff8561577d06eb9dab74223340ad26e5634aeeb04f47b398795f2ac6b8e95
Jordbunds_og_terraenforhold:Jordbundskort_2024,"589775,6117825,594775,6122825",2398418,7d5ffd6f0c97a26e8cb6d21b69728aa888c67041cfe490401a6844ff60011f3e
Jordbunds_og_terraenforhold:Jordbundskort_2024,"589775,6122825,594775,6126350",2197897,327de6b59d56a51d2a57d2b193b8541ff8ce21c7f8a34a4ca076e6c5d915fbfb
Jordbunds_og_terraenforhold:Jordbundskort_2024,"590375,6106575,595375,6111575",2574893,319f521f7568ec6965955978e310fea719bdfcab48ab9cd4320230a5749fe5e0
Jordbunds_og_terraenforhold:Jordbundskort_2024,"590375,6106575,595375,6111575",2574893,daf1aef57a17e5e18b2568dbb17e3f776aa21ddc812ba6a1b2eed99baec3c8b8
Jordbunds_og_terraenforhold:Jordbundskort_2024,"590375,6111575,595375,6116575",2725316,128568182eb412799166ffc4f7b894a09a3f758f77647d280d02d73985f0a884
Jordbunds_og_terraenforhold:Jordbundskort_2024,"590375,6111575,595375,6116575",2725316,488fc6660faf86e716c3d8d124e48bdf8f71112bfb25143dc3117e24cec90183
Jordbunds_og_terraenforhold:Jordbundskort_2024,"590375,6116575,595375,6121575",2440551,7519648d4c6455733acee887660100d1739963439162f3f247580e10e9600776
Jordbunds_og_terraenforhold:Jordbundskort_2024,"590375,6116575,595375,6121575",2440551,f5dc05c3c9d7465079753853f021b9c7fd2ff524281bd87907561f89c7ceae5b
Jordbunds_og_terraenforhold:Jordbundskort_2024,"590375,6121575,595375,6126575",2512744,6989cdf298f45650036a1d24e224b11ac9c06b7f3c48a5f4def4ec28b5274f1e
Jordbunds_og_terraenforhold:Jordbundskort_2024,"590375,6121575,595375,6126575",2512744,c6a3a50a3eda719c29fa1d8afba77055f3b4ce4b26ae7f19e91bbd0eff04c551
Jordbunds_og_terraenforhold:Jordbundskort_2024,"590375,6126575,595375,6131575",2065990,2a8636d373b1674e4b9b3794f1df69f9c0680d910f5d5ffbd379e3db536d2a28
Jordbunds_og_terraenforhold:Jordbundskort_2024,"590375,6126575,595375,6131575",2065990,d0a83e317b49db09113905425591fbb933d03cbe384be56837f01cdc6bc3bf58
Jordbunds_og_terraenforhold:Jordbundskort_2024,"590375,6131575,595375,6136575",1474244,66b888d3a87ddddd0476bd3e70a9cb7fa94bc7ed98504c22e2d51705528927fb
Jordbunds_og_terraenforhold:Jordbundskort_2024,"590375,6131575,595375,6136575",1474244,d0f18280a56036a917f8cc5f3c91c74e816eb36cb21452e77c59cb95ff8e4954
Jordbunds_og_terraenforhold:Jordbundskort_2024,"590375,6136575,595375,6138600",363221,ac0c8246b184db9c17a261f60eaa0754b346fe5a6227383031ec5aca85e4a559
Jordbunds_og_terraenforhold:Jordbundskort_2024,"590375,6136575,595375,6140800",957282,259d45dc7b2aef30f44ed0d6de425cc97f27ea66ed53c08370019bb5836a154a
Jordbunds_og_terraenforhold:Jordbundskort_2024,"591100,6111075,596100,6116075",2700504,45fdcd0a2d700afa12848abfb059ba8022412950b0dea0cbcc67fccabac7bb51
Jordbunds_og_terraenforhold:Jordbundskort_2024,"591100,6116075,596100,6119475",1749204,995194d7a9452923a18b3e578af88a106350e9680a54f136c19964f865bb3a04
Jordbunds_og_terraenforhold:Jordbundskort_2024,"591600,6122000,596600,6127000",2240707,dc92949f76fa61dba5da343960743156a0ca6d40bfa07a4e655cbe41e0729d83
Jordbunds_og_terraenforhold:Jordbundskort_2024,"591600,6127000,596600,6132000",1903457,aa8cf20066be2ea6c6b7cac4ecf9746728ec401c8674bd4307495155adb3de00
Jordbunds_og_terraenforhold:Jordbundskort_2024,"591600,6132000,596600,6137000",1675391,5555e044e47f14254634941ea5700dfbb59a210104f9778956e389b24fdb2257
Jordbunds_og_terraenforhold:Jordbundskort_2024,"591600,6137000,596600,6137100",89355,0aad1ab35023b2d8f71af6dfb115f3d2e1b2a95bde997ed1c7119510527b3401
Jordbunds_og_terraenforhold:Jordbundskort_2024,"592850,6234050,597850,6239050",2567211,eb59fd766b9f21b84f6b08a11c0fcf9c1ad81e11db8f5beeda9e0917db8f5d73
Jordbunds_og_terraenforhold:Jordbundskort_2024,"592850,6239050,597850,6240475",841194,7dede14c6143ae78614722a99250a2f8e6c3cb069cbf64abbf83513ad3dfbab9
Jordbunds_og_terraenforhold:Jordbundskort_2024,"594650,6106575,597150,6109075",907723,ce723750b7381e82e3b708c0c3ab1c76946cd7b17f121aea9daa8b8b8a5feced
Jordbunds_og_terraenforhold:Jordbundskort_2024,"594650,6106575,599650,6111575",2696173,01eb19027b07edac941f5d5f9745ece00d6cef8af921b971c528e734446ba3b7
Jordbunds_og_terraenforhold:Jordbundskort_2024,"594650,6109075,597150,6111575",697081,952e978576a5c5e49969c8991378cdc2682a40949414285e6e706af7134ac955
Jordbunds_og_terraenforhold:Jordbundskort_2024,"594650,6111575,599650,6116575",2151688,c22b8f429c5bfbc0ad67b3073ff0c51533cc63a2d3aa16928f7d90f5d1a827ce
Jordbunds_og_terraenforhold:Jordbundskort_2024,"594650,6116575,599650,6121575",2564375,fc941dc76bc0f9f7b6884ba0e9099a4107e79954d624bff5a2dbe2cc9676c74f
Jordbunds_og_terraenforhold:Jordbundskort_2024,"594650,6121575,599650,6126350",1790913,e35410654f00ef9142a138f4e366a18e1cd4abe65039147da588ae42df9683a1
Jordbunds_og_terraenforhold:Jordbundskort_2024,"594775,6117825,599775,6122825",2641883,ff5baba610f203e314c2a62814a2da325ff1de3c141a43e8ab6d54501d6f0a99
Jordbunds_og_terraenforhold:Jordbundskort_2024,"594775,6122825,599775,6126350",1236928,7e46a564bfbea1eac2cbcf4d4247fc2b0013502f324ecf724173594542596613
Jordbunds_og_terraenforhold:Jordbundskort_2024,"595375,6106575,597875,6109075",852878,02be565866bd178a07d3768694dbcfcd880e0193fe14741f6ed65224b5a13516
Jordbunds_og_terraenforhold:Jordbundskort_2024,"595375,6106575,597875,6109075",852878,7c48c9768ae842df8700b807571f1b4d0dc3687e4a23118f936671343b77b2e9
Jordbunds_og_terraenforhold:Jordbundskort_2024,"595375,6106575,600375,6111575",2886520,59bce8bd87ff9024cc2e4dcb5ff21503b6d55abfce0ca05236170ef6568ee6d9
Jordbunds_og_terraenforhold:Jordbundskort_2024,"595375,6106575,600375,6111575",2886520,c74246ea6b5c709887777feb1ccf3b351bfd4556b01ff15eb72980f4ec8b2613
Jordbunds_og_terraenforhold:Jordbundskort_2024,"595375,6109075,597875,6111575",807424,45e513dbbf8645458d4b76abe24dbef98d2e8e909f9281a2e00fbe860f7c0b27
Jordbunds_og_terraenforhold:Jordbundskort_2024,"595375,6109075,597875,6111575",807424,fcf961b5a02d0b2ab79011e70deee84d5265bcc741b406974a55d7daff2f2e7d
Jordbunds_og_terraenforhold:Jordbundskort_2024,"595375,6111575,600375,6116575",2060065,370f1b6471902199ef37a4a4500934c17f547020b3658b0553b642edc3c2e2dd
Jordbunds_og_terraenforhold:Jordbundskort_2024,"595375,6111575,600375,6116575",2060065,f47856cb63347f9bb950679685a2634385aabb483dee2e9be40999ca340c7fe2
Jordbunds_og_terraenforhold:Jordbundskort_2024,"595375,6116575,600375,6121575",2634942,4a02f438f951f184be402a47950fa53d8ad9e3cb6194412c5dd1e1b804a0b72b
Jordbunds_og_terraenforhold:Jordbundskort_2024,"595375,6116575,600375,6121575",2634942,89722383e93323800602d2ab203d700ae38ffaffacd8744a50dcd9bed5e7d4cb
Jordbunds_og_terraenforhold:Jordbundskort_2024,"595375,6121575,600375,6126575",1688385,7b20f3a4eacdcb26a1dbdded048cdf22fe057461485b54f9e0bd21844cdb735b
Jordbunds_og_terraenforhold:Jordbundskort_2024,"595375,6121575,600375,6126575",1688385,df07053f770791f2c8c8fa5a3364229a131a8ca0613cca93935fc9bd718847bd
Jordbunds_og_terraenforhold:Jordbundskort_2024,"595375,6126575,600375,6131575",1554346,130ef3bdd44965b47f889a12d9740840196686385d9ebcec97b8a81ea6f4aa6b
Jordbunds_og_terraenforhold:Jordbundskort_2024,"595375,6126575,600375,6131575",1554346,41c772788e6e28c9fdda0674a5937f182978369b33003d21398267f10e7e671e
Jordbunds_og_terraenforhold:Jordbundskort_2024,"595375,6131575,600375,6136575",2276784,0879c2e98ca353970289d94611eda02083da26be096f6f647bfc007838b5b88e
Jordbunds_og_terraenforhold:Jordbundskort_2024,"595375,6131575,600375,6136575",2276784,a6281641b3be9084a2f81ccea2f60894a6449e6e8ed6f9320e7cb4c7234a6a7d
Jordbunds_og_terraenforhold:Jordbundskort_2024,"595375,6136575,600375,6138600",1309608,47e55f55e94146ed447dda23586729d7c91316a701a75bdb832a8ea57755bfa6
Jordbunds_og_terraenforhold:Jordbundskort_2024,"595375,6136575,600375,6140800",2603358,dc1dcb0e2a204f9adebcabc8d8a10664f145bd8f7b6a374c914a86554ddea60c
Jordbunds_og_terraenforhold:Jordbundskort_2024,"596100,6111075,601100,6116075",2059107,9cc891158c4f78c0fd74ff523d5f32ee46421498c548afb66a0b2696e56963dc
Jordbunds_og_terraenforhold:Jordbundskort_2024,"596100,6116075,601100,6119475",1804795,5f7e44a027d522577fe12e515f8a8688f30893a2e5ca94793ddf92b3c6b7d65a
Jordbunds_og_terraenforhold:Jordbundskort_2024,"596600,6122000,601600,6127000",1349145,4b8aae45029f83fe30854e18d9fcf4de3d4a02c0976a22604428b4f944349136
Jordbunds_og_terraenforhold:Jordbundskort_2024,"596600,6127000,601600,6132000",1463241,31b0689d123380d8020b499c4b6195b09e3405759208ee762d5fbb1c86585d3f
Jordbunds_og_terraenforhold:Jordbundskort_2024,"596600,6132000,601600,6137000",2475275,5cafdec6264dcc831d5a16ac293afe9ae8b202ab4d424d3e3126ba6b94c4a51a
Jordbunds_og_terraenforhold:Jordbundskort_2024,"596600,6137000,601600,6137100",175008,3695f4aa9f4ead4a5508145df6cd1686affa06e6a3614ce50d939324274dace4
Jordbunds_og_terraenforhold:Jordbundskort_2024,"597150,6106575,599650,6109075",633503,36a220992c777037b60db980d86bf135bca798513ca920ab7243b906b05457c7
Jordbunds_og_terraenforhold:Jordbundskort_2024,"597150,6109075,599650,6111575",904865,a488ed1f7e3ef581e9096334922b524083bb00ca3eb1d6de1acdf9e66186ab5a
Jordbunds_og_terraenforhold:Jordbundskort_2024,"597850,6234050,598850,6239050",432663,467528246dbdba7858071e90870591d3c60d566da8c2a7da22c20d2f5eb8a887
Jordbunds_og_terraenforhold:Jordbundskort_2024,"597850,6239050,598850,6240475",141543,085e79b90ccf108b6dd3533113309b79fc7aa2a5111cc3b7fff58e57f8ade0ee
Jordbunds_og_terraenforhold:Jordbundskort_2024,"597875,6106575,600375,6109075",726460,562b84ca7441e4c5c466636aea51d2a548d444b42cdb4e3cbdf61cfff1f8396d
Jordbunds_og_terraenforhold:Jordbundskort_2024,"597875,6106575,600375,6109075",726460,60955e8cd426fb428df55c1df9ec4bf8c58bb287c535c56c96f145eba7ddae06
Jordbunds_og_terraenforhold:Jordbundskort_2024,"597875,6109075,600375,6111575",831393,096c916793f40d99e24ceacb5af8fa3f4029ee1462385ae81d29fb5c44b3b2b5
Jordbunds_og_terraenforhold:Jordbundskort_2024,"597875,6109075,600375,6111575",831393,8db5d0f0d9184456aa76f04a41bc40425f2df2e0d789325558060f3648d389eb
Jordbunds_og_terraenforhold:Jordbundskort_2024,"598975,6110825,603975,6115825",2534216,4a4a9b64ca047c0c4a545de62ee2b57a49747bf3340075b2b7118f979d6cb4fc
Jordbunds_og_terraenforhold:Jordbundskort_2024,"598975,6115825,603975,6119225",1874590,9b6d682871cfbd56bb30f94f933b225e85090574833d025bc0bab61f6d48448f
Jordbunds_og_terraenforhold:Jordbundskort_2024,"599650,6106575,602600,6111575",1338941,a22fe41559c3a4868e7d0d434d667598a9b2e472067e139bd582bb025930e0b0
Jordbunds_og_terraenforhold:Jordbundskort_2024,"599650,6111575,602600,6116575",1744937,c436632ee4314d1da2dba21c1ba4bd1deb32c20ba1bb3db0ad332f0bf4d05cd0
Jordbunds_og_terraenforhold:Jordbundskort_2024,"599650,6116575,602600,6121575",1698204,ba5b200ae84881ec98bf5ce4caeed2e43ac00bdf696c71d26a0e924ed95a3aca
Jordbunds_og_terraenforhold:Jordbundskort_2024,"599650,6121575,602600,6126350",817373,8c76f046ebbb0042d47a876cfe743d6ee711c0a7c1f8dfaf108c331df86a2252
Jordbunds_og_terraenforhold:Jordbundskort_2024,"599775,6117825,602600,6122825",1404488,47d5fa3311c7bf64f4e5b781bd795953b80d61694e266283ac388f7cab9a140f
Jordbunds_og_terraenforhold:Jordbundskort_2024,"599775,6122825,602600,6126350",515487,18aa3eab62386db2c604cef95b56285e30ae944892b4d553a97c787d6765f1c1
Jordbunds_og_terraenforhold:Jordbundskort_2024,"600375,6106575,602600,6111575",1108191,01bacf168fd0f5860e2708fe7f020e36b1c584a3988b0e0294e95d8b6a1aa5dc
Jordbunds_og_terraenforhold:Jordbundskort_2024,"600375,6106575,602600,6111575",1108191,4e0154ce751d37565620ea137982db204c717c80ce0d0a30227a2295755eb424
Jordbunds_og_terraenforhold:Jordbundskort_2024,"600375,6111575,602600,6116575",1449877,4006043faed75411240b0b6e71f37ed3cb4751f5b35a6c6a3b330c78783190b1
Jordbunds_og_terraenforhold:Jordbundskort_2024,"600375,6111575,602600,6116575",1449877,a3f06137cae356866e837b71f63d7942b435544438daee8d6adf12c9ea076067
Jordbunds_og_terraenforhold:Jordbundskort_2024,"600375,6116575,602600,6121575",1265491,66a5528c507570aac36a032ade95135f590cdd9e1075458d8d78a302ec5d8933
Jordbunds_og_terraenforhold:Jordbundskort_2024,"600375,6116575,602600,6121575",1265491,9c6553cd37220c8f2e99e0ab1279a17405df407c58a2be792295ed746bbf49d3
Jordbunds_og_terraenforhold:Jordbundskort_2024,"600375,6121575,602600,6126575",715076,85166f82e25a55c0c9f93609ad17f581ba6fbad68cef10ad0b80bd7302575ffd
Jordbunds_og_terraenforhold:Jordbundskort_2024,"600375,6121575,602600,6126575",715076,cdcd19961af9c68664d8e261ed45d0f9c06ccf1865d1b77be99abe44f6acc04c
Jordbunds_og_terraenforhold:Jordbundskort_2024,"600375,6126575,602600,6131575",691636,b18bd611a552b5da55c49e95e61c98d6ef0d27b2a7f71689e23f218ab9136c54
Jordbunds_og_terraenforhold:Jordbundskort_2024,"600375,6126575,602600,6131575",691636,d4f472df043ca8ca6d1cdba43fed6bb1156469bb0e80d5dcd9fbe94463de19c1
Jordbunds_og_terraenforhold:Jordbundskort_2024,"600375,6131575,602600,6136575",1187383,3648f94f503517effc53e55dae2f527b5e91089b4dc3274d8a055972352023b5
Jordbunds_og_terraenforhold:Jordbundskort_2024,"600375,6131575,602600,6136575",1187383,c451ba941aeb63a131f570b12ce92ed2589554a8779c4e097c37e0e2c1107fd6
Jordbunds_og_terraenforhold:Jordbundskort_2024,"600375,6136575,602600,6138600",737449,d025f322caee09302bcc42cd813917d85a1171a6d632d0978034c0a32fe591c2
Jordbunds_og_terraenforhold:Jordbundskort_2024,"600375,6136575,602600,6140800",1350219,c9c1dda03246309a83f272962e91ddca88f837beb87b5f8c2b09c53bbad6226e
Jordbunds_og_terraenforhold:Jordbundskort_2024,"600925,6104700,605925,6109700",2166302,bb1b0f6da5fcadf2eda47ca8ec6ef1f3ad336564d2877abba79293b8ca7f36d4
Jordbunds_og_terraenforhold:Jordbundskort_2024,"600925,6109700,605925,6112625",1708351,8344f6e5ab0bc8c07303c2e4114ebbd5bfb584de8955084838ddedd593d531bf
Jordbunds_og_terraenforhold:Jordbundskort_2024,"601100,6111075,601775,6116075",611084,d92b6aae7d5f0ca77fa1d0728d4d66fb95ed92d39ca80c85fd8389626ef829fd
Jordbunds_og_terraenforhold:Jordbundskort_2024,"601100,6116075,601775,6119475",303677,1a4315b7d661554971a8e7287007e349ad133475a1039aa54a716a1574fac9d8
Jordbunds_og_terraenforhold:Jordbundskort_2024,"601600,6122000,606600,6127000",1551582,3b3d2127cd8480c85da9ab2459abdf43f82fb72b2de3cbeb7de9289ca492e7d0
Jordbunds_og_terraenforhold:Jordbundskort_2024,"601600,6127000,606600,6132000",2234377,c5fc87bce53b13a0149cdf08e3369b6e344bff740e648db28b72e295e630a730
Jordbunds_og_terraenforhold:Jordbundskort_2024,"601600,6132000,606600,6137000",2889134,0ceecd1b53474415230bf158fcece242c7d13bfec9c93c60084d7bb588097cff
Jordbunds_og_terraenforhold:Jordbundskort_2024,"601600,6137000,606600,6137100",260579,c041ed7a83a0c082e535c66f29b558350f3d5fada65c09dc47fda88d00e71b80
Jordbunds_og_terraenforhold:Jordbundskort_2024,"603975,6110825,608975,6115825",1700102,5a06ffdba0a571877af31a9fd78b4a51a81ad9f5716898f4e3794063f3f248dd
Jordbunds_og_terraenforhold:Jordbundskort_2024,"603975,6115825,608975,6119225",1127997,fa57ac63246f210acefa6659c07d1eb3a8243039e886e8a3ff79524cfe32b8ce
Jordbunds_og_terraenforhold:Jordbundskort_2024,"605925,6104700,610800,6109700",1089800,ffc39044b502203aa876fa763b1ee8c304145b955a908105de8efa7104642f24
Jordbunds_og_terraenforhold:Jordbundskort_2024,"605925,6109700,610800,6112625",1071787,598c042df6560a0b8ea89967791ea67a0d25f33e3a58c286df4da04f54407f81
Jordbunds_og_terraenforhold:Jordbundskort_2024,"606600,6122000,607200,6127000",301995,87a5a20d035432b2ecabcd622d9ddba23f9cda097bf92025af538b9442b19693
Jordbunds_og_terraenforhold:Jordbundskort_2024,"606600,6127000,607200,6132000",472651,533ff382f4a81770b37b9f5e2be1a09d60c5b03401a4370344d5ae575b5bb3b9
Jordbunds_og_terraenforhold:Jordbundskort_2024,"606600,6132000,607200,6137000",460850,ccaa4d6b40f380135dee1a79942801e852b02ddcca1c4118d889f0a32a7c44af
Jordbunds_og_terraenforhold:Jordbundskort_2024,"606600,6137000,607200,6137100",26613,3c699f7babe21a5225ddb37259ba753dcf12b533bb190b79381c25b24aef2aed
Jordbunds_og_terraenforhold:Jordbundskort_2024,"608975,6110825,613925,6115825",1392664,d0ce0b28cf4a4f2406c234c78f411d7d1d69961c20410b8f2bdfcaf704804eb3
Jordbunds_og_terraenforhold:Jordbundskort_2024,"608975,6115825,613925,6119225",871738,da542cdc7fd1892e1008347cdcaa8f767c46c768b901a5bb2949922e8ec25e1c
Jordbunds_og_terraenforhold:Jordbundskort_2024,"638225,6130425,643225,6134875",1082271,9bdd08d8b60983f4c1ce21b43a42d7814374d9d9ba20de1e2d4a3a621252c016
Jordbunds_og_terraenforhold:Jordbundskort_2024,"643225,6130425,644025,6134875",231863,7c138025b60ef84eb3a62194fa5fbcd972e9d72b2d0226419a0cdba42ef605e4
Jordbunds_og_terraenforhold:Jordbundskort_2024,"645925,6081475,649725,6085975",1248009,53ae48705fd066a641139dd119c5fe2c30890e5b70fc396097060e109384a422
Jordbunds_og_terraenforhold:Jordbundskort_2024,"653000,6071025,658000,6076025",1560218,827ea1675b68fab6bfd3f70fb4f21d394f1ccc292c7352a615039d285c064cbf
Jordbunds_og_terraenforhold:Jordbundskort_2024,"653000,6076025,658000,6080275",1551797,027d1dffdf67ca5499050de117ee3e2e301f07bfd9e8bbf1fbefd1bc2861e42f
Jordbunds_og_terraenforhold:Jordbundskort_2024,"653750,6165525,658750,6170525",2142330,c044ada67460b57f6535d43cc9c48b7109194e00d8317b12a02a7b4b40b025b4
Jordbunds_og_terraenforhold:Jordbundskort_2024,"653750,6170525,658750,6175525",2516844,9dfbbaaa9cbf2a1572cc0c869ed65d81db136aecc335eb336ea1b101f964749e
Jordbunds_og_terraenforhold:Jordbundskort_2024,"653750,6175525,658750,6177325",622984,5a77f4e9625e44803d59bf780a8eaca7c930ca87607ae825aa8b5ffc261fc752
Jordbunds_og_terraenforhold:Jordbundskort_2024,"658000,6071025,659775,6076025",759401,3eda52e1a79a5c7edab8d0d6e3d4ac22723d088c9eafc3bfb0e98bed7db9559b
Jordbunds_og_terraenforhold:Jordbundskort_2024,"658000,6076025,659775,6080275",322808,d70da6e447d0f076017ffb7b2b875275aefef775b7a6f6858b383842947970a6
Jordbunds_og_terraenforhold:Jordbundskort_2024,"658750,6165525,663750,6170525",1941844,ecbafa44d06fad951f11748e40716e5e1e2f9158d7b5181d610547981da3ca8d
Jordbunds_og_terraenforhold:Jordbundskort_2024,"658750,6170525,663750,6175525",2319082,06e83a80633e41353108693d5c24a9c8486fea8c96d80b99928593ea6ee18942
Jordbunds_og_terraenforhold:Jordbundskort_2024,"658750,6175525,663750,6177325",1023297,8a9eb1b8ef0d0ddf1f2abdeaf24eda4c243d99241c69a76d6751e7677dbb2c29
Jordbunds_og_terraenforhold:Jordbundskort_2024,"663750,6165525,668750,6170525",1770612,5b137139a162a32857ab6ba6a5fa6f122025a4eadea956aeeb9c08ba8afd98dc
Jordbunds_og_terraenforhold:Jordbundskort_2024,"663750,6170525,668750,6175525",1500599,43f992f8292b0e879fecfc7737981944721346856abee3495e202fef9928dfb3
Jordbunds_og_terraenforhold:Jordbundskort_2024,"663750,6175525,668750,6177325",632055,35de9d5d32b10e74e246eac46dba3f1307a99f242c12c626a0d4fb5f22597933
Jordbunds_og_terraenforhold:Jordbundskort_2024,"664675,6169025,669675,6174025",1126309,edf3b094288df9ce0b95390ba28865944dafb7ae63d30ba4cc6dd60a1cbdba04
Jordbunds_og_terraenforhold:Jordbundskort_2024,"664675,6174025,669675,6177675",1120790,390d8788662ff51d64ca6968570c386f8a514b6d9e066372824ae76fff1a0bd4
Jordbunds_og_terraenforhold:Jordbundskort_2024,"668750,6165525,669800,6170525",556968,beeb72cf88c7c612ba910d00792dcfd09ec2a20031e709afde7ec22e3a0dd09f
Jordbunds_og_terraenforhold:Jordbundskort_2024,"668750,6170525,669800,6175525",410388,70d22637cd559548f1ef2091d4b7bccbcdc07130215061b895216579f0561f82
Jordbunds_og_terraenforhold:Jordbundskort_2024,"668750,6175525,669800,6177325",69339,4ab5c4299e92514cfa81bd66bbcdf037a1bcc3636c0cbc5b67c14e8c2ced433b
Jordbunds_og_terraenforhold:Jordbundskort_2024,"669675,6169025,674675,6174025",1240218,bfc46f7b9fadb7c0324bc9cd70f9309d8ffd96da4054debe3850e997bc1fa082
Jordbunds_og_terraenforhold:Jordbundskort_2024,"669675,6174025,674675,6177675",795004,55e77b81353ed9def76df0bbd058b01f0221f1eced57564cf3e24bc943d72421
Jordbunds_og_terraenforhold:Jordbundskort_2024,"674675,6169025,674700,6174025",116986,ae60cac8c2771dd27db73d9463017e8db9864202f70d5c259dd9d66f401e20ef
Jordbunds_og_terraenforhold:Jordbundskort_2024,"674675,6174025,674700,6177675",146847,6592c6259a3c7c160fb3608de27cee2c802ef368d24bf9c1d602bf7905897147
Jordbunds_og_terraenforhold:Jordbundskort_2024,"674775,6160100,679775,6165100",1173575,53b3f4ec33acc2ef90ae6d70620ee74360632e4b0c322fa48f9435e993342272
Jordbunds_og_terraenforhold:Jordbundskort_2024,"674775,6165100,679775,6169475",1016718,8902a0997f4110b7cb1fcd13d7b5ede4a6ccb64620c7d726b05d6d7fb7ba872e
Jordbunds_og_terraenforhold:Jordbundskort_2024,"677250,6160100,681450,6164625",955107,8f70f3a7a40a9b135ad9ed70f1b1ec4799c182c6a42f1b7e27cb034e82689fac
Jordbunds_og_terraenforhold:Jordbundskort_2024,"677275,6144075,682275,6149075",660738,9f1c96b9b491507565bc4699f70c31020ace44117c0f559691242ec7c89cd822
Jordbunds_og_terraenforhold:Jordbundskort_2024,"677275,6149075,682275,6154075",1223655,cd80515fa2eb82f7b5a1abc644f95a670200037b6b0715a7e2bea39598776bc4
Jordbunds_og_terraenforhold:Jordbundskort_2024,"677275,6154075,682275,6159075",1536820,68e9a66828e22d7334c1c7c60b6a6de1ed7c4441a32617ef2a3dbd003373ddf7
Jordbunds_og_terraenforhold:Jordbundskort_2024,"677275,6159075,682275,6160350",479803,7226fbb5241c68593a5b448930a3aff8e52cd448a29269118910c9ed071c5849
Jordbunds_og_terraenforhold:Jordbundskort_2024,"677525,6168225,681525,6173225",1082081,609a7425179a803252c12c578b333be52a8eb1ea1eb5027e79542c002b009a82
Jordbunds_og_terraenforhold:Jordbundskort_2024,"677525,6173225,681525,6173400",178177,060ccc504d6f97a27681883061f7ec3cd9a485396fe489da483554bd15b022a4
Jordbunds_og_terraenforhold:Jordbundskort_2024,"679775,6160100,681450,6165100",495882,f1469ef138434d40fcea85c06ba934d3db3d168b8810c4cf9d8f48620fc78f53
Jordbunds_og_terraenforhold:Jordbundskort_2024,"679775,6165100,681450,6169475",454556,4d82be877f720c3cdd5cd062d5ea0c3027a45bc426edc870702e78cb1c3f91d8
Jordbunds_og_terraenforhold:Jordbundskort_2024,"680175,6155625,685175,6160625",1312262,8d2edd4d0589c87d9c22c866c994a5d573c1b24fba6c13e94081378f349c4ac3
Jordbunds_og_terraenforhold:Jordbundskort_2024,"680175,6160625,685175,6165625",1359617,317e37d05e6678b36611574e9e36597a81358aa3fa2687973c3e0a8041ac918b
Jordbunds_og_terraenforhold:Jordbundskort_2024,"680175,6165625,685175,6169500",1098075,c416e800a7be14c789e48f025d990d1f8113dc2e0f7d024e2c0a44f2353de8fb
Jordbunds_og_terraenforhold:Jordbundskort_2024,"682275,6144075,687275,6149075",928923,460e9249f31d4e40a54ee24eb3b9fd2e9a133c5c2d50723b14ed841a30db4057
Jordbunds_og_terraenforhold:Jordbundskort_2024,"682275,6149075,687275,6154075",1327319,084125aee7ef57007b0586f6174bb3098461623ee4bb73568a18517a1dd22f31
Jordbunds_og_terraenforhold:Jordbundskort_2024,"682275,6154075,687275,6159075",926502,e6d7a2b7fd52221a6743bed3a1dafecf24b380fcfa8fa257707519bb8dc4b768
Jordbunds_og_terraenforhold:Jordbundskort_2024,"682275,6159075,687275,6160350",404723,eb0139140f16720491f4d3e5c194c73e2f9e2aadc784eb039b3de3809ab4ee72
Jordbunds_og_terraenforhold:Jordbundskort_2024,"685175,6155625,690175,6160625",989332,b08680ff4e0fc511dedb993fda31833af94814a97c23a13ec969658f9839ca22
Jordbunds_og_terraenforhold:Jordbundskort_2024,"685175,6160625,690175,6165625",1207698,9229d874febec24eed0d113311c4b1381f73408b5c92c892fcf5fdd205716698
Jordbunds_og_terraenforhold:Jordbundskort_2024,"685175,6165625,690175,6169500",987900,49c386f17420c92d9e67ebc2dfedd12f5fe3e775c022c05f83ab0106c807677b
Jordbunds_og_terraenforhold:Jordbundskort_2024,"687275,6144075,692275,6149075",1113598,10af5e37eb83d68f07d0b8842cb96eeca3dfd7fb66bb25399afe0e1013cfb607
Jordbunds_og_terraenforhold:Jordbundskort_2024,"687275,6149075,692275,6154075",1266087,f503f227b8a2f2a99b0073c24c483c7f735cd9294d812470c7f49ee5a9792b21
Jordbunds_og_terraenforhold:Jordbundskort_2024,"687275,6154075,692275,6159075",1137020,9d1df53d4024b42561c550f1659a5601f1e854be568d11d186cdc80993b9da14
Jordbunds_og_terraenforhold:Jordbundskort_2024,"687275,6159075,692275,6160350",334307,c5f8921df0fa761ba51f01089d74c5cbac879e254aeb798cca77ef99d5d67c31
Jordbunds_og_terraenforhold:Jordbundskort_2024,"688275,6127650,693275,6132650",1211399,1cfd56a2e545b2244f0a718953c50648dbbad76f1efbdc435dab709045a50d1e
Jordbunds_og_terraenforhold:Jordbundskort_2024,"688275,6132650,693275,6137650",1509577,e7457236f798ef1b5fe80df4068382ef2544b93530f282ed2790e94a388b0f3d
Jordbunds_og_terraenforhold:Jordbundskort_2024,"688275,6137650,693275,6142650",1183463,c7a9d94c4efceab9e30b0cd02375198ca38e904c787fa697e41bac8b2530bbce
Jordbunds_og_terraenforhold:Jordbundskort_2024,"688275,6142650,693275,6142900",270224,1955bf6bda1ae97e58164aaba59d0f9feb9493718d7bc28102ef961438af2406
Jordbunds_og_terraenforhold:Jordbundskort_2024,"688950,6099625,693950,6104625",1159299,b8b101dcc0c0464836c5bd0f6a1623595ea7902937d480022f2bb919e998970f
Jordbunds_og_terraenforhold:Jordbundskort_2024,"688950,6104625,693950,6107400",544088,714d5cb066f5dd421137e475ee3c5646486173f0b5a3ab15d7b34e3bc6d9223c
Jordbunds_og_terraenforhold:Jordbundskort_2024,"690175,6155625,695175,6160625",1194933,040bb753aecf4a665dcf60e501f6d8e115b3894827027dfa694931f917e64b58
Jordbunds_og_terraenforhold:Jordbundskort_2024,"690175,6160625,695175,6165625",1635265,76dffa841a8d674f4326d503e5fae3dc48b39b8941afc3bc2a13a4abdd9034aa
Jordbunds_og_terraenforhold:Jordbundskort_2024,"690175,6165625,695175,6169500",669171,3532d83c8ec4b772b21d2a6e270f396f1e247356003e0d88160b6c357dd40fde
Jordbunds_og_terraenforhold:Jordbundskort_2024,"690600,6154450,695600,6159450",1171760,33777e706a1b3e894349e1e6f2e94ee031d61f6e91dfff658b01c22ed5effeee
Jordbunds_og_terraenforhold:Jordbundskort_2024,"690600,6159450,695600,6160225",314576,a691befb69a0cb7677e6925192b6f3a027864eb4e7f2b2be790f42974146e067
Jordbunds_og_terraenforhold:Jordbundskort_2024,"691950,6184875,696950,6189875",2268237,bdc71ca422ae01f82abb96b04dcfd06a312126f0f6b6c169e21faae2701e2720
Jordbunds_og_terraenforhold:Jordbundskort_2024,"691950,6189875,696950,6192825",1244225,5ff72a7c4e4f39c57d25ba801cab152514362f94edec77f2a8b1bfa9ee1c7eb4
Jordbunds_og_terraenforhold:Jordbundskort_2024,"692275,6144075,696275,6149075",818782,de6f8488211a9115ec579c5305a2180450178cf8a7d4d11dec06f4eb3a61ebff
Jordbunds_og_terraenforhold:Jordbundskort_2024,"692275,6149075,696275,6154075",725154,b6e97403f3969418d99c7a79c5dbe758f09bf0163352715950dd59b907cb889d
Jordbunds_og_terraenforhold:Jordbundskort_2024,"692275,6154075,696275,6159075",929179,3f172aaea01e85f16f145f3dc613f1ecd3217fe7b534a4792acc0ffc2ce0b397
Jordbunds_og_terraenforhold:Jordbundskort_2024,"692275,6159075,696275,6160350",424440,121c864437c38a9a3daba24f2ca1462aa77fb6726219251e3792e9aa277386d0
Jordbunds_og_terraenforhold:Jordbundskort_2024,"693275,6127650,698275,6132650",1173075,2475c8b8f5de4bb1b9005917441755d0240172280502aa9756406c51077c7758
Jordbunds_og_terraenforhold:Jordbundskort_2024,"693275,6132650,698275,6137650",1118067,ba7955da991c6235cf09cd68733169b4a5453f0e65ce0b9a6fd4880de0e18b6e
Jordbunds_og_terraenforhold:Jordbundskort_2024,"693275,6137650,698275,6142650",1056529,470e2eb9fa9b48dc479eef1908833e44055cee122959f7e78558590ae5b304f3
Jordbunds_og_terraenforhold:Jordbundskort_2024,"693275,6142650,698275,6142900",134534,75e22cba2ff6f384d43e915e54edd3626f0b0c322e199e6647e5b8487894438f
Jordbunds_og_terraenforhold:Jordbundskort_2024,"693950,6099625,698950,6104625",824804,d1ec97cc8da6da7590f4c0cf7e0f5ffe15a361b2f0d83eb572f020e255dabe2b
Jordbunds_og_terraenforhold:Jordbundskort_2024,"693950,6104625,698950,6107400",675897,6c7f3d5cd8ab72ff3bb9d1f12918a168c37123a20432d15444697f5a90b8cf79
Jordbunds_og_terraenforhold:Jordbundskort_2024,"694475,6190175,699475,6195175",2472570,1ad96d635f9fe15ec79d1a21f8fa0ca4802a1eede5c2fd8f0d2d7a0ea3e67a2f
Jordbunds_og_terraenforhold:Jordbundskort_2024,"694475,6195175,699475,6195275",192082,1fb4c75d7c290316042dc193d2ed75f24651640f69e1e77b5ccb803405a12e9e
Jordbunds_og_terraenforhold:Jordbundskort_2024,"694625,6213250,699625,6218250",2168757,e8aedbd9b7835dd91ff47356ec001e18bed7ac62b9ef3904f23520255a867276
Jordbunds_og_terraenforhold:Jordbundskort_2024,"694625,6218250,699625,6221000",805410,0728a6301409b0c8bf2b730d387eac19afa593aacb1370dd6f8ad8abbb8f8788
Jordbunds_og_terraenforhold:Jordbundskort_2024,"695175,6155625,700175,6160625",1250151,a710134ff0dd364bfebb76c8c14e12707d563152c31378325b7bf244a1caad07
Jordbunds_og_terraenforhold:Jordbundskort_2024,"695175,6160625,700175,6165625",1115374,734fc57956fd93938899d91213a903691981435c1a0286c36e374f615073d6e4
Jordbunds_og_terraenforhold:Jordbundskort_2024,"695175,6165625,700175,6169500",424288,10fe0624c3e6ccebc09f74d41280957ffb3bde46fe14ba2d9c3ef547ddfd171e
Jordbunds_og_terraenforhold:Jordbundskort_2024,"695600,6154450,700100,6159450",941620,1ffaaa80d68104339e1484f50b55cab95db06662f895f0bf099db9acdf9c13a0
Jordbunds_og_terraenforhold:Jordbundskort_2024,"695600,6159450,700100,6160225",263051,70e9ee4d6bbd7dd36ae37193b821b3072cc935bbefbba6f00c27a67f7df941c1
Jordbunds_og_terraenforhold:Jordbundskort_2024,"695725,6168950,700725,6173950",701587,a5e5246243188337ede5880d5e660f44cdf231138dab0f1824bdf14f8cc7918a
Jordbunds_og_terraenforhold:Jordbundskort_2024,"695725,6173950,700725,6176750",871531,8bd81186beacbc619b39d605cb2904529e340287412abf34a7da97e63c55b83b
Jordbunds_og_terraenforhold:Jordbundskort_2024,"696675,6192875,701675,6197875",2215783,e77e8b2519d0ab3265b3a5b6820e33c9c73a2a6d24e6140c9e0f56fa6b6b81d1
Jordbunds_og_terraenforhold:Jordbundskort_2024,"696675,6197875,699175,6200362",831837,3495f31e4d8140c511537ec7ee88474772c6471c9b3cac621cdb22fd83180d0f
Jordbunds_og_terraenforhold:Jordbundskort_2024,"696675,6197875,701675,6202850",2963478,f96bec66a95ce68e49e52d22cb715697f2827c8c5952ede41b5085bc7e091391
Jordbunds_og_terraenforhold:Jordbundskort_2024,"696675,6200362,699175,6202850",828137,dc0db03308473d36177cccc4a17adf31ac16dc69c7d78f8d85b0ceb9d967b4f9
Jordbunds_og_terraenforhold:Jordbundskort_2024,"696950,6184875,700450,6189875",1074763,2018d0210cb528733a056dacdbdc4841e4a939b9013d3419fd222848a569c3d0
Jordbunds_og_terraenforhold:Jordbundskort_2024,"696950,6189875,700450,6192825",1208243,42294448e2698db0691608dc52231ec7300672b65bf896a205b32413fd0359a2
Jordbunds_og_terraenforhold:Jordbundskort_2024,"698275,6127650,703275,6132650",998068,5668f5e683c2508480a0f2ed1d1329404ebde5a4d5e9732d279c80cf5eeea393
Jordbunds_og_terraenforhold:Jordbundskort_2024,"698275,6132650,703275,6137650",1231653,0b232c1931006042b64d6940a0ba5e9c583dd886daef43fbd027c6f927a3591d
Jordbunds_og_terraenforhold:Jordbundskort_2024,"698275,6137650,703275,6142650",1226273,cd7658d85af8d9e0269f070a2270e430c94d400e330fec247aa07792ca73d0fd
Jordbunds_og_terraenforhold:Jordbundskort_2024,"698275,6142650,703275,6142900",146013,8682e3ecf73c358da40d6c8f150ff999826ebc00ef1ab359f4bb2bdbce640551
Jordbunds_og_terraenforhold:Jordbundskort_2024,"698950,6099625,699000,6104625",143410,4a19ccba82543f3c95bc7992ddc507a565dd54c9865261af3cc635da0f9125a9
Jordbunds_og_terraenforhold:Jordbundskort_2024,"698950,6104625,699000,6107400",88493,ea9fdd6038eedd942c32fa343f4e423b00af636bb7fa49acafd1d81fec65b32f
Jordbunds_og_terraenforhold:Jordbundskort_2024,"699175,6197875,701675,6200362",918785,aff8a8fe2a69aa4a9dcf05514da0cfdf4837b7e960ce6b130ba7a12a0bea6852
Jordbunds_og_terraenforhold:Jordbundskort_2024,"699175,6200362,701675,6202850",805898,430e756d1e87d694a1e567a178f85532bd466d6866ef6b424e24c6d2453cfa94
Jordbunds_og_terraenforhold:Jordbundskort_2024,"699475,6190175,704475,6195175",2450069,ef665719d2009b0ce9e893d0d9801a356fe06ea59a92fb8827bb27a913589b69
Jordbunds_og_terraenforhold:Jordbundskort_2024,"699475,6195175,704475,6195275",333824,b36428c1927f4f3f10aebe45b16b9fed23a7f30fd0e006b33a463015fa95a73c
Jordbunds_og_terraenforhold:Jordbundskort_2024,"699625,6213250,702950,6218250",952986,cf21776e4e82d65131c8c42b153fd73358c1a321d861d068f685ae2cab70567b
Jordbunds_og_terraenforhold:Jordbundskort_2024,"699625,6218250,702950,6221000",663119,4f4f5055699d68d19ca360fbf152ff0e76af523e96ab32667e0101747c859bac
Jordbunds_og_terraenforhold:Jordbundskort_2024,"700175,6155625,700650,6160625",294583,7ef12757a66e1e018fed49ede65dd086c4364a7c78b68f1ae49217571d087ce0
Jordbunds_og_terraenforhold:Jordbundskort_2024,"700175,6160625,700650,6165625",218389,085133686c1ab3aeb4af005b8862fead138af098d3ed214d263cdff1b5c2daeb
Jordbunds_og_terraenforhold:Jordbundskort_2024,"700175,6165625,700650,6169500",111700,5b01679cc1feabdc9f0336b1df79f3f1dff7f1d757cacd761c7a840640a906e5
Jordbunds_og_terraenforhold:Jordbundskort_2024,"700725,6168950,701225,6173950",149077,85984c7a802d6844fbeae9ca47cc837fbe4af838083371f761da548724b5ba22
Jordbunds_og_terraenforhold:Jordbundskort_2024,"700725,6173950,701225,6176750",177237,b57f22ff83cc427a98ea7f90c9890b2c70d31b0de0df14864236682ccbf35973
Jordbunds_og_terraenforhold:Jordbundskort_2024,"701675,6192875,706675,6197875",2082118,824a9708794bb1abe20c20d4a13952b3e0a7131b1063a5720cd9ae23662cb625
Jordbunds_og_terraenforhold:Jordbundskort_2024,"701675,6197875,706675,6202850",2313973,fd66b15a7b93975f6f03342d38fb201aff4a8cfa2126787965746e97de15b724
Jordbunds_og_terraenforhold:Jordbundskort_2024,"703275,6127650,703450,6132650",202881,92b250c6d8be8e5807760421ba391db5d9e7418e2b6c200272ab028bcae0c087
Jordbunds_og_terraenforhold:Jordbundskort_2024,"703275,6132650,703450,6137650",116774,9192ad8079c426fc5e343f96af6938a07f82f23e8462b392df42f5ac3d508567
Jordbunds_og_terraenforhold:Jordbundskort_2024,"703275,6137650,703450,6142650",213385,6deb9e9187376ba4ecd35043efad4cf61cb38fb7280937b04b0ae853d889dd66
Jordbunds_og_terraenforhold:Jordbundskort_2024,"703275,6142650,703450,6142900",32525,4521c930f58ebf2eff0b8f63cba289a87af9a3f97520f7b5d609ac292e856455
Jordbunds_og_terraenforhold:Jordbundskort_2024,"703825,6188700,708000,6191975",1382765,b4832f1d7b209c516648d0cd5f352903d5b21ccf61bcf163fd2198501eb3b35a
Jordbunds_og_terraenforhold:Jordbundskort_2024,"704475,6190175,705850,6195175",614387,d711cec0e94aa78f87016c028612dff1ff92a286ca06a22cf0ec3bbb1ccf5afc
Jordbunds_og_terraenforhold:Jordbundskort_2024,"704475,6195175,705850,6195275",93624,af19934f1cdef280fd995e53a62d7b5e171b2dc64bd47f752772ef014d422e54
Jordbunds_og_terraenforhold:Jordbundskort_2024,"706675,6192875,709175,6195375",605273,26959c979b17fb81a64740af66ef51fb48f873926d88eb8a0f18fc70da8b7705
Jordbunds_og_terraenforhold:Jordbundskort_2024,"706675,6192875,711675,6197875",2645112,6ad8179a00908f5c40dc9e162db29c03658e8e5b32a134f51d94d072e0fa04af
Jordbunds_og_terraenforhold:Jordbundskort_2024,"706675,6195375,709175,6197875",536137,25a9c830131b046329eb954fcd96cae90788f82cb278e26fdbb7eed822ad17eb
Jordbunds_og_terraenforhold:Jordbundskort_2024,"706675,6197875,709175,6200362",623986,e3487f8bf1ae7fc7bd4ebc1a7cc4a71292b1d2ed1c5aba058498ab342cf67cf1
Jordbunds_og_terraenforhold:Jordbundskort_2024,"706675,6197875,711675,6202850",2768245,b7e8b57d61ba40dca5c025b39d7105e418c17fd7d45abe857fda2d2fd08d6293
Jordbunds_og_terraenforhold:Jordbundskort_2024,"706675,6200362,709175,6202850",717696,f8068d6d45b30d1c2f9476bc0377d5d31d8f1372b937b36e143ec361a1fb80fe
Jordbunds_og_terraenforhold:Jordbundskort_2024,"709175,6192875,711675,6195375",1106817,59f3832b680a8fc66db19f2cace650804218b3d227a542352fa2ea9a2a53371f
Jordbunds_og_terraenforhold:Jordbundskort_2024,"709175,6195375,711675,6197875",665786,10f663cd0d9c4a0a9e300fb48b55abaaa2b9df3a99bfc8d7817bd045c5413945
Jordbunds_og_terraenforhold:Jordbundskort_2024,"709175,6197875,711675,6200362",851099,95b92259b2f13022a22a7ab8a92296c8536164539bd469d1b1c65b0ed0b0c0f6
Jordbunds_og_terraenforhold:Jordbundskort_2024,"709175,6200362,711675,6202850",1049045,fe9cedbee480e21cc825f7e19665234cc17e0051ca4eba1f687a39d1f892325d
Jordbunds_og_terraenforhold:Jordbundskort_2024,"711675,6192875,711950,6197875",175048,069ae3a905fa24c0e6bb08a4a6a8509833cffa39dd081717d23e1f7e5cbe754c
Jordbunds_og_terraenforhold:Jordbundskort_2024,"711675,6197875,711950,6202850",413274,f3bf907c9747c179d3b8222f77a764960923752e57791d74000854ba8507656b
Jordbunds_og_terraenforhold:Jordbundskort_2024,"715450,6216250,720050,6220650",2478385,a62bafeea05388918413d12742982bffb4c89467a065b0478754be96b22359b6
Jordbunds_og_terraenforhold:Jordbundskort_2024,"863625,6125175,868625,6130175",1319171,1e4250e802c0b949541896fc1b202d5a5fde429c2a2f8e23a7835aa161cdb639
Jordbunds_og_terraenforhold:Jordbundskort_2024,"863625,6130175,868625,6134725",1145733,7848da8c0ea8d56aeb71bff0bc481e30edde58cecba961114160eb8b8a81f825
Jordbunds_og_terraenforhold:Jordbundskort_2024,"868625,6125175,872300,6130175",858778,434e2ee07ea353a3ef3ed88787d26ead5b7bd5e274d3d723a73aedf6514a7c6b
Jordbunds_og_terraenforhold:Jordbundskort_2024,"868625,6130175,872300,6134725",1150451,fd58c76eaa8b62605d7a2163505ba57e86fc933f15126db24432e79a088a0b0d
Markblokke:Markblokke_2021,"457025,6287150,463200,6292500",612819,f621313a2ec770e0be961233175b9047d6faa41b88bc643fc868168b2a41ecf8
Markblokke:Markblokke_2021,"465700,6296550,475500,6305975",1836401,dc8185fdd4d74ddac06138e2b446f66321b34f1611872bf4f3f4ba9def6459bd
Markblokke:Markblokke_2021,"465900,6255750,472675,6261275",708025,f9fdf66a95bd9352ddcefbe225ea0e81bfc6b34bff9f12e22855f7cab4671aba
Markblokke:Markblokke_2021,"476750,6148800,486750,6158800",2015493,9d5247f520912af357ebcd6e168554145aabbb5df0ea7ca19b9dbcf643a51a78
Markblokke:Markblokke_2021,"476750,6158800,486750,6164425",894092,b0a9dc93197cae3f834cd6f70374f585d36c69af95ed50b9986f73bc635e80cc
Markblokke:Markblokke_2021,"480925,6135025,490925,6145025",1675952,a71f0f553ddbb01f65e138eee3aac9fff27d7224c748ab05eb95dd8e7c7f6a94
Markblokke:Markblokke_2021,"480925,6145025,490925,6155025",1929670,18a603e4091fcec49e40ec936c3392ce52bfcf393ca80abeb5d5b1e2cc571d00
Markblokke:Markblokke_2021,"480925,6155025,490925,6162575",1443807,e7ebf689f86fd34c8306fd66763d33c29b38cabeb15fd44b4da9e3f0e85c286f
Markblokke:Markblokke_2021,"486750,6148800,496750,6158800",1746423,98fb97dc14384b496aa37c09eb59bc1c85603af9e4d1e86bd8cb40c66b518652
Markblokke:Markblokke_2021,"486750,6158800,496750,6164425",769702,d452e519bd99c191dc785e9e21c72d6da96ac65bb11f1ce21b34fa1a44ccb6e6
Markblokke:Markblokke_2021,"487725,6162950,497725,6172950",1659404,425c899770d27263f846b224ead44d02907518840e98c4b219b44a026ea03abe
Markblokke:Markblokke_2021,"487725,6172950,497725,6180675",940756,678a6d21a7850e0f260258cbd1395f4ae196b2b7b9787b96a520693ac7035d7f
Markblokke:Markblokke_2021,"488900,6135025,498900,6145025",1900472,e883dd11068f3e9a9de59e5040bbd413f555f9ae7250d04dc8548a320a57e817
Markblokke:Markblokke_2021,"488900,6145025,498900,6155025",1776067,5cabc818f604f25070e0cfddc16721d39b5a764c7ba25e0c137d82ec919bab74
Markblokke:Markblokke_2021,"488900,6155025,498900,6162575",1077038,9c2d804cd57f96d789563497f4be6da70e6c4cb3568211b8434ecb49459b1352
Markblokke:Markblokke_2021,"489775,6219825,499775,6229825",1556705,869b0cf7cfdc10fdd76e330be0b34dc070f9d1633d72bb4454b071aa97c9a1a8
Markblokke:Markblokke_2021,"489775,6229825,499775,6239825",1676168,5185523e2be26c2280715b90d6c69c5f1dae27a5779388072ca6facc048901e8
Markblokke:Markblokke_2021,"489775,6239825,499775,6249825",1291212,20827a0166e6ce75d9521eef002a4c40dcaf60a01c4986b6a678444bdb8258b2
Markblokke:Markblokke_2021,"489775,6249825,499775,6259825",1985990,7c5cb2539fac81928ad9c35ef7befd884073acb85a5a93a48fee18e6ea518bbd
Markblokke:Markblokke_2021,"489775,6259825,499775,6269825",1703383,2013bb2294d8381ab916a2e45d9df88bd3d20d362617c110e2dc74c82b84f93d
Markblokke:Markblokke_2021,"489775,6269825,499775,6275225",995978,ca504f7dcf23e151298fa18cea34f80426322a60f80417acf785a04f7d2d5629
Markblokke:Markblokke_2021,"490925,6135025,500925,6145025",1956013,77c9738ce3575b2ce49e15c16777cd8fc76a5f6f397fe4a7fd6f5d116e336388
Markblokke:Markblokke_2021,"490925,6145025,500925,6155025",1788873,91de9ef5f7be397f12fc99ea3435983126b86fa393ef8b630938ce9ea91adeee
Markblokke:Markblokke_2021,"490925,6155025,500925,6162575",1066830,3e5c1a2bd41d414a09921908c44148902c7781c5a94e4beaf038cfc66acf3cf5
Markblokke:Markblokke_2021,"494050,6219825,504050,6229825",1459431,e71e6d39fd6c07f7dfba001adfcdab6a5f4549e4d8f9730be9bc43989e7db485
Markblokke:Markblokke_2021,"494050,6229825,504050,6239825",1448836,562df8f1c9b4c5586a4834d0d2dc55c0796dad43c0227f6856af8d8571ead904
Markblokke:Markblokke_2021,"494050,6239825,504050,6249825",1272524,840cec3271718c4491836749c722fb57e0c3a6aabbb924a607e9786ea3aa2cc3
Markblokke:Markblokke_2021,"494050,6249825,504050,6259825",2233732,1714702472e7c2edd572021eca9283cf3db2bcea92fa35de3a8cfbb82b83950f
Markblokke:Markblokke_2021,"494050,6259825,504050,6263750",749215,36f05f12f019c0e168eb8bf1769acfc3185a2a82a946da205b5ca9d290587cb0
Markblokke:Markblokke_2021,"494075,6219825,504075,6229825",1457920,4c8f3fe61aff2a8fe443c9e1907af0215ac092a24f318b9ea0487926b679ce3c
Markblokke:Markblokke_2021,"494075,6229825,504075,6239825",1453127,e153ba546959ef333531374553e3854ae128fadc3eae9de0f5615655f14f6ad3
Markblokke:Markblokke_2021,"494075,6239825,504075,6249825",1271833,9fbb994f18dd75e4f62536466a28336bedae3570273e0a00abc321badc24e785
Markblokke:Markblokke_2021,"494075,6249825,504075,6253375",867200,c2cb0834e0610afa07b6521796547004df7051a8f14987a041895c02d48d9e2d
Markblokke:Markblokke_2021,"495600,6274850,501975,6284250",1057093,9234e1e4283e232314ec8fb3b844e5b0aa755fd70cbd9816a06afef4e5282005
Markblokke:Markblokke_2021,"496750,6148800,498050,6158800",220112,83c377d51042964dc309e08393b05ce93a4a2e069438e19d7dd9d5b4d10a0abd
Markblokke:Markblokke_2021,"496750,6158800,498050,6164425",113513,1866d019ca9bb21216a2fbcb0502b924f315ca84b4769d78dc3d0b4ffbb10130
Markblokke:Markblokke_2021,"497725,6162950,507725,6172950",1448151,bbe4ea051b44ce60f8893ad1cfc957938c67ce124734838c2b98c9febc933a0d
Markblokke:Markblokke_2021,"497725,6172950,507725,6180675",1005022,11f42ec86a2d8b44744265f1b7aa65f68daa5c01d980f4426527f0dcea7b5902
Markblokke:Markblokke_2021,"498900,6135025,508900,6145025",1757897,0ac5ad59af0693489db68bd41f3096df2fac3fc84825a2bf58ad43ecaca40138
Markblokke:Markblokke_2021,"498900,6145025,508900,6155025",1459722,19da7de5019fbad1304271c26045f2984eab7958cebdb7100bc80a90bbc2ea20
Markblokke:Markblokke_2021,"498900,6155025,508900,6162575",1296597,1e3c84b9cb0cb63bb7ad6c55172143e1ec9ce4294a6522c17a3a50e46d919707
Markblokke:Markblokke_2021,"499775,6219825,509775,6229825",1331404,7f22b826ea50e095deca024095c8f9875c9903d34c315292f544f282f6b84be6
Markblokke:Markblokke_2021,"499775,6229825,509775,6239825",973315,d49a634dc2f04a8274f06e4a7862e048be7dbdbda7a9e8be83b17972ba3ffaac
Markblokke:Markblokke_2021,"499775,6239825,509775,6249825",1433191,8939d6c49e46edcad313123ae85eb584e4ab1bc7aa83551e5c626c438022b9a7
Markblokke:Markblokke_2021,"499775,6249825,509775,6259825",2428146,ed53e71b2d9f18be6f49fa3f28c5de75007159a3ffed4104a6926b3c367ea869
Markblokke:Markblokke_2021,"499775,6259825,509775,6269825",1765557,8f619caa8fef06b702a09596c86cfeda198a319343a3d3917ca35e3295318df8
Markblokke:Markblokke_2021,"499775,6269825,509775,6275225",812238,69f51390e03fd5a106c46b7f64524ba5413569e85d8c0c42c02f9b272ba27b76
Markblokke:Markblokke_2021,"500925,6135025,510925,6145025",1739052,84a3a1476f82a5c77ecd96ea03ba263e18b78ec9177079e3236d402a27f20b9f
Markblokke:Markblokke_2021,"500925,6145025,510925,6155025",1354032,846265a6af62d308e6f7d0e2eb2c25caee916a01905c1f0cda41471315c10ee4
Markblokke:Markblokke_2021,"500925,6155025,510925,6162575",1288212,2e830e065a70f714991cd5ac1b96c60670fa57e4bc1cbe89652ec2483dbe1666
Markblokke:Markblokke_2021,"503225,6256450,508900,6261525",721109,271be67432e99560f3c8c671f3796fb7bceee7b9223b496fa268aad9a3a8e921
Markblokke:Markblokke_2021,"504050,6219825,514050,6229825",1371888,c999a33c13ad05ee62995b546c362bf74b6637e4a0982b5440e5b1efdd0c08c7
Markblokke:Markblokke_2021,"504050,6229825,514050,6239825",912508,fcb11ce5ff76f89ad5025cde96ad691013999ba27ce182748185651c8a680227
Markblokke:Markblokke_2021,"504050,6239825,514050,6249825",1290518,c90171feecea63517c40149ee93dea7f3e976d94dc06795fac52313f12a2efd9
Markblokke:Markblokke_2021,"504050,6249825,514050,6259825",2149230,2cae3def672f6b33173a8fb370ad651ed19da13b3674528130bc1c5fbd33f9db
Markblokke:Markblokke_2021,"504050,6259825,514050,6263750",828516,41a42d72cc0c500f53f7c6d46a60f82084a89faf4c7ce90156f3585946d787ca
Markblokke:Markblokke_2021,"504075,6219825,514075,6229825",1369827,5b288c88c1c67e45360f8f3cd6dccf39300fa87fdfe5118e4b76289cdba15666
Markblokke:Markblokke_2021,"504075,6229825,514075,6239825",910327,ae3d6aa730633ca161c20f88c4003cef5d25642f6807f9c2e42bfc06bdb8a053
Markblokke:Markblokke_2021,"504075,6239825,514075,6249825",1286602,453a2a89f8e4d3866d86f3a8f44bb19cea6666f720967c96b9c0886b6e2f3edb
Markblokke:Markblokke_2021,"504075,6249825,514075,6253375",590309,6ca187b81b7b9ec7095a6f261f79a0aa8244b00525d045bbaa39b714bba7f1b6
Markblokke:Markblokke_2021,"507725,6162950,516875,6172950",1070102,2a2ea2e307bf48ea4af8aaf3dfa89892674cb84f3ca7b002054cffecfae6abf9
Markblokke:Markblokke_2021,"507725,6172950,516875,6180675",1035041,1907d9c304f8aea879aab97adffd96fa0ea207bb0fcfcce26b6c3938df4b0029
Markblokke:Markblokke_2021,"508900,6135025,518900,6145025",1853810,6ab4d7d8d9ff05352bdc23b85f0c4d69601d279a7a2a5f9d58721f1dff8c293a
Markblokke:Markblokke_2021,"508900,6145025,518900,6155025",1729370,88897a55fb60893b5893f6f2bddeb0fa008e5394c4057c7b912bff7cac401d4c
Markblokke:Markblokke_2021,"508900,6155025,518900,6162575",1406235,d619d3fba7d1bb7865cdef50847a589fec0834e352f15723ec682d8b21fadd48
Markblokke:Markblokke_2021,"509775,6219825,519775,6229825",1386950,10b61631aee406dbc250593fe6a7805dabf7f0a4afd57266ac2d43cd51e93020
Markblokke:Markblokke_2021,"509775,6229825,519775,6239825",976736,1bfdef2565c37a4cb4318a03db03564463e36a7988d64d0ce8a2bea847e96d78
Markblokke:Markblokke_2021,"509775,6239825,519775,6249825",1259202,e771afcc1c4356f5a501b6abdf84d5bff7f0cd29bf5b50f7ff65d3085c90ac55
Markblokke:Markblokke_2021,"509775,6249825,519775,6259825",2008838,7b307cc75a3d16412ec9d56cb0f9520aab372949166279abf8d66d732d0865c0
Markblokke:Markblokke_2021,"509775,6259825,519775,6269825",1954908,f689a6e96c0c3a6d30df6453d686cbabf2f9afd85d307f5859fcbb58d206386d
Markblokke:Markblokke_2021,"509775,6269825,519775,6275225",1086150,50246b77bf4b72ff1dbd17b42363ce1a8133d49aa4fe29561638d906210aa45a
Markblokke:Markblokke_2021,"510225,6256150,515400,6263225",872097,39b3429a7eda73613ea357a49f8bb83bd903629948f24b00eef8d3035f201782
Markblokke:Markblokke_2021,"510600,6121975,520600,6131975",1549514,99521f8665232ebff6c33ebf30de08a7ff5be534716ccd477888f0406ab83657
Markblokke:Markblokke_2021,"510600,6131975,520600,6141975",1825443,529655088bb1273b4fa696e0e5e17a7d8ac876990f0b8fc76e6fc0c55e77401a
Markblokke:Markblokke_2021,"510600,6141975,520600,6143600",386022,90640cae1e4ea4efc4c838908d8e8c7f9473fab82b30156c3638aec8f8066f0c
Markblokke:Markblokke_2021,"510925,6135025,520925,6145025",1865805,b5a27b433c14ee077e558dc3fa148f108245031121576f34672ebd12a020ee8c
Markblokke:Markblokke_2021,"510925,6145025,520925,6155025",1857588,470faa1a7e73c1bdfa1ea35a959d53f0a913602bc3d67725dccf2e91218465ca
Markblokke:Markblokke_2021,"510925,6155025,520925,6162575",1432329,73158c15c2ef3cc61081e9c64b5fd87813150f2568aff1d4817addfa1c6aee1e
Markblokke:Markblokke_2021,"511925,6272025,513525,6273700",82073,a8123f5125fc5a935ea7fef8cd55a47c34b9e2b99f3a0b087b81cbb8af6f2d57
Markblokke:Markblokke_2021,"511975,6298125,521975,6308125",1725828,a32bbfb6270a9d3d806fc808ac83fc95098b2ec2c1cde7b12babd0b276ce261e
Markblokke:Markblokke_2021,"511975,6308125,521975,6311100",556770,554dbec8dc64fadbf3ffa19d706355d1f4654cdf59b6220c8af755ea95d00701
Markblokke:Markblokke_2021,"513625,6198250,523625,6208250",1536283,38421d1353311b87fde5e2e03ce280e44d85e45bc36575258ca8528507bd386c
Markblokke:Markblokke_2021,"513625,6208250,523625,6214750",588479,bd3a67753fb0900078b885d67ae989eed2ce4ca0abd5f262a77941ae9a75c8c6
Markblokke:Markblokke_2021,"514050,6219825,524050,6229825",1275759,ba34f7b3bdb2c085bd98e2120723a9cb587f1bd943bd66e23cd35455ea745fab
Markblokke:Markblokke_2021,"514050,6229825,524050,6239825",1254689,0570546a82e0a9cf1156c7835cf1803dbdd60ab3a34c735898ae44b64c298eec
Markblokke:Markblokke_2021,"514050,6239825,524050,6249825",1646145,18fa9f84a6cb66461d826fbe01aef3d111292dbeb2b7ea26570c5804b1a865a5
Markblokke:Markblokke_2021,"514050,6249825,524050,6259825",1556423,a5e397313526c862a3ea5e75fdbcd4fea45b59a0f70ec0ede144968aa18f13d1
Markblokke:Markblokke_2021,"514050,6259825,524050,6263750",956552,87f1651b11382e18b5ca92c8fea6db3a90f84000c813e0feca3396bae307b940
Markblokke:Markblokke_2021,"514075,6219825,524075,6229825",1276750,aa9ece526b102edf67d03ff7a831cb77acb386cafafefb0fda824807af35077e
Markblokke:Markblokke_2021,"514075,6229825,524075,6239825",1259437,81a9c19e502cf86c708ffe64a1d79b7de35059eef63620ad841358d56320231f
Markblokke:Markblokke_2021,"514075,6239825,524075,6249825",1650912,2989bebeab745d0e214ab4e7572217c5174319c1c90d24c7a593c0f640848333
Markblokke:Markblokke_2021,"514075,6249825,524075,6253375",382891,6835bb6627a89540689fbc0ed2ef3bb0bcdc43e7db63dfda59448c2bbbf1536d
Markblokke:Markblokke_2021,"514375,6192000,524375,6202000",1602515,97a24d954548ac84b3325e7c25b14f255726392e461fd1aa2c15597ed06c0cfd
Markblokke:Markblokke_2021,"514375,6202000,524375,6202075",62448,c3c10e91e8a95ed84997abf8c8bc3e6660b34408194911afb8b0b94438691fb7
Markblokke:Markblokke_2021,"518900,6135025,526675,6145025",1417758,463ff2de7fcaadfe57b91ae5921cdb0098bbc6b62b8dbd404771c425d08ca9ea
Markblokke:Markblokke_2021,"518900,6145025,526675,6155025",1694406,9c71d9d9457f1c5e7c37e9a4f8d57735643fe92e6f5af3dc9344412b120dd4da
Markblokke:Markblokke_2021,"518900,6155025,526675,6162575",1325509,ded5758de5faa4c3deed6b323e26a0cb852953c8b1ba5e3c490a0f010e414220
Markblokke:Markblokke_2021,"519775,6219825,528675,6229825",1247557,87ed75c0ff1f8dfe0f5d7a54cbf511c223cb16a12143f7ece62f9ef64ce46ff2
Markblokke:Markblokke_2021,"519775,6229825,528675,6239825",1861062,81830dd127cf266d6aa911a64b81aa64ed6909f93d87ea29ce73a399c1f680b9
Markblokke:Markblokke_2021,"519775,6239825,528675,6249825",1829924,bcf2f0dbef866b3e1e54929d2e0b3af5f4d64ed94fe08c03597e39936ba6ad75
Markblokke:Markblokke_2021,"519775,6249825,528675,6259825",1081342,0f8c2260edd7eb7fda2784812d4c8c9a818b8e7b6e6e0b42e59f451779d4f4e1
Markblokke:Markblokke_2021,"519775,6259825,528675,6269825",1990317,79de842e594e85c6d0706f61c5f0d19bbb4821caa2dc312fd9e0a4a0bff5a865
Markblokke:Markblokke_2021,"519775,6269825,528675,6275225",1104647,a54e9df4989c2dbc47b5244122d42473e2c8a5c6728e6788db44eb629196e36c
Markblokke:Markblokke_2021,"520600,6121975,529175,6131975",1653642,eb542bafe743c268cad8cc002e27c2407f058dcbf684fc723330791c1724046c
Markblokke:Markblokke_2021,"520600,6131975,529175,6141975",1593477,10580a411c814784761384d4c8386203ab463cf504438018dcdcb9f2720402e5
Markblokke:Markblokke_2021,"520600,6141975,529175,6143600",311148,c7d45dc137706869a4d96d519f9ea4d93dcdf3e51286690fc59c926c9cb3c31e
Markblokke:Markblokke_2021,"520925,6135025,526675,6145025",1079577,fea8f00606fb102bbdae154cc3699609f19b4606aeb2da6bc19550fa980c46c6
Markblokke:Markblokke_2021,"520925,6145025,526675,6155025",1302664,945611a7ac02bb9b24bd34d5ff1a0edef73d3cc37fef80afc43d2bab0f0fd41d
Markblokke:Markblokke_2021,"520925,6155025,526675,6162575",1028895,8f80e5e8e8f4d19959eae04d19900fe6c74eacd953e799f41ccdcb891da228bd
Markblokke:Markblokke_2021,"521275,6173675,531275,6183675",1975824,81780921d11fc1c35c55f8836c4b1b61e4106ae11af4a1540b1516c99528fff0
Markblokke:Markblokke_2021,"521275,6183675,531275,6184625",210575,b7d372f6e2542b80775b29de37271a6766975aa112a2f55dde186b02b1886f90
Markblokke:Markblokke_2021,"521975,6181625,531975,6191625",1869039,1d564b442f401722ec9be59bcb9f8869a5c9874eb20a46df50e95eafb252bf15
Markblokke:Markblokke_2021,"521975,6181625,531975,6191625",1869039,a4f872fe05d770a5b85967aab4da1131031437547af066bf6be9590c65e60cac
Markblokke:Markblokke_2021,"521975,6191625,531975,6198175",1410702,05fbe847adec09090596822fe4ea5a9212447ad1a74bedddd11a60fc250061cd
Markblokke:Markblokke_2021,"521975,6191625,531975,6201625",1909253,4712dbda92a04e67bfd6b4badd89ad9fd91c25206a7412270c64fdee371dedba
Markblokke:Markblokke_2021,"521975,6201625,531975,6209175",1170662,2a8a7cf36e1ce0fb0f457d58327e831c56011d77b80a66dc8dab3d84ebe95c45
Markblokke:Markblokke_2021,"521975,6298125,527325,6308125",959156,f870deedaad12cf9cd9b8587bdfa63f4468db7575910832aac1c23844a20cafc
Markblokke:Markblokke_2021,"521975,6308125,527325,6311100",351878,3ead8c994b0d1e149a531f29aaebde53ae3fbc9ded5aa75700d19a02073d0839
Markblokke:Markblokke_2021,"522975,6215225,532975,6225200",1108479,c8893ec0fbae614048a0e9f989b4ab59bf016da09ab64a9e746a9a9c6f54d584
Markblokke:Markblokke_2021,"522975,6215225,532975,6225200",1108479,ff76a45f11d95b660da1fdc5b6ec4323effc981251aa0eb6d5bcca5acd3bf918
Markblokke:Markblokke_2021,"523575,6200900,533575,6210900",1441702,c345c1f1625f878ac8a17490ce0027f96ec982cbb421bf2c83d61ec50ec6fd4c
Markblokke:Markblokke_2021,"523575,6210900,533575,6217950",770835,7217e3658ebcdc96e6da15534fdd4dbbeb771da05725c91639af1cfb6f2c4872
Markblokke:Markblokke_2021,"523625,6198250,529625,6208250",858387,f861ccebe9b0807595b5d1442b1c87d1fed75ece5d3daaa1295ec22ba8d1f517
Markblokke:Markblokke_2021,"523625,6208250,529625,6214750",217907,8ca5978b262b1d07cfadf6f30d85138d4fa2ddf3fc66f040015326a0c6568ad8
Markblokke:Markblokke_2021,"524025,6283250,534025,6293250",2019310,8d93efa80e9d720594d377a212b15daec6c983d1fe91e0f502a92ed36f917684
Markblokke:Markblokke_2021,"524025,6293250,534025,6294375",261242,83f31cae711cf5872528b74ed2ee710db44989907796bc86c1a7c4e488de030d
Markblokke:Markblokke_2021,"524050,6219825,528675,6229825",718884,a0ba2237128e8713311dca7cf4d88d30c093b4884b7435e1885ecbcca1b8bf5b
Markblokke:Markblokke_2021,"524050,6229825,528675,6239825",1023280,173c6d2de69792642e0656f6436d68f144e5260d1e9d0ae29620a92a2da80591
Markblokke:Markblokke_2021,"524050,6239825,528675,6249825",984563,24bd63ad9f62994f72f7cbd7a401cf52193154ddc1e65110c16593fe9525b0eb
Markblokke:Markblokke_2021,"524050,6249825,528675,6259825",609013,1ca0f62758b1aa062b3f46dd97cff9c3a746d6a2b87b5f5b6580a5a28a82e22e
Markblokke:Markblokke_2021,"524050,6259825,528675,6263750",420927,396b53ee2a221dd9f7815df1f264c5f7fcd62b5dcda08ce76a9e4ca9cd899ec1
Markblokke:Markblokke_2021,"524075,6219825,528675,6229825",717073,b8cb16728ffc9b1b73f67819f6dc329caacbda06e829b28939fed2521f45a432
Markblokke:Markblokke_2021,"524075,6229825,528675,6239825",1019675,6f000a1a68d82ada5c0efdba3728bf7243e159fda2b43c452dd24c206b74adac
Markblokke:Markblokke_2021,"524075,6239825,528675,6249825",979291,597ebce0dae4b9b0d00f301bba709060c32e0d03e984efcd59d52e77192d60a8
Markblokke:Markblokke_2021,"524075,6249825,528675,6253375",320882,d710e9eaf33a4128cbc57fd22c3e6d7f016ad148a911b85f429076d009b0ecdb
Markblokke:Markblokke_2021,"524375,6192000,528775,6202000",916577,f180b756b04fdd80037b6387f16db5530290e31eeb5ea92076380b5db6baf322
Markblokke:Markblokke_2021,"524375,6202000,528775,6202075",28939,d9beb2ef379b71971bf1db90f9542171ae13c5942b65424168bd476544a11628
Markblokke:Markblokke_2021,"525325,6126325,534150,6136325",1622920,c64f3e96208d6a890791c10b6901913321f62d52191a408ca878ff2c195af1d1
Markblokke:Markblokke_2021,"525325,6136325,534150,6142025",1006728,0d7c67ebc97a67d5f882affeac7dcb60c1812fc26971b69f247f95f08b8be8ed
Markblokke:Markblokke_2021,"527425,6165875,534900,6172750",1104435,0de51d34b604e46ec4ac50ef0bfed6baaaaf36dd815e6487ae9b1233a90957c3
Markblokke:Markblokke_2021,"528250,6182525,535375,6188675",958122,9ee7c1820b453d59a66b8b540c6706cb786552554be5341b3f95b593a21fd089
Markblokke:Markblokke_2021,"528400,6288175,538400,6298175",1912475,08dc8988b244af35dfd35dd8c079f9af23c84f6371d07bbb590066dd054da63c
Markblokke:Markblokke_2021,"528400,6298175,538400,6308175",2079458,1246623abdfab39d98ddd404e3349846981b10f97e341f40f229cde5adbae945
Markblokke:Markblokke_2021,"528400,6308175,538400,6308875",216157,0f13474725c5fcf8432a9a19a49684791fc4b7609f5bf59fabeae5384c3fc816
Markblokke:Markblokke_2021,"530000,6200900,539800,6207700",1344359,60f03692d6014af950345ca346b22519b1d2b3f988449d072446f38e748746c7
Markblokke:Markblokke_2021,"531275,6173675,536300,6183675",779729,7417d45283294e5a8bdbd991853d562491ec980b1a9b8e8689b24beb4f74f6ab
Markblokke:Markblokke_2021,"531275,6183675,536300,6184625",143516,b2648fd00bb2e3df38fbecf449ff7347f00e73667ea3eb79977cf16c334966ad
Markblokke:Markblokke_2021,"531675,6154225,541675,6164225",1808098,f4f94f1f4a9aca4273010ea955203c1534ec0ef7a6884e016d6fc5e5375e0ec5
Markblokke:Markblokke_2021,"531675,6164225,541675,6166550",433040,eaadb0026ea0e2a1454e08b0eefce7d97ab145eb538fadc648dec129b4aa5449
Markblokke:Markblokke_2021,"531975,6181625,541075,6191625",2027660,4e12271a6a97d984a44e95f16fa72866103a8402fea4138664d24dfe97846aa4
Markblokke:Markblokke_2021,"531975,6181625,541975,6191625",2201151,3b86b9a01f23360bd282a6cb6f5eac4b208c3569fbe153e6a5021d514f9c66a0
Markblokke:Markblokke_2021,"531975,6191625,541075,6198175",1319076,41a0db99507c1bb5cd17b113058452753a95a03f5c5b90de3f7a8923ac162091
Markblokke:Markblokke_2021,"531975,6191625,541975,6201625",2217355,d565fffa7e668381edb202c05c95405968337ae62fec456e001fcdac457cbd6f
Markblokke:Markblokke_2021,"531975,6201625,541975,6209175",1566601,130f6c25c7fb2a54bae086fa9ce47be719ff3bfb74842becdba21f83d81b8a07
Markblokke:Markblokke_2021,"532975,6215225,534050,6225200",95931,d4eabe95dd250a9baf0292fbed6f8898aa4e7a4355973047b57126d09f45b38c
Markblokke:Markblokke_2021,"532975,6215225,534050,6225200",95931,e4beeb038d21d92e00173960e90e4f2388f9de1cbb396583f842e1422c1bb701
Markblokke:Markblokke_2021,"533575,6200900,539800,6210900",1191730,e851c3e68f5a7d190efd288923928908a0f791bb97e9633e47c0e2c5e02664e1
Markblokke:Markblokke_2021,"533575,6210900,539800,6217950",645365,6f8986f25f44a3d180bba57075bc3629a5be1b26afa45404a1003e158de73f62
Markblokke:Markblokke_2021,"534025,6283250,542575,6293250",1652213,638890eff46d1377e0335a2e7704ea914a6ee70ff46f13f1c342e93cc6510aa8
Markblokke:Markblokke_2021,"534025,6293250,542575,6294375",241587,84f433b54c1076d35019f2428207c2df641ca85c95c873064367ac66dc9ea4dc
Markblokke:Markblokke_2021,"535500,6176725,545500,6186725",1708749,d7b2dffab1175d066d9e6794c9e8dac60ea3cf932bac418681b48e9d2fe7b1bd
Markblokke:Markblokke_2021,"535500,6186725,545500,6194800",1784573,57038635e5af7fbbf3e3d3f7dc1a90b8d5bbc89dc0e42668cdc4eae6a56dd427
Markblokke:Markblokke_2021,"538400,6288175,547600,6298175",1516812,856c45a4aed61d11d62ff70c4e0a19e7dc42e6832c6be6ff60d58d5af19fbced
Markblokke:Markblokke_2021,"538400,6298175,547600,6308175",1749165,c44af29e5bbd0b29645913f0dba90b6d63cae086bc9b881d320064b4e821fafc
Markblokke:Markblokke_2021,"538400,6308175,547600,6308875",185241,f08f156c6bd5e40e8186c919e5673197f9e7b4a0bff7df9286ab3703babb505c
Markblokke:Markblokke_2021,"541400,6236675,551400,6246675",1887384,569940a11ee8c6c520a08d29baa9d5b9830ed36f67a204d5d2044fface85ddae
Markblokke:Markblokke_2021,"541400,6246675,551400,6247825",281691,c9145686d3b641c792ab337ee1c24292dddc4131df075972df4f14b8190bfa60
Markblokke:Markblokke_2021,"541675,6154225,541900,6164225",111523,eb58116e0601b2c75cea3460cea8dd15ae9c58f6df3b9b453c8e65de37f72446
Markblokke:Markblokke_2021,"541675,6164225,541900,6166550",35900,b8e3d882ee75f09499f369cfda0d3e0b85bf8b59d41c0b13431092b70cc4e16b
Markblokke:Markblokke_2021,"541975,6181625,550350,6191625",1614334,f3935556bd55633eb22957468f785436c80c2e256f835343a2203a23e220ea73
Markblokke:Markblokke_2021,"541975,6191625,550350,6201625",1796139,52247720f2a494ac13044424cd75bb06e52979815e5bbe6eeaaf62ea4cf69f9a
Markblokke:Markblokke_2021,"541975,6201625,550350,6209175",1477230,81366e807047a6ca2218c5fd79b316c4cd57b8aa224fccdbf7f1c5c3bfbbdc44
Markblokke:Markblokke_2021,"545500,6176725,552425,6186725",1401770,b227e436b24554679f1c055cc4829036170a563593ab39e8f15a4a1260be0682
Markblokke:Markblokke_2021,"545500,6186725,552425,6194800",890118,785cd6c4c89aa4a142c0d643256d220d2f7ca56786f54dd883a4ee04212f89ae
Markblokke:Markblokke_2021,"546325,6221225,556325,6231225",2057384,5430fe455e354dc823529d06b598d9867e03f3a853f58824046ab9b0955e6e1a
Markblokke:Markblokke_2021,"546325,6231225,556325,6233825",685559,94fe72ed89e93fb2f62ad784c04f45df62db4b04863470d5e916f8414e5668c3
Markblokke:Markblokke_2021,"547500,6218100,554075,6222075",608573,9a730f2a19260daa6730f19a12bd407136852b75c92fcb6cd658057a7e98cf9e
Markblokke:Markblokke_2021,"548750,6282525,558750,6292525",1908863,417a2b90e36ec9603594516d84213e4eb10fc6831be1fcd32c2dbf68df45934c
Markblokke:Markblokke_2021,"548750,6292525,558750,6297425",527910,a08e127bd1190ea19c01e2c7509163cad6b1580e5f6342e0f35fe7296cb048b1
Markblokke:Markblokke_2021,"550700,6146025,557700,6150825",531380,f231158e8310c7d6489066b0ec1599118acff8b83dcbb02a88cf715fe208c565
Markblokke:Markblokke_2021,"550800,6228250,560800,6238250",1483587,f7e4903bfb6660498836c711e965d5e18c1b5e56689e47dd258e575fbed6de68
Markblokke:Markblokke_2021,"550800,6238250,560800,6248250",1849078,d42c278ceb349057e3ebaa69d3acd4bb095df8668fdc0431c573bbb4bf7a9106
Markblokke:Markblokke_2021,"550800,6248250,560800,6251200",721836,c123b177277da7bb256a7fb8376aaa1e7c32d3316cb8cc0656fe17005677577e
Markblokke:Markblokke_2021,"551400,6236675,554525,6246675",640448,d6fd5ece27bda68ddb5041e3ca6e6401303152c6eabf84f42adbeef6796ce5bf
Markblokke:Markblokke_2021,"551400,6246675,554525,6247825",81260,cc16ef119d04293f9582d35f353d8ad24d119479be9f9181360dfc36cfb4052c
Markblokke:Markblokke_2021,"552650,6141150,560475,6147725",1021085,1309f4cc55592797faa300b8124abc6b754bd791e006db2b696318715551f9d9
Markblokke:Markblokke_2021,"556325,6221225,566325,6231225",2004311,bc7fb35852118f93d046cdc5ecbc76c5cd4d2cacf8358871fc29a713fe808849
Markblokke:Markblokke_2021,"556325,6231225,566325,6233825",369597,b34dfa996c23efbf39402041532fe00c338acf6272fc19dc195b18f28e9bd75f
Markblokke:Markblokke_2021,"557525,6120650,564250,6126900",690088,d1d147cf952134467ec558a9788161128f4ec4d7be8df08f0edd46acfa77f401
Markblokke:Markblokke_2021,"557625,6206075,567625,6216075",1965178,c4a5173966b7be396b8a0e20e59c4a0e77d9f62288e14a9ef975eded1ae3654c
Markblokke:Markblokke_2021,"557625,6216075,567625,6223575",1601023,67848bf0e1973ee9f569c12591467137e197d67e33f8f661cc0daf53b7b4a97a
Markblokke:Markblokke_2021,"558250,6138800,568250,6148800",2136745,4af432c3c2dec484cef4d533d3730567f2ec1b3ddef8fe665ba0a8e9c5a281b5
Markblokke:Markblokke_2021,"558250,6148800,568250,6153675",989310,8880f3c9907c4ada3c757f3102ae4b3133ed93e029853323086de97378331c66
Markblokke:Markblokke_2021,"558750,6282525,562475,6292525",846338,b8d30763dc8ded0a7b0f1cff4f24becfbc24607265de58c1ed7d553887d441ec
Markblokke:Markblokke_2021,"558750,6292525,562475,6297425",246605,8460d85483f6ab669a4d9f0ea5a2978b8262ec381244b42840ff71416419fd66
Markblokke:Markblokke_2021,"559675,6268475,569675,6278475",1667597,01c79a643a3f08e65c4e8acaffccb9d41b3c70a995ec2f7b7054b39cf3dfd88f
Markblokke:Markblokke_2021,"559675,6278475,569675,6282400",614038,3951de33b68cfe399cc4ac8b17fb4880ccfe3ac5fdd8c559ebd80335296fca98
Markblokke:Markblokke_2021,"560800,6228250,570800,6238250",1734581,1c4bde1193fd265885f720780d83dd1cd70970e18f99ea96fcce685872db587d
Markblokke:Markblokke_2021,"560800,6238250,570800,6248250",1935748,403fb02f6f0ecdb68d8ffd24bfd945c395ee696fc65883252c41b53c6f5335ef
Markblokke:Markblokke_2021,"560800,6248250,570800,6251200",647739,4ff8092eda0fdfb5f9830c7e02857b7ec66d57a4c765a74f2d8969c9c8723bfc
Markblokke:Markblokke_2021,"564125,6199300,569950,6203775",437587,da7263f991884a1f6ec001b34783ffefa60343b67729063c9d790d411d98b3e0
Markblokke:Markblokke_2021,"564700,6117325,574700,6127325",2226206,db0b482ba9bf73d4de02a44690755c81a7d38c89d1341f443e1e40fee7f462f0
Markblokke:Markblokke_2021,"564700,6127325,574700,6129200",429938,83933e1478afb87292383c93fb489dd54a1c5c012515443234c014e22f3a7bee
Markblokke:Markblokke_2021,"566325,6221225,566800,6231225",131628,dfc1048e01bcf4eb67b832279a5811c9d297d1e1a341e6baaf47ce977d562274
Markblokke:Markblokke_2021,"566325,6231225,566800,6233825",44683,2db305ad332a9a057a8c58d227e505c1cbeb70ae8b54713b90fdd35f6c3aa9fe
Markblokke:Markblokke_2021,"567625,6206075,571525,6216075",797580,2e0ef76fae82cfa4f60f4e313d218a71920f25f605029de36220b7a7a37a7d60
Markblokke:Markblokke_2021,"567625,6216075,571525,6223575",375120,85424fa62cf43f4c8404a0455088d82d16099cf5cb07acffec29bdce6f8b335e
Markblokke:Markblokke_2021,"568250,6138800,575350,6148800",1823150,745936951c45bb9d9a03574b7e5c17a2a604c63b773ccd957ef20d13157af545
Markblokke:Markblokke_2021,"568250,6148800,575350,6153675",754558,69d32fd57ee85454393c194d52d9bbb0d22072f9271dcb061b0921f89f03288f
Markblokke:Markblokke_2021,"568675,6337250,578675,6347250",2079804,da7be23c273779ed5c10acb6932827df2fc31124dd8996dd7e3eaf6fcece4576
Markblokke:Markblokke_2021,"568675,6347250,578675,6357250",2631120,c9d14aca6b88795f3282e7c8e978a3e6ac1d2dd1f7125d61b43259325e404ea3
Markblokke:Markblokke_2021,"568675,6357250,578675,6362150",1179857,8d3c309fa291dbf41da9f7371ea5e26328a4fc4080bdf9b6e9e624fd52a82d81
Markblokke:Markblokke_2021,"569675,6268475,574200,6278475",774759,8ae5b575caf815a42508e451cf32e0db9db717eae3fcfc08c376f7243ff02846
Markblokke:Markblokke_2021,"569675,6278475,574200,6282400",449769,5d0884a76d152182452d32c4d6e8f425c589f86fa9c7586792091567f91d4844
Markblokke:Markblokke_2021,"570375,6106575,580375,6116575",1839426,74447e4cc1db9a403f9273ca09df62f5c87c230f17d8cdce860ba832a6166379
Markblokke:Markblokke_2021,"570375,6106575,580375,6116575",1839426,fd82aa5b3478e225e8b17b5f5e1ea4419457eb65654dd6f9a929a131d3eba6b7
Markblokke:Markblokke_2021,"570375,6116575,580375,6126575",2600988,49c284b4463f810dbad40769cfb4cf5f2b08fd0a8b2e3a4316a93500e8ae6c2c
Markblokke:Markblokke_2021,"570375,6116575,580375,6126575",2600988,7af4037a863f50abca8997f7a916880ba265e7bf2520c4b7e15805e32646a180
Markblokke:Markblokke_2021,"570375,6126575,580375,6136575",2296204,49c6a409c4cb79496ccb571487e1b0842102902ef48c7b41e716aa9033332625
Markblokke:Markblokke_2021,"570375,6126575,580375,6136575",2296204,88b6cfc65f95fb2ee4dc4746f92d3707f773213d956f9deb9e17fede90085748
Markblokke:Markblokke_2021,"570375,6136575,580375,6138600",550841,5771bdf68a6a7427db020348d10e0bae64e76212f584e4aae39131b219b88ec8
Markblokke:Markblokke_2021,"570375,6136575,580375,6140800",1087621,ebfe7115d45afb6be798ee35710e80df2906195517a4568f7c18ae86a1708f4d
Markblokke:Markblokke_2021,"570800,6228250,577550,6238250",1161850,e17b41f6b1204e92db60f03bda2ae00705bf5bf3c3bd10ab47e29ecf04028f16
Markblokke:Markblokke_2021,"570800,6238250,577550,6248250",1254691,a79341137f42ea890fb07b5843f767efb3a8627d95315b2317e00494ea739e36
Markblokke:Markblokke_2021,"570800,6248250,577550,6251200",465732,7c10cde9b0f2b7b954c0fb75f1796f103ca0cb7499f86b3c5391193b411e32d5
Markblokke:Markblokke_2021,"571600,6137600,581600,6143000",1286468,683fbecb80d20744a932fa5eeb1d5f9c7ad69ac93257b810ac551ad0f297d086
Markblokke:Markblokke_2021,"572550,6112125,578025,6118200",836899,ad59471bc4d6a89970e9548e8e97e91c5de5a4229890de5a073771e4aefb7117
Markblokke:Markblokke_2021,"574175,6145525,584175,6153525",1386747,1b41f45973053a59312e189a44d9a2b8191e06379ab817ebbd1aac19deaf5f6c
Markblokke:Markblokke_2021,"574650,6106575,584650,6116575",2260328,1d56d19d32fe2f15075718cec88f08fd084cadea1620a20d71210f731a16bdeb
Markblokke:Markblokke_2021,"574650,6116575,584650,6126350",2489646,a0e02d62db362495e4f2f8db149c363e5cd71b9b8871f0c7759adf85ecf1759d
Markblokke:Markblokke_2021,"574700,6117325,577200,6127325",814030,2fd17bc1a4d135ffba92057eabfc2e8dee4b040e84f8046fc916544e31931ae7
Markblokke:Markblokke_2021,"574700,6127325,577200,6129200",161157,a41c7caf27970432e2ab41f1e94eb5bff5713771c829c09df2a2ac8c128876b7
Markblokke:Markblokke_2021,"578675,6337250,588675,6347250",2066145,115a96e3e22b40f885b9e173ced0fd4b859701a1132caf8ece58b51722481daf
Markblokke:Markblokke_2021,"578675,6347250,588675,6357250",2655343,4c5b750b550f2327062e7046301b604d457f3693114908137a67cf570235e778
Markblokke:Markblokke_2021,"578675,6357250,588675,6362150",1562104,4c48da42e0d10191cccae0d3cb5f972836f39cb88512e8616071cda60a9c59d5
Markblokke:Markblokke_2021,"579350,6108100,585550,6116025",1035277,be65ba5d586eb14aa6ee9b01b6027da3695c4137f18919373aace14479668355
Markblokke:Markblokke_2021,"579350,6109575,582125,6112100",112046,e8adf1eed59585a6e43d5ba326d27f852ca3993e7682918f6cac71dfbca8cad3
Markblokke:Markblokke_2021,"580375,6106575,590375,6116575",1977776,12f093fbcaef26975415a3ed3eaecebaca5a2f0e56af5c0ecc7a497b6e686a52
Markblokke:Markblokke_2021,"580375,6106575,590375,6116575",1977776,54dea9d18183293faced54bd6398474d0067542ce8c40b6fcdce1e80fb175480
Markblokke:Markblokke_2021,"580375,6116575,590375,6126575",2305209,7c0fdb1e76dc81c185da440e515f95b431114882678aabf367279e8366d24c5c
Markblokke:Markblokke_2021,"580375,6116575,590375,6126575",2305209,9e2f0e5b77e48e533b7fb17fed4f7df321ff9924f0a52d68b53d16599c96c954
Markblokke:Markblokke_2021,"580375,6126575,590375,6136575",1997635,930bf988bd7fe697a783f689f128222047b126510b39a1366ef2a4b4095a8c0c
Markblokke:Markblokke_2021,"580375,6126575,590375,6136575",1997635,f4ffcc5d19712f4b4c0e7683435250f917431207a926bde1fc590b9f6268b115
Markblokke:Markblokke_2021,"580375,6136575,590375,6138600",281924,84a04bed902bc2978bfc2669163887b4f0d449ad850a99da0cb1c2acaf4136df
Markblokke:Markblokke_2021,"580375,6136575,590375,6140800",508192,5a7569e1408d95d481279e06b503e31272fb40dc8be2cd1c8c2f70466d405c9b
Markblokke:Markblokke_2021,"580450,6114050,583500,6116025",171672,7c90252e531c2a17d99196341d3e52faafec164737d8656daacd1b2167bad2ef
Markblokke:Markblokke_2021,"580875,6108100,584175,6111700",258018,669c77ded65437b60fa721d6ef40294881267516e99bd2c0cf9f5075d1abefe0
Markblokke:Markblokke_2021,"581600,6137600,584475,6143000",389468,cb5b14d7cc00b136b4b3b2e94419991d320b1b85136e9c4e614a8890749e76a3
Markblokke:Markblokke_2021,"584175,6145525,585400,6153525",200413,64b9fe3032299fdd58ab4fe2d12dc6745b4fa87c76b0f7a8210790e7e2f8f237
Markblokke:Markblokke_2021,"584650,6106575,594650,6116575",1951492,f6b5275601a5203b92192edabc100a9edc7c7f74f0b92f189487782a2024c372
Markblokke:Markblokke_2021,"584650,6116575,594650,6126350",2183996,0b9c2e27eaa3758bf477cd23f570be42dae2960566a176d72e8e46af9caac95f
Markblokke:Markblokke_2021,"584775,6117825,594775,6126350",1962323,972c450183107f166fc943e945e6bbaff4f523f0a1e6846c939e91c6f61ed673
Markblokke:Markblokke_2021,"586100,6111075,596100,6119475",1803801,4a131503819044dbbba9c51342b52361cc8bd9c4bb58a32e3e092c529dc4f841
Markblokke:Markblokke_2021,"588675,6337250,588700,6347250",61827,df82cb0a4fa55d072bb2837e751f2c4ffa633f5c9c5932d438c44ff0cd08a575
Markblokke:Markblokke_2021,"588675,6347250,588700,6357250",84563,630c77a04133e8e6c20bd540bb92b8bcbf17e15ebfac26ac21e7d344c9b46c50
Markblokke:Markblokke_2021,"588675,6357250,588700,6362150",67138,77bf8cb9a9fa12271f5816ad61a2dcf5686dd63b574f56cbcf73b72d1cf1a1c7
Markblokke:Markblokke_2021,"590375,6106575,600375,6116575",1916143,8655092f4a610e1db492d72bc07a5dbfccd33580f3acc46fff4e659083a9c122
Markblokke:Markblokke_2021,"590375,6106575,600375,6116575",1916143,a057fe8481deb605e70ce45245207cd30b62fbd0677ff79374a44ecedb31fcbd
Markblokke:Markblokke_2021,"590375,6116575,600375,6126575",2008123,e7b1f3a11d6dd56123e03417ca703dce1abbd4f4ecd5e965a61be102691208f8
Markblokke:Markblokke_2021,"590375,6116575,600375,6126575",2008123,e7b1f3a11d6dd56123e03417ca703dce1abbd4f4ecd5e965a61be102691208f8
Markblokke:Markblokke_2021,"590375,6126575,600375,6136575",1946331,2ba7aaa0706c1b002eefa4f97c70f9fed6bcb576f49406b65ad2272dc7134704
Markblokke:Markblokke_2021,"590375,6126575,600375,6136575",1946331,607034b914630939de8b8f0424edb0f99f797cbdf8731308622e70a5ea016c6c
Markblokke:Markblokke_2021,"590375,6136575,600375,6138600",330774,78abf0af081297bc77eb4ff43758a6008249cf50d0808dc763ffb94e5526cd35
Markblokke:Markblokke_2021,"590375,6136575,600375,6140800",667550,83bf691eab1437b2a14824cebf279ecf8cd78c2cd7e13001081171d85e5a368e
Markblokke:Markblokke_2021,"591600,6122000,601600,6132000",1908900,f9890159c6ca8963aebf4bf9d913b9a63a117241c398c3bd820370fd57c25c1b
Markblokke:Markblokke_2021,"591600,6132000,601600,6137100",914953,3f407b713e78b2a70bb8853aee5ddb362b09835e6bda6e25a9cb26d43cff02fb
Markblokke:Markblokke_2021,"592850,6234050,598850,6240475",878833,dd709643888645f0e9759f0366f2ffb7924d2648404d7b56988e52579b1966d4
Markblokke:Markblokke_2021,"594650,6106575,602600,6116575",1493778,2dba1330c9c20cafd357e556ec09323c50a5082582dff3409d4fc812d7fb2a49
Markblokke:Markblokke_2021,"594650,6116575,602600,6126350",1494032,4e7845e61670c8a098d5c8a3a618912ba05fc013da385d20774163f0dc27aed9
Markblokke:Markblokke_2021,"594775,6117825,602600,6126350",1256075,1e0a8e57ed4e394c311c2ca6dd3a2af6b2b66f2b49bb380035fdb22a767d3b1e
Markblokke:Markblokke_2021,"596100,6111075,601775,6119475",918126,5a06bb71fbd129623cf3c64ae3407113f1655e90ac494148ccbf0efdbb7ce42e
Markblokke:Markblokke_2021,"598975,6110825,608975,6119225",1369426,368094ead1ed2c3780007c15cdeaf819dd104285b65c10554134ce3b7f6b5130
Markblokke:Markblokke_2021,"600375,6106575,602600,6116575",524819,591f2c482fc30fb91cb90ac3c69d32af7f7dcf0858fafd17db331c17197158c2
Markblokke:Markblokke_2021,"600375,6106575,602600,6116575",524819,6260c8d3f7866f0795a68414dcc4f999d04c68f384892eb48cec888350f82b2f
Markblokke:Markblokke_2021,"600375,6116575,602600,6126575",456770,5377a79d4d0740bb56acad9deca650e69a326ffdaed823099fb47cc6faacefec
Markblokke:Markblokke_2021,"600375,6116575,602600,6126575",456770,f4ebaa8ecfb9855ed7c2e974349eb6a0cf3c569b3059a996a99fe6f9a9359e6d
Markblokke:Markblokke_2021,"600375,6126575,602600,6136575",440557,b212f6b48dee34f7611483544c6db4da98dc45c2793ba3886bc3a1356e8def2c
Markblokke:Markblokke_2021,"600375,6126575,602600,6136575",440557,ef296cbf8f369e2ef5bb55af62075e1c8b231484b9efce4b59f636f1bed32ae2
Markblokke:Markblokke_2021,"600375,6136575,602600,6138600",160688,2b18d021dc3704c1cd61c8e60ca6dba833f41d041ab6208c0a6458153c0c0915
Markblokke:Markblokke_2021,"600375,6136575,602600,6140800",275862,fd7bc52bb3d449a7feb5e27f56124cb2b67ba65dd0f3f0477169ab06784faa10
Markblokke:Markblokke_2021,"600925,6104700,610800,6112625",1485157,e4150d3b46d6ddfee7cf925b22f28805411a531a70e67b4e00d473e20df30cad
Markblokke:Markblokke_2021,"601600,6122000,607200,6132000",1174785,35ece557dcc6de6d7c6e9ed212c8cfcefa6c48f286fcd43cdc8804eaa9689fbc
Markblokke:Markblokke_2021,"601600,6132000,607200,6137100",645276,2c28b957aa7173c189ed4f54e81df8b2809467eb610134be9343e245a4e2e26b
Markblokke:Markblokke_2021,"608975,6110825,613925,6119225",757501,7645f22667b290c9805c4e946d8571880be2e0205563c7df37534c81546b9eff
Markblokke:Markblokke_2021,"638225,6130425,644025,6134875",392913,19ed189689c8be626956a1a24c109be5c25995d6b19890e14667ce92d79a8107
Markblokke:Markblokke_2021,"645925,6081475,649725,6085975",297666,5c94286b6ac3f5f9a9615a780151ccf3c4f70f488917b316744dbb823d6fbc8f
Markblokke:Markblokke_2021,"653000,6071025,659775,6080275",679598,09ed4ac95bedca6066d2d8f86cad667ae20793cadaf9a0a7fc422a6bd5c8ae75
Markblokke:Markblokke_2021,"653750,6165525,663750,6175525",1820233,1c142a45b2f41697953e09edc975dc46ccbba380f876b1dff501f13fe0382f02
Markblokke:Markblokke_2021,"653750,6175525,663750,6177325",377920,5f8541db659cb33c88263942adbcf29a9cfb44618d8fdb10f36995add1cc5eb6
Markblokke:Markblokke_2021,"663750,6165525,669800,6175525",1432704,a7b2246f86efee5e6772e39add4a35ef5129b5511d35d5303c9da254f91e0225
Markblokke:Markblokke_2021,"663750,6175525,669800,6177325",216683,1378d7e0383b3cf593e09ecf2b13e9b3c66ea3749ca2901a5c33a0af43b6a0f7
Markblokke:Markblokke_2021,"664675,6169025,674675,6177675",1605212,e91e494b94909ebe530cba72a1b36ca97f93f3d9b7c97d2cfe1d9b9e80634591
Markblokke:Markblokke_2021,"674675,6169025,674700,6177675",77828,c7266085b93049d14e92896bec2bc413d580133ea1eaa29d49c786e696ef9c29
Markblokke:Markblokke_2021,"674775,6160100,681450,6169475",1242229,d34ab4103d19fdbd3389e48e3c77fb5fccf2e4e1b4d8f54630f082d427b10185
Markblokke:Markblokke_2021,"677250,6160100,681450,6164625",412295,3ed24e250880232d96bd73157d6a2b8280f838087d98f1a79b70519d2bd3b270
Markblokke:Markblokke_2021,"677275,6144075,687275,6154075",1237756,e7172833870fdd06c6a8d97b311788a73aece29f5a95bdf7c5d32812ae276773
Markblokke:Markblokke_2021,"677275,6154075,687275,6160350",1069914,ccf3896b7fbe78dadf948b37b96e2622c548d1ab9850b9f7097a7e9f654e4857
Markblokke:Markblokke_2021,"677525,6168225,681525,6173400",478780,c872a6fd0c70372ba365f512b83fde8dc2e57c9c49bdb81fd1ec2e9500b79111
Markblokke:Markblokke_2021,"680175,6155625,690175,6165625",1813854,049e10ae6156a796ad0809a17f437a7f0589de736305e617fb06942dbcc943ed
Markblokke:Markblokke_2021,"680175,6165625,690175,6169500",892696,8cea3e30a6f51d03c081741e604bade9f37defaa18433685343c19877c1d95e4
Markblokke:Markblokke_2021,"687275,6144075,696275,6154075",1291480,7a4089238a700f95201ac1e08105ce4d39fdaa8f015d2ef0330dad4f6f3d4b5c
Markblokke:Markblokke_2021,"687275,6154075,696275,6160350",911588,58b35431affd3bd990e00c4174230aef92c77e2fbfd9bae83b681e7c9201f29b
Markblokke:Markblokke_2021,"688275,6127650,698275,6137650",1344024,de54885eb26cf063556598e406724639aa3a3f3ede6c734c42de30dc5633beed
Markblokke:Markblokke_2021,"688275,6137650,698275,6142900",728846,c3c29e0ba95c678923564483314408c90cbc74cb01f7fa3ece897835fac2d8a3
Markblokke:Markblokke_2021,"688950,6099625,698950,6107400",1080043,d912e6d0b9d53198e17270c398201c4df471e068c7b6e8d87784cfb847f638c5
Markblokke:Markblokke_2021,"690175,6155625,700175,6165625",1543722,ff548c61326c6be35f590b66f82b13b6576a211b7528dc2cd0a35c5d74a5f678
Markblokke:Markblokke_2021,"690175,6165625,700175,6169500",476034,8dd4c775fc0a0780559cc217da9d1e120a066f6f9429dc9ee559705c237c6c90
Markblokke:Markblokke_2021,"690600,6154450,700100,6160225",843811,0bd7c792390a2f2175f400353ac00a76ae6ebda71777c445c0b1d606a89b4a7f
Markblokke:Markblokke_2021,"691950,6184875,700450,6192825",1182008,e423fc121e82d140a90ba08e90f3c047a7df577b7e20329a1d84db891fc4ed5c
Markblokke:Markblokke_2021,"694475,6190175,704475,6195275",1093161,f42419c6e0136a27d9e70e32e363ecf96a5bcfb8b0b3d76c98bf4a99be8a0b56
Markblokke:Markblokke_2021,"694625,6213250,702950,6221000",1392502,f332940dd965c1aab51600b68360f1613a4e4fff03cba4de463c07050d1aba32
Markblokke:Markblokke_2021,"695725,6168950,701225,6176750",622329,f8f6890902c7af18c731c43ee266ee16c9ead84ae03cb6663472138c3c60f080
Markblokke:Markblokke_2021,"696675,6192875,706675,6202850",2081667,c53b97c127d0c9f3edd28f06b034f4d4363e32faea50b310a1673f8a3ef05932
Markblokke:Markblokke_2021,"698275,6127650,703450,6137650",686975,ab30a3fe04246c42bcdf2a4e9b6662b2d991fb575b7791ba58accf1f55c90565
Markblokke:Markblokke_2021,"698275,6137650,703450,6142900",345295,d8cc279da56e8608d035987f2dedead6c6e7f0d32b93fe3a851019e0dbb7a7f8
Markblokke:Markblokke_2021,"698950,6099625,699000,6107400",84101,6354402cc03e853fbde9bc7665f90da39f3f640be4ea9e90a9d95cc92a1e575e
Markblokke:Markblokke_2021,"700175,6155625,700650,6165625",140555,e865d233e89397be67334c3e7c3366ebc2708ab45b26dcca192c22720821c912
Markblokke:Markblokke_2021,"700175,6165625,700650,6169500",25345,aa5d6b84fa5a5d738e64bb93b302d5a23102b3d005e84f5f8442a8cc31d6b9ff
Markblokke:Markblokke_2021,"703825,6188700,708000,6191975",266054,51bd6aabfb7e8555807c0ffce6ba39f909fd39c98eed6b029ef2b668a0488e9d
Markblokke:Markblokke_2021,"704475,6190175,705850,6195275",149689,2d012038b471475146b62d0f29c7d14a44c0286f1a3d84e1915e73282238e63b
Markblokke:Markblokke_2021,"706675,6192875,711950,6202850",600387,0ed5e883accd303c8b01aa4e7099e12af8f2a0c665c09e6dc42e756eadd946bc
Markblokke:Markblokke_2021,"715450,6216250,720050,6220650",359971,6d3e0cb4b861693fd9a37790a13de9edaf3336e4c3bfaeebc37d62af12e5e212
Markblokke:Markblokke_2021,"863625,6125175,872300,6134725",1502241,eb636404fa96f055d5466ce911dd853526f2cefd4235814fbb7fc2f4b1efe1df
vp4basis2026:vp4_ba_26_distrikter,start=0,12145724,5dd37fbdd0e4b10380467261b19eec406e7eaea228704f84ce02d3833ea85c2f
vp4basis2026:vp4_ba_26_punkt_ferskdam_saml,start=0,142642,363318f18f860a166e9b16761f179a5aa240d4acb9e55c1763dbe67e5701bba8
vp4basis2026:vp4_ba_26_punkt_ind_saml,start=0,80205,d346890a98aad4426504023fe7340f69110ee8187eb612771681ec0f86e4b60c
vp4basis2026:vp4_ba_26_punkt_rbu_saml,start=0,6477697,c40b5e4b257f063f6e184498150fe3e8302043e3dfc70e948cab89a9be0a9712
vp4basis2026:vp4_ba_26_punkt_rbu_saml,start=10000,6480402,c6d70c5077dc5dca808f500a3992d0b15569084a63d383939c13123b491515b0
vp4basis2026:vp4_ba_26_punkt_rbu_saml,start=15000,6477561,5285148b0dd7f6eeda3204bd9850238f4029afa4e23ab4f0d174c7939701f135
vp4basis2026:vp4_ba_26_punkt_rbu_saml,start=20000,829621,f5c1622ad936558c122ac0ba8ea687bbbe0d9f4580becc4b793f4fb53eaaf513
vp4basis2026:vp4_ba_26_punkt_rbu_saml,start=5000,6479023,980a465fee9b5a037b6d1853fd2249629efdae312c0b8974e52254e1f4e5c277
vp4basis2026:vp4_ba_26_punkt_rens_saml,start=0,790712,3fd4da1b6e43ce528a7c9e37deb00b4a034e087f9f91b7f30d80d06641b2eab7
vp4basis2026:vp4_ba_26_punkt_spredt_saml,"457025,6287150,463200,6292500",220504,cb1019ecc71879b5dde365b82745fdf41c525e57fc73e9be0302724b12a23cd8
vp4basis2026:vp4_ba_26_punkt_spredt_saml,"465700,6296550,475500,6305975",698715,e8342321bd4dc5a78af9b9025599750665ea23fc765e9f8d8fcc11b5d1939bdc
vp4basis2026:vp4_ba_26_punkt_spredt_saml,"465900,6255750,472675,6261275",162406,bba419384c7cc6b325fcf682db1956f16a3f88f94083888d705fe5f5351080d4
vp4basis2026:vp4_ba_26_punkt_spredt_saml,"476750,6148800,486750,6158800",630530,d4b7869449995f43ca00010aa7dacc20e7ba69962a26f5797bd910dfb5c8f190
vp4basis2026:vp4_ba_26_punkt_spredt_saml,"476750,6158800,486750,6164425",250302,aa6d508bd59da80566b7ea66e172835c2a02a930c283d46e21a2b02868127eb9
vp4basis2026:vp4_ba_26_punkt_spredt_saml,"480925,6135025,490925,6145025",696300,e84327f05e463e0a8602b4f485381bf1f0c257041c45e269e64c35c7e78cc5c9
vp4basis2026:vp4_ba_26_punkt_spredt_saml,"480925,6145025,490925,6155025",762906,e3261ff0eb6b988b4bb8db4e8493ca81b2a8aadb50986edf79b37cd9afac360b
vp4basis2026:vp4_ba_26_punkt_spredt_saml,"480925,6155025,490925,6162575",392300,8ed74d784eb7e3f546b447adfae091f8343c14a5a14d256507e9bb09d82f24b1
vp4basis2026:vp4_ba_26_punkt_spredt_saml,"486750,6148800,496750,6158800",601157,4d2c4b25f5bb226c4274d65b2fdbc35d14efa7d3abe3dd7f4a3d8a99a3011bb3
vp4basis2026:vp4_ba_26_punkt_spredt_saml,"486750,6158800,496750,6164425",208825,f44a57c30b37530c7d97f107584f01b8cc54ebbadb9b8c434b25a3f318e02482
vp4basis2026:vp4_ba_26_punkt_spredt_saml,"487725,6162950,497725,6172950",451588,3641bab9070cb4e2d8ce4b66672cbffb015fb0c87d294f387c21e8050c936aad
vp4basis2026:vp4_ba_26_punkt_spredt_saml,"487725,6172950,497725,6180675",367451,e616f7332df49af486173fa2edc3d93d0077e6a6b03b6993b126cffeb3eb5d02
vp4basis2026:vp4_ba_26_punkt_spredt_saml,"488900,6135025,498900,6145025",576089,b70ef6955e9bd65b99b9b2046f7c2f9ab75ab5997024b6b13718e7f5b6ef4dd0
vp4basis2026:vp4_ba_26_punkt_spredt_saml,"488900,6145025,498900,6155025",660132,e97c56b38fca392477d4bb4f2515c5317079ffbe68f30ab6384d1e625a5b7a8e
vp4basis2026:vp4_ba_26_punkt_spredt_saml,"488900,6155025,498900,6162575",290487,29ee63ed084cc1989e416d539da39d372c0c25e8fa98c4ce8126d04eaa8056fc
vp4basis2026:vp4_ba_26_punkt_spredt_saml,"489775,6219825,499775,6229825",663551,667ac0ddcc495fa9e78a7a5f8bdf2777c1763554f8c820225e3fb4700526ed15
vp4basis2026:vp4_ba_26_punkt_spredt_saml,"489775,6229825,499775,6239825",374059,e3ee64ba3b81e94835ce576eee2704646d15ebbf4a40c4559a5b97c14b669c4f
vp4basis2026:vp4_ba_26_punkt_spredt_saml,"489775,6239825,499775,6249825",351545,9b73c73cabcc2c92f7bb04834ebf2d85593b4882a1b10fb1700f0206187b7eb1
vp4basis2026:vp4_ba_26_punkt_spredt_saml,"489775,6249825,499775,6259825",472935,8e15e58a705a94d099549984446fd312eda77a421640817225bcd68cc6690b1b
vp4basis2026:vp4_ba_26_punkt_spredt_saml,"489775,6259825,499775,6269825",456691,488b4ec808a4a1bad49cc35466dfa7a29e215479bdb2f6db5ef4a91c944b2360
vp4basis2026:vp4_ba_26_punkt_spredt_saml,"489775,6269825,499775,6275225",338284,2885dcd3d7404dd65b681b8830c33083d7033fba8fb6c964a7360c8614dc0dd5
vp4basis2026:vp4_ba_26_punkt_spredt_saml,"490925,6135025,500925,6145025",577143,ab89bbe6c5663aae323dc811bc21f1767afa92898bd46b0a6b64e8ab9a277005
vp4basis2026:vp4_ba_26_punkt_spredt_saml,"490925,6145025,500925,6155025",612199,4036fbfc18e57ccdcdc6c4e907a3a20ae2678ae212b9a045e7a1f1eec68d4fa7
vp4basis2026:vp4_ba_26_punkt_spredt_saml,"490925,6155025,500925,6162575",270376,cb476716e3d7c43c1ca0b2d8adf7f4cd0bba31d9a5d8ad0dbb7b0872edd3cf27
vp4basis2026:vp4_ba_26_punkt_spredt_saml,"494050,6219825,504050,6229825",911509,29b3b7b076c6814656d92375b9c13a8c76e8de0ed66b776f8385e2af286fbee9
vp4basis2026:vp4_ba_26_punkt_spredt_saml,"494050,6229825,504050,6239825",336297,3c52cfec7e7932bb9d94cfc6d33f56ac77f68ef4582ec2792cac004ec68db549
vp4basis2026:vp4_ba_26_punkt_spredt_saml,"494050,6239825,504050,6249825",322461,4cd8da82fefb4860ab86d8ecb13cdb833041f6dba089b6b312cffc1265a370cf
vp4basis2026:vp4_ba_26_punkt_spredt_saml,"494050,6249825,504050,6259825",444698,3acb919e600120b5fca2632f58db4438355f35ac49ccd0ee3598157bab37bff0
vp4basis2026:vp4_ba_26_punkt_spredt_saml,"494050,6259825,504050,6263750",138616,a0ea60ddc966477bd8dececc7fd646d2f8676b3d4dda44b18aaa8a6af02b730b
vp4basis2026:vp4_ba_26_punkt_spredt_saml,"494075,6219825,504075,6229825",910250,cd1ab4300a2ccd3cb488c79b4a5cba1837ce5017c7da499f11b861a40a0fccb6
vp4basis2026:vp4_ba_26_punkt_spredt_saml,"494075,6229825,504075,6239825",336297,58fc772ee18ea8af9f08b283713c24036a0f3cad3bb45f1bd7ad3b5be051d6de
vp4basis2026:vp4_ba_26_punkt_spredt_saml,"494075,6239825,504075,6249825",322461,09a23120386e77c7821f6fe9a97c7526e3b9ec0271024efd90934503b5acc96a
vp4basis2026:vp4_ba_26_punkt_spredt_saml,"494075,6249825,504075,6253375",181566,5fb6987226bd3b640a64a028c15305f1b67b1ea01d508a6a84dbbfee038c4f29
vp4basis2026:vp4_ba_26_punkt_spredt_saml,"495600,6274850,501975,6284250",349586,34c76fb72ca00054358673b29e310a98098134ed8ca22ad00d4512504399f178
vp4basis2026:vp4_ba_26_punkt_spredt_saml,"496750,6148800,498050,6158800",60532,fae7702616f558372bb1e94a86ed6c9c7ee1bba32943b761b4e8edc221dc6c3d
vp4basis2026:vp4_ba_26_punkt_spredt_saml,"496750,6158800,498050,6164425",27855,82cbaebf2492f9092929a5c11da316878d052f21e996e8992aaa2e3aece86ea6
vp4basis2026:vp4_ba_26_punkt_spredt_saml,"497725,6162950,507725,6172950",420128,ecbab489cebee82bdd9f17c5b0042d102f6283ade7f540174e67019aecbe40e1
vp4basis2026:vp4_ba_26_punkt_spredt_saml,"497725,6172950,507725,6180675",314505,26bd92c98293f1d154a2191ca6bfa5c9010ab8a9fd925191fb0c2f90dbcd648e
vp4basis2026:vp4_ba_26_punkt_spredt_saml,"498900,6135025,508900,6145025",561900,e3213791efceb78feda8d0f57879b56942fc76ecadf85aaa31f7ebab52403468
vp4basis2026:vp4_ba_26_punkt_spredt_saml,"498900,6145025,508900,6155025",521511,aa24726b82c6e8d63f5adb39b1589afa54b7d8782b3b368a8310281cf7500e44
vp4basis2026:vp4_ba_26_punkt_spredt_saml,"498900,6155025,508900,6162575",359559,44bb1247229e9deb6b8aa3b5e03fb413a9fa731f19a4787143199bddb77e902c
vp4basis2026:vp4_ba_26_punkt_spredt_saml,"499775,6219825,509775,6229825",758523,c6b627285f062204e2821d3a622695cc37f19225bca3d052321be7ada662fe8e
vp4basis2026:vp4_ba_26_punkt_spredt_saml,"499775,6229825,509775,6239825",284707,d319b035a3bf2754467b90bc34a2792c19626453286de567b2df4c54b33f9c80
vp4basis2026:vp4_ba_26_punkt_spredt_saml,"499775,6239825,509775,6249825",302197,87e65e90f861bf8eedeb605bb36ef4332602a0e9872513db126b9353cdb8e8c2
vp4basis2026:vp4_ba_26_punkt_spredt_saml,"499775,6249825,509775,6259825",529764,f3e51ee6dcfbd565a6d53450f85529d9879f73ffa181aefb6b7080b4b1f47ac2
vp4basis2026:vp4_ba_26_punkt_spredt_saml,"499775,6259825,509775,6269825",422609,1a1de8f3f9f4a5d4107d0b31a216698d7ed00815ff22ff5fa38299958617469c
vp4basis2026:vp4_ba_26_punkt_spredt_saml,"499775,6269825,509775,6275225",216380,2b0906502626d77fcc3ba10db052a88abd5af71eb0b15248338623a83e82e2ef
vp4basis2026:vp4_ba_26_punkt_spredt_saml,"500925,6135025,510925,6145025",565662,f551143f110ebadd1d9873b81c8b3029106543ab04851edf20f809b2d5c9d0d7
vp4basis2026:vp4_ba_26_punkt_spredt_saml,"500925,6145025,510925,6155025",542778,f08625f01f638fb1439f7dc437570ab6793557f63686fe6d602ee059986e0be6
vp4basis2026:vp4_ba_26_punkt_spredt_saml,"500925,6155025,510925,6162575",409797,a3360dce064bd31ba1f228f641188f1f1718863b58e1caff7848c93f8d7efb2d
vp4basis2026:vp4_ba_26_punkt_spredt_saml,"503225,6256450,508900,6261525",231635,bb1f5b5aeaa9563f163eb3088343cb9a40209590182c2e1cb2702f94d36c61be
vp4basis2026:vp4_ba_26_punkt_spredt_saml,"504050,6219825,514050,6229825",512533,90a2298e46a32fbc85d65f7913761b0ad2a9a879a2e90a9663a1fa31e695c0ad
vp4basis2026:vp4_ba_26_punkt_spredt_saml,"504050,6229825,514050,6239825",243245,2ac5cf9775b438c7017b2dcc721db0c8c6b4277a18899358b0ff10ef5eea70cd
vp4basis2026:vp4_ba_26_punkt_spredt_saml,"504050,6239825,514050,6249825",342369,cc5c7616165294efd2461301f5b576ac36ac1918825b826d057e025d9eb14dfb
vp4basis2026:vp4_ba_26_punkt_spredt_saml,"504050,6249825,514050,6259825",504571,b2d49625a376abbab56d5f3fd9aeec6dfe2197646508487880467e2167343d4a
vp4basis2026:vp4_ba_26_punkt_spredt_saml,"504050,6259825,514050,6263750",162462,e15ee28806c1b3e7cec968a07c4fcb7dc8695add3ff93a1439181e33a4828d70
vp4basis2026:vp4_ba_26_punkt_spredt_saml,"504075,6219825,514075,6229825",515058,a4eaca3fa4a5cd84febd4729f5a5a871ce2d0b84339b85d2e16a70a0eac960e8
vp4basis2026:vp4_ba_26_punkt_spredt_saml,"504075,6229825,514075,6239825",241986,b932a39cd28cd73b276c61c6ecfb892c1b275dd4aa1c2017d28e45533d95aec4
vp4basis2026:vp4_ba_26_punkt_spredt_saml,"504075,6239825,514075,6249825",343627,bc3320b909e8b0ea7375fc92d535681a2d2121fd7c3c2575c945fd5464305488
vp4basis2026:vp4_ba_26_punkt_spredt_saml,"504075,6249825,514075,6253375",136064,e1cdc1900e5c4f593dff20047f091fe7b633a021651b635c2fe4651a5438e555
vp4basis2026:vp4_ba_26_punkt_spredt_saml,"507725,6162950,516875,6172950",385825,43a5f0fefe8527ac0f6d75456307edd90d5cb7c76afdfeef460f8171178fd88f
vp4basis2026:vp4_ba_26_punkt_spredt_saml,"507725,6172950,516875,6180675",301620,68ea7548a4c9218a0a426123f404a6b4c58d9b4039f7e66aed2c89a0557322b4
vp4basis2026:vp4_ba_26_punkt_spredt_saml,"508900,6135025,518900,6145025",630258,ca63d373709d514bfb7df99d2631209112c666fca248f736153be04ac0d50b83
vp4basis2026:vp4_ba_26_punkt_spredt_saml,"508900,6145025,518900,6155025",561597,c8769244e791ddbc448562e138cdd956672200f3dca63fb9ad1c38272291425d
vp4basis2026:vp4_ba_26_punkt_spredt_saml,"508900,6155025,518900,6162575",431007,a4e0ecdecfe3c1c8065e7309c1e401e9b208a80f1ff3e623475fa0d96812c839
vp4basis2026:vp4_ba_26_punkt_spredt_saml,"509775,6219825,519775,6229825",563394,0c8c228607a59c4ec40a63e93f25a44518cad00fdba713c9f786ee4818bead21
vp4basis2026:vp4_ba_26_punkt_spredt_saml,"509775,6229825,519775,6239825",322749,1e43478a9b06cf2552e1c2df0cc80ade52ca272a0949fde16ce5ec23e969bfee
vp4basis2026:vp4_ba_26_punkt_spredt_saml,"509775,6239825,519775,6249825",480743,6c60cc5c9772b027fd6c5b31e17e1bc3c483c3ef6b330b6d638106647ce6f124
vp4basis2026:vp4_ba_26_punkt_spredt_saml,"509775,6249825,519775,6259825",434108,4b80d78cd1a96c36563ab2eb2860adbed83e760c17cf9739c1bca70707529cec
vp4basis2026:vp4_ba_26_punkt_spredt_saml,"509775,6259825,519775,6269825",481834,36922ad00a15cb8834aef0650ea940720b592a20dc584d055372b7cd4a97f51b
vp4basis2026:vp4_ba_26_punkt_spredt_saml,"509775,6269825,519775,6275225",925244,e2378502695a167a358d3f4ee7cbbb059b7b532a304aeff47d716ea76c854db6
vp4basis2026:vp4_ba_26_punkt_spredt_saml,"510225,6256150,515400,6263225",183845,0ee2f69ea9b40a050910bfd4233838d229295b34134b9f04e29dee836b4e3c23
vp4basis2026:vp4_ba_26_punkt_spredt_saml,"510600,6121975,520600,6131975",330216,5314a64f795650c608abb6ffdfc2acc3965ded36cd17cd7eb8b998efe841d246
vp4basis2026:vp4_ba_26_punkt_spredt_saml,"510600,6131975,520600,6141975",572565,ca07b939ba36d7b08b369f572a62ee803bcb929569c43d301c4839cba795ed4d
vp4basis2026:vp4_ba_26_punkt_spredt_saml,"510600,6141975,520600,6143600",71917,b8f16ffb9ec69dbf6f459ae7ef2ef8942208c4bf907fc77af9b020743af73fad
vp4basis2026:vp4_ba_26_punkt_spredt_saml,"510925,6135025,520925,6145025",578869,83e0ec174ab02e56196b4c5af9cade613a8aa6e7d471d4f2e47f05216bf509cc
vp4basis2026:vp4_ba_26_punkt_spredt_saml,"510925,6145025,520925,6155025",477570,3da6d3cc6e39f17a41bc8410f5c040789f037f163791067b49cd31e87b081e58
vp4basis2026:vp4_ba_26_punkt_spredt_saml,"510925,6155025,520925,6162575",368180,b1ab3a63d4ac10f8fe964c22243355a7e9706885745bc3df4f5f6a4193c8cbf2
vp4basis2026:vp4_ba_26_punkt_spredt_saml,"511925,6272025,513525,6273700",17804,4b99ec153328b21bff0b43dc41a92f0bbe96337868390a3c81cde4f98a5e2a88
vp4basis2026:vp4_ba_26_punkt_spredt_saml,"511975,6298125,521975,6308125",1575977,a9f723525d226e592154e1fe66eae44b4b6cc063e74f96a66edf5f2a05c2847b
vp4basis2026:vp4_ba_26_punkt_spredt_saml,"511975,6308125,521975,6311100",538992,1315098043ec864f094490aaf09648b642d43da2dcaac853a3ddaa09116cd4b5
vp4basis2026:vp4_ba_26_punkt_spredt_saml,"513625,6198250,523625,6208250",442946,9b250ea594b814538686297949fff09894c9ce894811039b424d48800a6b1070
vp4basis2026:vp4_ba_26_punkt_spredt_saml,"513625,6208250,523625,6214750",213438,ffc5de865983098fcfe7f8e3c83f32a74e1e2668aabd22efec13b6227aac4c9b
vp4basis2026:vp4_ba_26_punkt_spredt_saml,"514050,6219825,524050,6229825",543124,176c1c8d277e0e0dab4681248a23331de4ed2a2611ff68310c2291241678b8e7
vp4basis2026:vp4_ba_26_punkt_spredt_saml,"514050,6229825,524050,6239825",501676,e2cad10615d7d4ae63851feb8f051cb9ec057e566435f90aeb7b5c5749c81694
vp4basis2026:vp4_ba_26_punkt_spredt_saml,"514050,6239825,524050,6249825",652013,65cca330a95e4af93b2661be0394493b89c039013f3e25d9c42f170b57fe654a
vp4basis2026:vp4_ba_26_punkt_spredt_saml,"514050,6249825,524050,6259825",397621,065051967f8967ab5be056838513a7091033bf8dcd8092b0e317586f488c75c8
vp4basis2026:vp4_ba_26_punkt_spredt_saml,"514050,6259825,524050,6263750",210237,a5e052edc4e06eddf3b297624c67cf343b5468a8ce42fbb7aae4b973441555c2
vp4basis2026:vp4_ba_26_punkt_spredt_saml,"514075,6219825,524075,6229825",541859,6e5c770b1b98f384605d36b00d8bf90a14014a3261e4cc3f6e4f05868e2318b1
vp4basis2026:vp4_ba_26_punkt_spredt_saml,"514075,6229825,524075,6239825",502936,b0d3b2f79d7a97a6fd94de72a87999424a0c50185617e5a6a48cc2661d8b5b0d
vp4basis2026:vp4_ba_26_punkt_spredt_saml,"514075,6239825,524075,6249825",654534,35524e483096077fb38912aa18af03b8ec1dde39c675b1e0184331a177009674
vp4basis2026:vp4_ba_26_punkt_spredt_saml,"514075,6249825,524075,6253375",95763,e84c9be763ebd2fd539a2f94a724e5c9ee9944c4ab1502de36214c185604a1ee
vp4basis2026:vp4_ba_26_punkt_spredt_saml,"514375,6192000,524375,6202000",483109,3a8af1336ef74d23929cd1e7d22127b9645c952f55b6309674b2888dbfcb4077
vp4basis2026:vp4_ba_26_punkt_spredt_saml,"514375,6202000,524375,6202075",2733,db3eb49ef576871f56fca58cb76135b3e94c4354f609bf7a83fd3e4d0316baea
vp4basis2026:vp4_ba_26_punkt_spredt_saml,"518900,6135025,526675,6145025",296024,5e3ecf5963cc811960987b5fefcf01cb11388c8bf88a4d2e410393455f497f43
vp4basis2026:vp4_ba_26_punkt_spredt_saml,"518900,6145025,526675,6155025",123567,60aa1e5013704ea5d29ae939f4681a7bc93fdfe9288752824feb317ea6a28211
vp4basis2026:vp4_ba_26_punkt_spredt_saml,"518900,6155025,526675,6162575",179879,7e934d146335e086272a66ef42bc0859a1bcdbb9d6a7d48800282ac89c5d2578
vp4basis2026:vp4_ba_26_punkt_spredt_saml,"519775,6219825,528675,6229825",510873,e44d6c9e87b17af42c99a0b0cfee1a1251f2ba11c7d3de357de2555fafdde397
vp4basis2026:vp4_ba_26_punkt_spredt_saml,"519775,6229825,528675,6239825",638920,d78f895d3273d3b8b9e8590c24093c48ed16c92c865316add17fecae7951de9c
vp4basis2026:vp4_ba_26_punkt_spredt_saml,"519775,6239825,528675,6249825",688817,38e964b7a4c6b1bb441e9c6379243edd55fb2280abb38c3b8d9d9e94ccf24920
vp4basis2026:vp4_ba_26_punkt_spredt_saml,"519775,6249825,528675,6259825",294486,bcfd6499fb6157f04732ca35156ece0c321942d446650dc89956dbd2b79257a9
vp4basis2026:vp4_ba_26_punkt_spredt_saml,"519775,6259825,528675,6269825",408962,e79fd1befdc2b6ef165f64d4563ffdd9cb33c01147324c1af3d24f9ff2b30107
vp4basis2026:vp4_ba_26_punkt_spredt_saml,"519775,6269825,528675,6275225",298295,2a31b02eb7d5279e89136a46e651e9b048e7a45f24ccb685faf173869fac99ee
vp4basis2026:vp4_ba_26_punkt_spredt_saml,"520600,6121975,529175,6131975",277323,21e835029111435577db38b40f4180beac63456e5a8e87e3dcdf611807b702a0
vp4basis2026:vp4_ba_26_punkt_spredt_saml,"520600,6131975,529175,6141975",340099,dca9c61ed6f196bcc6f4073d478d4bd0b9807667ac3788eed0ad483e6e0ea7eb
vp4basis2026:vp4_ba_26_punkt_spredt_saml,"520600,6141975,529175,6143600",14053,f6775e5e724a325e6b4c9010176094292aa0b284b1f08b23a2e2ebf102d73cb0
vp4basis2026:vp4_ba_26_punkt_spredt_saml,"520925,6135025,526675,6145025",225534,0d51b4554252a1dd1be8ee47f77fff402ea9a159a7707925b45acc54a5d95410
vp4basis2026:vp4_ba_26_punkt_spredt_saml,"520925,6145025,526675,6155025",80768,5be63f972e90159547cf73de15f478b1b0a0517da5a8546964d96454435b9a6b
vp4basis2026:vp4_ba_26_punkt_spredt_saml,"520925,6155025,526675,6162575",132152,bc5a614b5aa48c539e7b48de8fafc6cfa49982b65f4142ad090ea1234ab590e6
vp4basis2026:vp4_ba_26_punkt_spredt_saml,"521275,6173675,531275,6183675",765033,60b7c2d2bd556d91dd32a06e039bab481e924f298bd755eac887749682fadb7a
vp4basis2026:vp4_ba_26_punkt_spredt_saml,"521275,6183675,531275,6184625",73049,08c69e7a6e4127c580d03089e7343a8209495f9017bde1c3d907497c635b7f10
vp4basis2026:vp4_ba_26_punkt_spredt_saml,"521975,6181625,531975,6191625",718839,a9b6a2811b1f6eed48394c8c8d5f787f86cc48e86b104d49178457a7065c4ce3
vp4basis2026:vp4_ba_26_punkt_spredt_saml,"521975,6181625,531975,6191625",718839,da5e96ca3ad04075182dcc39c7a64def3095e7df025e75e2fbadf711752ca957
vp4basis2026:vp4_ba_26_punkt_spredt_saml,"521975,6191625,531975,6198175",414517,9756e74d38abddba21329c439222eb655da6bb23a57b7e4f98224ce8c9588990
vp4basis2026:vp4_ba_26_punkt_spredt_saml,"521975,6191625,531975,6201625",605037,33767783ad1bf588e0e1ebc01b6d41893fd7ca52cc827d300c6db287fc10d3e8
vp4basis2026:vp4_ba_26_punkt_spredt_saml,"521975,6201625,531975,6209175",326836,77c067c74609d82afd21197b179e612c7fb33b5b8f8d9592535c2ad030bfe659
vp4basis2026:vp4_ba_26_punkt_spredt_saml,"521975,6298125,527325,6308125",332819,814e870da851230954ba140a54a29f6a898d7ae00e19bc2d849aa7a379a8292b
vp4basis2026:vp4_ba_26_punkt_spredt_saml,"521975,6308125,527325,6311100",86116,1e2eebed2048033da42919df9eff26388b3808b0702355f7cf1b09c28bf7eff5
vp4basis2026:vp4_ba_26_punkt_spredt_saml,"522975,6215225,532975,6225200",530857,342333c638f5e5478eb7a0ee4d711f43cd6f9a920e0973eab66ee081e80ab060
vp4basis2026:vp4_ba_26_punkt_spredt_saml,"522975,6215225,532975,6225200",530857,4edbb714dcb72ed8fed9f00f1f0c5332c5ca022015599403d9320f0e0e62d2f6
vp4basis2026:vp4_ba_26_punkt_spredt_saml,"523575,6200900,533575,6210900",500590,3846050942f8dd52fc7110ad68d908a9ca37a658798f222a18b225f53fb8b5ad
vp4basis2026:vp4_ba_26_punkt_spredt_saml,"523575,6210900,533575,6217950",290080,3ec24b3b02b1af2c20c34d7091696685d8f16613dd008d30e8d5a398daa1128b
vp4basis2026:vp4_ba_26_punkt_spredt_saml,"523625,6198250,529625,6208250",271462,32989124fc1942bb6e4a6cbd9085fc8bb6a21e07892ca25fcd79e1713c90dee2
vp4basis2026:vp4_ba_26_punkt_spredt_saml,"523625,6208250,529625,6214750",72027,438125117a74f9a8acfa9e0ace41783882c6fdc91fb44abd1e17608db87a07f2
vp4basis2026:vp4_ba_26_punkt_spredt_saml,"524025,6283250,534025,6293250",607176,7f713fb6002611e89d60238db4e317cf1e6c50b11ed628d8883a88f6dda1345d
vp4basis2026:vp4_ba_26_punkt_spredt_saml,"524025,6293250,534025,6294375",49535,7cdce144e269c98d9c3f7af97b81fed4fcb82df7545de9d1160d16fc98fb4ec6
vp4basis2026:vp4_ba_26_punkt_spredt_saml,"524050,6219825,528675,6229825",310163,4328b5bd32696d6afc91b286fcc732b3a2d36f443688620935fbb49f1e5c260a
vp4basis2026:vp4_ba_26_punkt_spredt_saml,"524050,6229825,528675,6239825",323976,4df820d12013931bb99af2296a4e3db1e30cfc154e3dd58a83f85b55df919d18
vp4basis2026:vp4_ba_26_punkt_spredt_saml,"524050,6239825,528675,6249825",364100,42ee7f9abfab4f58d33a64fb332fe7d64d437e95861a8851410c0c8cce3b6cea
vp4basis2026:vp4_ba_26_punkt_spredt_saml,"524050,6249825,528675,6259825",128475,b9a3c088d6e859dd75bd02d2cbf31381b08b5d355752997d4f3b72d7e86603b8
vp4basis2026:vp4_ba_26_punkt_spredt_saml,"524050,6259825,528675,6263750",117170,c991c099e0702e561000d5b141237dc992b655888c10d534760c8ad147b8f677
vp4basis2026:vp4_ba_26_punkt_spredt_saml,"524075,6219825,528675,6229825",308903,29bb72b73dfabe7652b01d2559d03f4b7db5b535c0bc6aef9a1081e0c102de23
vp4basis2026:vp4_ba_26_punkt_spredt_saml,"524075,6229825,528675,6239825",322716,238230712a6b920f234f52117239acc5540e8f4d854b33dbf309d294f962565c
vp4basis2026:vp4_ba_26_punkt_spredt_saml,"524075,6239825,528675,6249825",360321,fd3aee82a6f50aeda52d9b82194a312610a66a8149070d0e35ce8a4aced08e97
vp4basis2026:vp4_ba_26_punkt_spredt_saml,"524075,6249825,528675,6253375",76919,67ed5927117b86735ae8e51af573d59f811aa3274efaf58a51778eed901e28ff
vp4basis2026:vp4_ba_26_punkt_spredt_saml,"524375,6192000,528775,6202000",274907,fa9b4729d974a6bb754b817da05e6124daa2aada26be7ef3080c76ab36510c58
vp4basis2026:vp4_ba_26_punkt_spredt_saml,"524375,6202000,528775,6202075",1471,37a1dff6bb21575beec7bae08fdd51eab8df258cc899f564db4d536236b650ae
vp4basis2026:vp4_ba_26_punkt_spredt_saml,"525325,6126325,534150,6136325",180294,b809c49f86f3ad903e84ed4a98e9208747728720c50196f70c38193af21e9ab4
vp4basis2026:vp4_ba_26_punkt_spredt_saml,"525325,6136325,534150,6142025",219246,80819bda4b89dd0310463417e9e6742a0adf2a4f4d9fa0bf5e77e46f65028b78
vp4basis2026:vp4_ba_26_punkt_spredt_saml,"527425,6165875,534900,6172750",340513,0099cb1241cbad3e5b1f396bd689a930c220ecea21d170ec58e8f39d4944a133
vp4basis2026:vp4_ba_26_punkt_spredt_saml,"528250,6182525,535375,6188675",332414,9901e0f8993388497ee6004aac6a9bee9ee63c60d108d99de3c6d71a4233d593
vp4basis2026:vp4_ba_26_punkt_spredt_saml,"528400,6288175,538400,6298175",512840,49781f61d3d70bb3062eea278a61a3c35946f81cf7805a97042b3db181873c4e
vp4basis2026:vp4_ba_26_punkt_spredt_saml,"528400,6298175,538400,6308175",553306,5448119eb7c3d0c99fbe26430ae4f4d8f06308ca8bd2c8a89af29fffaba55cdc
vp4basis2026:vp4_ba_26_punkt_spredt_saml,"528400,6308175,538400,6308875",27931,f083c751a29674148968dec0964b3ea26925053819344e9c83a40e98d7ad00d3
vp4basis2026:vp4_ba_26_punkt_spredt_saml,"530000,6200900,539800,6207700",445906,5458b3f6be55af283184d3dd47f3509ed6762557307eff92a64bc26f498427bf
vp4basis2026:vp4_ba_26_punkt_spredt_saml,"531275,6173675,536300,6183675",304351,7942404b0667fa747625eb83abe59a51de9109bed81cf495a34d87c3fb71658e
vp4basis2026:vp4_ba_26_punkt_spredt_saml,"531275,6183675,536300,6184625",37983,2e3b40053cdd103806cf58730e0b049ef9736bc8511a74d51d933fc98d80d4cf
vp4basis2026:vp4_ba_26_punkt_spredt_saml,"531675,6154225,541675,6164225",322467,adb349353d886a4f98f82bf3b7e521074807102d0bbb7355a8c353d0f8b7b03c
vp4basis2026:vp4_ba_26_punkt_spredt_saml,"531675,6164225,541675,6166550",71758,805ce1473cfaff5434d4b09abb6ce6c7579745b0f52a2158b60e718377e45ff7
vp4basis2026:vp4_ba_26_punkt_spredt_saml,"531975,6181625,541075,6191625",507759,e4db3163519d3533a3306ba911777234e30b3b4adb439fb521c05f9f224c51e3
vp4basis2026:vp4_ba_26_punkt_spredt_saml,"531975,6181625,541975,6191625",551826,b7b1a4e87d2451791c1cf0e14adef03aa4309a072f96667460052a39ac4d8412
vp4basis2026:vp4_ba_26_punkt_spredt_saml,"531975,6191625,541075,6198175",407128,72c54b2b0cdbe149e971e63d4f2bb72829bfa21f8154e6448d7e7af6175fa3a1
vp4basis2026:vp4_ba_26_punkt_spredt_saml,"531975,6191625,541975,6201625",658916,ecbfc18228d210645edb35263952e0669b22da4531bd27f1398713f486f81bde
vp4basis2026:vp4_ba_26_punkt_spredt_saml,"531975,6201625,541975,6209175",550376,3fc7a231aad2e0b2680926703368bc805fe60be0a94776d0a3b405fc14c1e9e3
vp4basis2026:vp4_ba_26_punkt_spredt_saml,"532975,6215225,534050,6225200",31707,20b307dd99fa205014f731b3fb5325a9159581160c6f1e4d866f016fe2a09c09
vp4basis2026:vp4_ba_26_punkt_spredt_saml,"532975,6215225,534050,6225200",31707,4b118e79eb71213c3800dfb9d3e1ea18ef1edc4d9441b0590f7c2a51ef41b118
vp4basis2026:vp4_ba_26_punkt_spredt_saml,"533575,6200900,539800,6210900",415678,0a572452d1157af3f276810d08381d7e9392895dce5f2cc7072f8d9ca640ed00
vp4basis2026:vp4_ba_26_punkt_spredt_saml,"533575,6210900,539800,6217950",213107,c4056ead8fa4a90ed539142218846b7f7feb1c908fb5b31eecdf10f19fb04c98
vp4basis2026:vp4_ba_26_punkt_spredt_saml,"534025,6283250,542575,6293250",545116,742122cd789a9ce61c3861918578d26bb10465dfb7cab9e5b4284a80d03930d1
vp4basis2026:vp4_ba_26_punkt_spredt_saml,"534025,6293250,542575,6294375",61871,c309d53045b35128d5a32ebe5d3a28a862587ec30d06894a6eba4db0ef76957c
vp4basis2026:vp4_ba_26_punkt_spredt_saml,"535500,6176725,545500,6186725",727893,f72bd9c80ffcd7d8631042be2a926d0253127e5c4ac480f858c5e8f071789a03
vp4basis2026:vp4_ba_26_punkt_spredt_saml,"535500,6186725,545500,6194800",462457,f4abf1c331c27da8c7b93aaa9a2a22904670138c95a787bd190f2fc4793fb181
vp4basis2026:vp4_ba_26_punkt_spredt_saml,"538400,6288175,547600,6298175",553225,5deb511fabc6d9a2688736358de2d499eba4a8aab9912b5922347c53ab0defd1
vp4basis2026:vp4_ba_26_punkt_spredt_saml,"538400,6298175,547600,6308175",619897,4d28237154878cdeda46770531421496eac643b8a1e387d2c52d2ff458ef648a
vp4basis2026:vp4_ba_26_punkt_spredt_saml,"538400,6308175,547600,6308875",41686,0f504cbac5a9623a1d81275595598e1727f6bdd943342a94ebb7abdd510a9a1a
vp4basis2026:vp4_ba_26_punkt_spredt_saml,"541400,6236675,551400,6246675",767490,d10d34f72256a9a7a40c8e1b327140b661a0a836fa98dd8b54196565256e50c1
vp4basis2026:vp4_ba_26_punkt_spredt_saml,"541400,6246675,551400,6247825",93142,012469bf6e26b90553166aa39baf31376e41c1d01e7203e8057e08497046af42
vp4basis2026:vp4_ba_26_punkt_spredt_saml,"541675,6154225,541900,6164225",1470,d208ef8915d5af950b34db4889d5d6458bf3eab2e1bdc0462e90ce4ac9e59157
vp4basis2026:vp4_ba_26_punkt_spredt_saml,"541675,6164225,541900,6166550",7737,d46f7cfe5f1a00070efdd4856bc25c40efbcf276b210384854f95cf253e37818
vp4basis2026:vp4_ba_26_punkt_spredt_saml,"541975,6181625,550350,6191625",611049,96c48eb27af44c065cc337150f7c6ed8ce39f9b6067c0ec54df7bca1f09a825f
vp4basis2026:vp4_ba_26_punkt_spredt_saml,"541975,6191625,550350,6201625",435740,fec8aef7b9d6775dc0acfa4b51729e76099922e9857f36a3403d1f7af577feea
vp4basis2026:vp4_ba_26_punkt_spredt_saml,"541975,6201625,550350,6209175",364179,e3e62afe031b8127a70b159b966e6b2690a145d981c877bee1632d72becde428
vp4basis2026:vp4_ba_26_punkt_spredt_saml,"545500,6176725,552425,6186725",541846,726c2d0a921dbf4fba1dead2e7fc9008b6fe6f444af0642cb110e96dbf078025
vp4basis2026:vp4_ba_26_punkt_spredt_saml,"545500,6186725,552425,6194800",176435,c049ac911ab9ed88389c6778834f78fa1c707fb3f1b9d21ab5bffcfb7e6a0568
vp4basis2026:vp4_ba_26_punkt_spredt_saml,"546325,6221225,556325,6231225",718963,cbfd4e88490822ef7feb55a26fba9342ca2849eb43f0af8921d97b6215f7b37a
vp4basis2026:vp4_ba_26_punkt_spredt_saml,"546325,6231225,556325,6233825",235006,985c11084966c48d146359bc4621cfe7556818061c6747a961baaaf3ad07d5af
vp4basis2026:vp4_ba_26_punkt_spredt_saml,"547500,6218100,554075,6222075",202083,83e1f111c25bd12167c511148036baaf2568d162240df4200e7f9349106f1d91
vp4basis2026:vp4_ba_26_punkt_spredt_saml,"548750,6282525,558750,6292525",626641,ef1c093c788fe0d9eee70cc5aa0c1e8eb2daa6aaa31e4de5a986914a4591ab74
vp4basis2026:vp4_ba_26_punkt_spredt_saml,"548750,6292525,558750,6297425",114843,ca699af9002197f870ee9006e5947e49d6fcacacae69d40d821821d5db4d6582
vp4basis2026:vp4_ba_26_punkt_spredt_saml,"550700,6146025,557700,6150825",147723,e98c5e4ca47421bcc7003a46f34a760d71d03a4f8318a2c9e3616318d08e647d
vp4basis2026:vp4_ba_26_punkt_spredt_saml,"550800,6228250,560800,6238250",662180,7066b3092cc43b364fc4e9964bb59cc3cdb2b93140c002be0310ab0d91d79c6d
vp4basis2026:vp4_ba_26_punkt_spredt_saml,"550800,6238250,560800,6248250",585024,b58e187ca8471d709aba00d17d69c2661092fb57ca4d77efd2cdc313203b0654
vp4basis2026:vp4_ba_26_punkt_spredt_saml,"550800,6248250,560800,6251200",140803,86431047b10366c00ea39e77163504e642a0efbbcd4bda423226be2a4cded13b
vp4basis2026:vp4_ba_26_punkt_spredt_saml,"551400,6236675,554525,6246675",243673,2973bf6f6176077676ce969802d8b4b252ec66e7b67fec14b821912a305bc107
vp4basis2026:vp4_ba_26_punkt_spredt_saml,"551400,6246675,554525,6247825",11492,4c11b13bd3f0e2a2fc021bac08c03be6d9958772a828747091abaf44f59ee733
vp4basis2026:vp4_ba_26_punkt_spredt_saml,"552650,6141150,560475,6147725",261180,e0086138b0f4322a5df94db9a836434b339f38c730023a5a6f39166faa54b51a
vp4basis2026:vp4_ba_26_punkt_spredt_saml,"556325,6221225,566325,6231225",586430,25a2c52c7307fc0317fd463d05c1187ae255fc23862825b31793df9dda5a0c7e
vp4basis2026:vp4_ba_26_punkt_spredt_saml,"556325,6231225,566325,6233825",136981,6b70c0e5cb331e73d2f1c2f4209cdbbad9ab340e335f4ac9f0bc6ef14f315f1c
vp4basis2026:vp4_ba_26_punkt_spredt_saml,"557525,6120650,564250,6126900",85627,3e3faf107e61e3d2413cd36e208a96cbaa4e7c780dd448f925506ff2f9a3fd40
vp4basis2026:vp4_ba_26_punkt_spredt_saml,"557625,6206075,567625,6216075",554875,a64f72111e6cfad70dd21e5fcfc672bb78a92b7a91b1565e2a2840546f3aa066
vp4basis2026:vp4_ba_26_punkt_spredt_saml,"557625,6216075,567625,6223575",493435,240d127b891a36b05b2eeaab1058324b03fcbd4a5951c766198d15742d7e513a
vp4basis2026:vp4_ba_26_punkt_spredt_saml,"558250,6138800,568250,6148800",733590,fde3231367aff6bf3e54f06de1366a32188bf1d8f3121f72df94f6d996de726e
vp4basis2026:vp4_ba_26_punkt_spredt_saml,"558250,6148800,568250,6153675",475250,41625b6eace2af917cfb082f34aec02eae4e6b9da10c46ca98fa53d1edeea9ed
vp4basis2026:vp4_ba_26_punkt_spredt_saml,"558750,6282525,562475,6292525",208602,ac9091dbd821079ca2e6a001ab5f42186136db5872aa0c3c95ec5151f081be27
vp4basis2026:vp4_ba_26_punkt_spredt_saml,"558750,6292525,562475,6297425",65720,4908d0f9cfbfd1d2d63d155694bf2f616149e0a0d20f1afe729a4b6907e67a13
vp4basis2026:vp4_ba_26_punkt_spredt_saml,"559675,6268475,569675,6278475",516395,58e2cbf07f527debe3d268122c77a35404752c19da996476b9823c0e60b06f1b
vp4basis2026:vp4_ba_26_punkt_spredt_saml,"559675,6278475,569675,6282400",188519,3b6953d89a0810eaf27d9abc834c26ae36b38000ef7f55d499ccb8e6f94dd8cf
vp4basis2026:vp4_ba_26_punkt_spredt_saml,"560800,6228250,570800,6238250",487355,f094c4e05629006143f50e642d959508b8d366e93fdc76d057a1b66040cfeb35
vp4basis2026:vp4_ba_26_punkt_spredt_saml,"560800,6238250,570800,6248250",434304,97fd61ceb2da5a8bd097cdc6153a63e3bfe03b0a3e495e57d88dc102168a5586
vp4basis2026:vp4_ba_26_punkt_spredt_saml,"560800,6248250,570800,6251200",113140,ab53ddb090d6654a9a4059551bb2496cec9f2e0929dbdcdd71662647ad55eb5c
vp4basis2026:vp4_ba_26_punkt_spredt_saml,"564125,6199300,569950,6203775",139686,ab2b913afe20f3b3be90c0ab51e334043dcae41513703a4fca215ddedd10c748
vp4basis2026:vp4_ba_26_punkt_spredt_saml,"564700,6117325,574700,6127325",463956,65da06944c953e3fe3971e7bd59017063317bc541392a95d638030620a0d2271
vp4basis2026:vp4_ba_26_punkt_spredt_saml,"564700,6127325,574700,6129200",56765,5d9ba7ff2e2fa4d18241dc04ea0cdc2ac300e47bf44ea479da375e30416c246a
vp4basis2026:vp4_ba_26_punkt_spredt_saml,"566325,6221225,566800,6231225",21554,823579f00c19570a9764579cbc9cb8aeab2e690c93f6f15cb5458fcff34586d9
vp4basis2026:vp4_ba_26_punkt_spredt_saml,"566325,6231225,566800,6233825",147,57b81b7a3d073af276524a25ce586c1d88e66066575885c802fbf808d99e3950
vp4basis2026:vp4_ba_26_punkt_spredt_saml,"567625,6206075,571525,6216075",397063,38d69f9c28a071de2fe4e1a350b0365c0567ee99669a67170278c8a940b7c55e
vp4basis2026:vp4_ba_26_punkt_spredt_saml,"567625,6216075,571525,6223575",104469,e04a5a1a3ab38aefb903bc614f17d1cdef20e5e5a9b586ca831873fd1a919375
vp4basis2026:vp4_ba_26_punkt_spredt_saml,"568250,6138800,575350,6148800",416586,7c6523b9cf1b373065a5963f096307cf9091fd50ba522d7aeff9e607317eeea5
vp4basis2026:vp4_ba_26_punkt_spredt_saml,"568250,6148800,575350,6153675",95882,c3f95c70a5fd43e321e4e3187cb3a87e819bbcb88286b9da0f6387130621dbcf
vp4basis2026:vp4_ba_26_punkt_spredt_saml,"568675,6337250,578675,6347250",678344,7e274d5d3424f19db5571e02a5907928f95a931a99c81b695a73c1bd5759d038
vp4basis2026:vp4_ba_26_punkt_spredt_saml,"568675,6347250,578675,6357250",763510,2747b8a5c2ed61bbe4961ff7a4df04217722bd22c03db23ef4dca64c2b6803be
vp4basis2026:vp4_ba_26_punkt_spredt_saml,"568675,6357250,578675,6362150",429074,691c4fa83a2dc0c69fc3d2e1c66aab68ef83ee332189360fbce9f9c96bce3ac7
vp4basis2026:vp4_ba_26_punkt_spredt_saml,"569675,6268475,574200,6278475",204853,6bf7f3a1906efa954279bb940c43bafe3af6f87ad93c2621a4d1d338f9d5f28d
vp4basis2026:vp4_ba_26_punkt_spredt_saml,"569675,6278475,574200,6282400",82114,36ba81d923291cce816e6849cfee0db16789266214581e928644284a30229613
vp4basis2026:vp4_ba_26_punkt_spredt_saml,"570375,6106575,580375,6116575",294883,bc8dfb84b0685cf6034cbd504e54f14d5b1451740db70aaba8af1aa97af92e08
vp4basis2026:vp4_ba_26_punkt_spredt_saml,"570375,6106575,580375,6116575",294883,d74ab80c3025eed2355576db47d59800e5a5f2730a87f99ef44f7d166ed62a38
vp4basis2026:vp4_ba_26_punkt_spredt_saml,"570375,6116575,580375,6126575",566099,74c66273265ad5fdbcda2f64de7603b35e02dd32f13c2e53d2cd7ecfe65e8408
vp4basis2026:vp4_ba_26_punkt_spredt_saml,"570375,6116575,580375,6126575",566099,9b0187c449f262756dccd545304d085acbc06656c4df49aa2beabcaadbf464a9
vp4basis2026:vp4_ba_26_punkt_spredt_saml,"570375,6126575,580375,6136575",695342,00b5cb13ca0414961be24aa9e7bb0a1700d5f3d298c8058b67861110bbaffb89
vp4basis2026:vp4_ba_26_punkt_spredt_saml,"570375,6126575,580375,6136575",695342,0ddcc687aaedc1a824a9b44a5cd67d05f3aa9d75b03aa01baf00d5645fc3caca
vp4basis2026:vp4_ba_26_punkt_spredt_saml,"570375,6136575,580375,6138600",148588,eda5d65fefecaa39cd7159e2dde9f24ecf4303213b8aa00dedfb1bdd5abf6e98
vp4basis2026:vp4_ba_26_punkt_spredt_saml,"570375,6136575,580375,6140800",254203,441e71d1d3668c487be0dba12620c48c36f983ea4bdb1ef170b5453b3acb25b2
vp4basis2026:vp4_ba_26_punkt_spredt_saml,"570800,6228250,577550,6238250",356942,1fc634df001863f90e87471f25f24b3fcc14256108842c7bebdf8b97d673eebf
vp4basis2026:vp4_ba_26_punkt_spredt_saml,"570800,6238250,577550,6248250",363358,03fd51751382fce07e1448a0a00bf8930319ecba545f8c2a6b91671b9f2a2749
vp4basis2026:vp4_ba_26_punkt_spredt_saml,"570800,6248250,577550,6251200",75606,0297066dd0ba8996d376b4d6e7f8cde7f81bad4c36394e8088845ddaacbbacc6
vp4basis2026:vp4_ba_26_punkt_spredt_saml,"571600,6137600,581600,6143000",312093,1bf31e7f191243ce5b228e0032d921fcaa42833f11ba29e58993c0de6f091ffb
vp4basis2026:vp4_ba_26_punkt_spredt_saml,"572550,6112125,578025,6118200",174356,5f516c9fa1ae22ee6d6866f810aecfcb2077f8f2a9be70dac8a818f6347ab04f
vp4basis2026:vp4_ba_26_punkt_spredt_saml,"574175,6145525,584175,6153525",236838,3e74181b12491e796ce2ba778f378589fb295887ed910c3c5ea14126db3ada35
vp4basis2026:vp4_ba_26_punkt_spredt_saml,"574650,6106575,584650,6116575",441870,b408323e1cd15ea6a57e81245859430443a4a5740e4bf78522d6ebc8f58991a2
vp4basis2026:vp4_ba_26_punkt_spredt_saml,"574650,6116575,584650,6126350",482669,5673203da6fb6067a3ff61a2e549ed226ac79d803fd7eedf5f1ea4958aa1ae4f
vp4basis2026:vp4_ba_26_punkt_spredt_saml,"574700,6117325,577200,6127325",177993,900800f4f6778e72cb61932b72d61305436a0f7325c651ac0b50e6647d24766b
vp4basis2026:vp4_ba_26_punkt_spredt_saml,"574700,6127325,577200,6129200",147,f07ba323325d6ab3add696501b7dc182a81c9309c57bcd00d75814a58d91e668
vp4basis2026:vp4_ba_26_punkt_spredt_saml,"578675,6337250,588675,6347250",712875,9b7bc6a76278ed590bd23aa543c2bbd0e8c43f0b1070b9e9adf3ad1210747a60
vp4basis2026:vp4_ba_26_punkt_spredt_saml,"578675,6347250,588675,6357250",693264,5fa11c3bae0533e5b9c79fa4a651a0d723980241e4b648a25609585d82c9658f
vp4basis2026:vp4_ba_26_punkt_spredt_saml,"578675,6357250,588675,6362150",313657,1ff832610ba54c38f75298a1e24285423bade98e10e121a883127fc63865f70b
vp4basis2026:vp4_ba_26_punkt_spredt_saml,"579350,6108100,585550,6116025",207774,036d47cb2e2824bb03affd2c53f73855912b15aa11ad0641c928de5a8a61e510
vp4basis2026:vp4_ba_26_punkt_spredt_saml,"579350,6109575,582125,6112100",19200,9211d59435b582d0800ad2df7b6dd81bff3611a0ad9b9911e62ebe9f88f46cc6
vp4basis2026:vp4_ba_26_punkt_spredt_saml,"580375,6106575,590375,6116575",488702,81a2afc148eaeffceb9253987caf913efbf6208e20511e3050424e794d048652
vp4basis2026:vp4_ba_26_punkt_spredt_saml,"580375,6106575,590375,6116575",488702,8ee200f3ee58cb6e6077512494b2f38400b833df50c0c035b604b2d493ea301e
vp4basis2026:vp4_ba_26_punkt_spredt_saml,"580375,6116575,590375,6126575",491245,b8ce0732dbe475ffe0c6a06a03c5433b11dbb9039d1b21c2b1ff4f7ff85c91f4
vp4basis2026:vp4_ba_26_punkt_spredt_saml,"580375,6116575,590375,6126575",491245,bbf6fac545f6845bca0cfac9f5d0fdb72270542df8ee9b5fa889785cab9db264
vp4basis2026:vp4_ba_26_punkt_spredt_saml,"580375,6126575,590375,6136575",390410,486161681976313aecbc10b74faf4d23330a3e6572dcedb158932abc203220c7
vp4basis2026:vp4_ba_26_punkt_spredt_saml,"580375,6126575,590375,6136575",390410,fcc158ad8279734efe9b912fed4f27834c5d2c6837c2c48476b2e0c5b0768d60
vp4basis2026:vp4_ba_26_punkt_spredt_saml,"580375,6136575,590375,6138600",17816,ebed68d6f7021f33bfe09c3c13ac1ee694c547afcb0f81503e5ad463b5fff64c
vp4basis2026:vp4_ba_26_punkt_spredt_saml,"580375,6136575,590375,6140800",30396,1d2588468977da5d651246a3776e093d345b3fcc1728fc71f78ef4f329d79fe5
vp4basis2026:vp4_ba_26_punkt_spredt_saml,"580450,6114050,583500,6116025",29323,f0e151079b3ef497b3ec916e471adddc81e112557417e9678e1cb1f86b050f61
vp4basis2026:vp4_ba_26_punkt_spredt_saml,"580875,6108100,584175,6111700",58434,459c14db05d63ce623791d2d28543ffb3c115fecc45a3ae2ec532ad501971c1b
vp4basis2026:vp4_ba_26_punkt_spredt_saml,"581600,6137600,584475,6143000",14049,2fdb7b61600f27f1fde46bf5fde2fb8de7b505c19257442bf702e4b5e888eb95
vp4basis2026:vp4_ba_26_punkt_spredt_saml,"584175,6145525,585400,6153525",10269,98ada6e8659a29a08f3552cf470e50c77599bc56c79ab0c3c9770b0ae651b284
vp4basis2026:vp4_ba_26_punkt_spredt_saml,"584650,6106575,594650,6116575",582906,820e0e3be233dfdddc560d9f0970ab1e6d992159c9e181340109ac886ee9adb8
vp4basis2026:vp4_ba_26_punkt_spredt_saml,"584650,6116575,594650,6126350",565999,bc2bf8e3db06fd4e06e91010e5605968404b319f1029df5814ec46d32a113e2a
vp4basis2026:vp4_ba_26_punkt_spredt_saml,"584775,6117825,594775,6126350",500186,a782f6644b411c37e54e39211cb061aea87094c04b9ca2d5ff92f55df2663c08
vp4basis2026:vp4_ba_26_punkt_spredt_saml,"586100,6111075,596100,6119475",524143,fd792c0f3196b28b105f5b9a527f15b5c1dd3160e554276047eefebacd0c1b20
vp4basis2026:vp4_ba_26_punkt_spredt_saml,"588675,6337250,588700,6347250",147,ed1035f383b4573b7dde5fc5591f52e9202773df7404e29ee8dd5cf0f032f8d1
vp4basis2026:vp4_ba_26_punkt_spredt_saml,"588675,6347250,588700,6357250",147,9742233a488711aae9f5bb4eda89ec02f9e847f4b6a0a7e0f4e3c10f2d51d95c
vp4basis2026:vp4_ba_26_punkt_spredt_saml,"588675,6357250,588700,6362150",1474,906b96d184d7ee5aca745af930ec313ffb1932cbb0e2a6f51a2fe027b7a7914c
vp4basis2026:vp4_ba_26_punkt_spredt_saml,"590375,6106575,600375,6116575",621303,3f05dfedd3b465941f337e123422e03b83daded246e540e3b384dc9505f15962
vp4basis2026:vp4_ba_26_punkt_spredt_saml,"590375,6106575,600375,6116575",621303,b951152495b7d20fc296ac394041535efdf9882d431e406c38caffc35185377f
vp4basis2026:vp4_ba_26_punkt_spredt_saml,"590375,6116575,600375,6126575",549513,7847c969aff551d49b028f51d907469e4b0255b62b59aa96261f0eb79dfac61a
vp4basis2026:vp4_ba_26_punkt_spredt_saml,"590375,6116575,600375,6126575",549513,c5691c06dc0d8dfb5b53b544ef0ff2f0eb7b8e229d201a3004d9ffd30dfcb205
vp4basis2026:vp4_ba_26_punkt_spredt_saml,"590375,6126575,600375,6136575",346400,32e53a4c6173a465207a7bd063844b3a24ebceb536ba43479fd8d3db3126a927
vp4basis2026:vp4_ba_26_punkt_spredt_saml,"590375,6126575,600375,6136575",346400,99a0dc28a21e879986116167b4df9d2f828edc2b1122e0700dbbde3bcd288f15
vp4basis2026:vp4_ba_26_punkt_spredt_saml,"590375,6136575,600375,6138600",45568,71e71ab374d0a541b242f55a1c20a506440c48978a5ff46ae4b33ef462ef6ad6
vp4basis2026:vp4_ba_26_punkt_spredt_saml,"590375,6136575,600375,6140800",92210,53f17ce7cf8933e1dae141ac129ad633f00d3060d3e76f62f2007fc3724d1202
vp4basis2026:vp4_ba_26_punkt_spredt_saml,"591600,6122000,601600,6132000",324042,fad0e9832f2b9763b5c5b92e5ef52615386711163c5871fb869a9029bd74866e
vp4basis2026:vp4_ba_26_punkt_spredt_saml,"591600,6132000,601600,6137100",165266,e9be08fdb600b7ab12f0f2b966daba87d518cb84a3bfcdff79f2797e492b6db9
vp4basis2026:vp4_ba_26_punkt_spredt_saml,"592850,6234050,598850,6240475",407943,d80bc312742122454c75aa91ad89c1d2a15f2bb945e19d0b75cee2e55b4ab62e
vp4basis2026:vp4_ba_26_punkt_spredt_saml,"594650,6106575,602600,6116575",477217,6d22168cb06c30334b5795f3254320fd070510c7a2439c8681b1ec863d85bf70
vp4basis2026:vp4_ba_26_punkt_spredt_saml,"594650,6116575,602600,6126350",464150,a9242c308d222034516a8872147f647e63a278fa811c42bd931f7f868addcfd7
vp4basis2026:vp4_ba_26_punkt_spredt_saml,"594775,6117825,602600,6126350",384408,24670f13984c5cbc449e0d4185ff994baf19e3f3ba75cc13b5c42da876adb1b7
vp4basis2026:vp4_ba_26_punkt_spredt_saml,"596100,6111075,601775,6119475",375705,f69159b0780766a5b21b645f23cc4d28ebf4fbd58900a6736cdae4d10913e64c
vp4basis2026:vp4_ba_26_punkt_spredt_saml,"598975,6110825,608975,6119225",529108,3c2b625bb1bf5aaa0794485ba30373f0bc16f7d88aec1a12dab844f6d3783bcf
vp4basis2026:vp4_ba_26_punkt_spredt_saml,"600375,6106575,602600,6116575",164231,ab6b03f0a955913d238c6180fcc14a219ef99f455678f453f64363022af9f4e7
vp4basis2026:vp4_ba_26_punkt_spredt_saml,"600375,6106575,602600,6116575",164231,e79d05766c74415f162e2d555a6f24f2ae5b342f5eef7ffe9091a20ab8f185ee
vp4basis2026:vp4_ba_26_punkt_spredt_saml,"600375,6116575,602600,6126575",140161,dc3c0671209ed7273fe4fa91956605b4acaef9ad3a59ad4f507ae886b87f1145
vp4basis2026:vp4_ba_26_punkt_spredt_saml,"600375,6116575,602600,6126575",140161,f82de318d625b7932675e47a4da3bd6da43fc4cd6d792de743d2063f48e9c0ac
vp4basis2026:vp4_ba_26_punkt_spredt_saml,"600375,6126575,602600,6136575",133897,1f314830f6e460877ea14da4565793b8af951264a33946cce213ecca3cc2a612
vp4basis2026:vp4_ba_26_punkt_spredt_saml,"600375,6126575,602600,6136575",133897,5679166e8f8945f165c3d9a5bb9c0af3b0ab4853c1e7dc6031aa40cbeca65260
vp4basis2026:vp4_ba_26_punkt_spredt_saml,"600375,6136575,602600,6138600",39285,9fbcb9c44d2d1b0db0771d120d78e0e9d85d29564c3cfb6d54da32ead3d6d38c
vp4basis2026:vp4_ba_26_punkt_spredt_saml,"600375,6136575,602600,6140800",94738,5ce73f4c5aa84d2cbe1c08a215d25520a48c459e5a0ce85d240e1621cec193be
vp4basis2026:vp4_ba_26_punkt_spredt_saml,"600925,6104700,610800,6112625",355742,17c0500bc2baf4bff260df9b33bbacc232b7aeafdfdf3f99598999bd3a4e41cb
vp4basis2026:vp4_ba_26_punkt_spredt_saml,"601600,6122000,607200,6132000",389914,72aae61034c3a8bc41981eb8d81b5ff0aff1500f612a9d5805a021d56445a591
vp4basis2026:vp4_ba_26_punkt_spredt_saml,"601600,6132000,607200,6137100",167536,93b5b9622431618da4c4c7b0e6d38613e423e4249b64cabf6fddf6cd286f5efc
vp4basis2026:vp4_ba_26_punkt_spredt_saml,"608975,6110825,613925,6119225",286273,1e9945461dd0d4a9063397abbb93197950fb4691df44c487a517b71755b174cd
vp4basis2026:vp4_ba_26_punkt_spredt_saml,"638225,6130425,644025,6134875",250896,476618490a9f1982c4ad5e11efa45fe903118dfdd43006b513c07c5d8c08b900
vp4basis2026:vp4_ba_26_punkt_spredt_saml,"645925,6081475,649725,6085975",189026,9a69b067e463ba1a28dab0f353fdc25d340f56132e66e011f1864c472914db22
vp4basis2026:vp4_ba_26_punkt_spredt_saml,"653000,6071025,659775,6080275",284698,e37e2d824de8ca6cd3abb4347665e048d5a6a5a3741bd601da9fddd56f4480ee
vp4basis2026:vp4_ba_26_punkt_spredt_saml,"653750,6165525,663750,6175525",725267,ca719a8ec3f38dc98467d6e939d23455d1456e45ab86860cf1b31dff61f94f98
vp4basis2026:vp4_ba_26_punkt_spredt_saml,"653750,6175525,663750,6177325",178964,fec0b41cb435b695a70b4b9a3960fab1d2da278393b7724a8781f545c6b006f0
vp4basis2026:vp4_ba_26_punkt_spredt_saml,"663750,6165525,669800,6175525",645941,c7a4c1dd376df0e1b3dd496829015fff628a427f72b111b0d3f446f09aae7fdc
vp4basis2026:vp4_ba_26_punkt_spredt_saml,"663750,6175525,669800,6177325",79514,ad6f25f44cbeffa97ad68ee4763903e83806885ac9294529a8df08919423b800
vp4basis2026:vp4_ba_26_punkt_spredt_saml,"664675,6169025,674675,6177675",813379,fd540f55b8ea81d60d0f5967493f44f1ce39f22d3959f91d3535124ebd3206cc
vp4basis2026:vp4_ba_26_punkt_spredt_saml,"674675,6169025,674700,6177675",1467,d22d55f6c73bb9d43bd84b46f53cf17cc9cffb4313fec6150c5437b168e30268
vp4basis2026:vp4_ba_26_punkt_spredt_saml,"674775,6160100,681450,6169475",393962,b2309649fe7fcdf2403e422083b3ab6206479f24a319289935b2a503e8bed403
vp4basis2026:vp4_ba_26_punkt_spredt_saml,"677250,6160100,681450,6164625",144900,3d461b6410ab09c0bdf305306e608ac667208c72308c92b659460eb55b6b2390
vp4basis2026:vp4_ba_26_punkt_spredt_saml,"677275,6144075,687275,6154075",402920,d70ff3442e295c16808182e962f6940b4bdba4735af22cb614dd5cc87aa72b18
vp4basis2026:vp4_ba_26_punkt_spredt_saml,"677275,6154075,687275,6160350",167586,e4608f200b82cbae9e116d460219c24c65fc776e42f4828d144e3b6e4a841f42
vp4basis2026:vp4_ba_26_punkt_spredt_saml,"677525,6168225,681525,6173400",112047,53c1c542ad604678d9b8fd4cc41ed86f26181823a9bdc377dd7e219a15bd7c12
vp4basis2026:vp4_ba_26_punkt_spredt_saml,"680175,6155625,690175,6165625",475548,5ff866f842f38a8cd9db6da2202a2e296d10c86f6e149365c3a87f04ed316029
vp4basis2026:vp4_ba_26_punkt_spredt_saml,"680175,6165625,690175,6169500",154820,2d4051fefc91e08fa3521db3698040956911b45b90b4b1cbe11463770d014d0f
vp4basis2026:vp4_ba_26_punkt_spredt_saml,"687275,6144075,696275,6154075",541883,5d13f2051f4b9442c612dd9c7608d49267296f0a755078a07b934b9c7ea33eb6
vp4basis2026:vp4_ba_26_punkt_spredt_saml,"687275,6154075,696275,6160350",339839,8cad1454133e4140c76fde24bc5bea0cee4e2669da0cdee055cc742c2e83db70
vp4basis2026:vp4_ba_26_punkt_spredt_saml,"688275,6127650,698275,6137650",606748,07bb29cced3f65315de9aaa9dcb25bc1c1d66f1f55b2286e6907ec9cc6eb47c3
vp4basis2026:vp4_ba_26_punkt_spredt_saml,"688275,6137650,698275,6142900",392065,4502d166610ebba86d430014114b14c5224e767efdf3ae1385d373dbca881d38
vp4basis2026:vp4_ba_26_punkt_spredt_saml,"688950,6099625,698950,6107400",491435,353019e0c039081ee2badcd4a69f9ace30c5d55fd12b29b5f05f23614bf716af
vp4basis2026:vp4_ba_26_punkt_spredt_saml,"690175,6155625,700175,6165625",400354,ecbef099e9587ecf087cf1a4c9a0edf7ab7d6e427ea72d862f986ac6c15f5be8
vp4basis2026:vp4_ba_26_punkt_spredt_saml,"690175,6165625,700175,6169500",100928,2bf7faede944419f43c00d6ba61ba4a42bbf92e11409b2da1cfae4aa35a3c590
vp4basis2026:vp4_ba_26_punkt_spredt_saml,"690600,6154450,700100,6160225",325977,af48fc89118dbd5e78bf026426186200152c19a9b9b59c133619099cd3ac7aea
vp4basis2026:vp4_ba_26_punkt_spredt_saml,"691950,6184875,700450,6192825",229783,3206b41229707cbb8eb91044958d1fccc095ba690c82e6c203bab9de0f4edfe8
vp4basis2026:vp4_ba_26_punkt_spredt_saml,"694475,6190175,704475,6195275",319698,f7cd63c01e201660a8d634c4f57df781bb5cb9b1ece604b584bb7b50879ec6d4
vp4basis2026:vp4_ba_26_punkt_spredt_saml,"694625,6213250,702950,6221000",1174320,f95ee5da9ab4db259750869332b98edaafe9da2bef6b1bc0b81e0fb705af63ba
vp4basis2026:vp4_ba_26_punkt_spredt_saml,"695725,6168950,701225,6176750",151394,1b2e989f50f56b3a9f9a2d6ab34c45a6c6be5675b5579d0306e5029af9d8e9fd
vp4basis2026:vp4_ba_26_punkt_spredt_saml,"696675,6192875,706675,6202850",569057,3de1a7c25150180d0264bbfccd3d3385d437dffa09f081085b901988e1f50ac4
vp4basis2026:vp4_ba_26_punkt_spredt_saml,"698275,6127650,703450,6137650",582972,91b05cd322852680174c9f4c195bebf16fd465bfafb06a55698cccb843142206
vp4basis2026:vp4_ba_26_punkt_spredt_saml,"698275,6137650,703450,6142900",45476,38978dd05f7584d9a4cf9a3854d822436ced81079bf31720274455a9f147871d
vp4basis2026:vp4_ba_26_punkt_spredt_saml,"698950,6099625,699000,6107400",17890,e3530caad520a6215c8eda02918dea866f2b999db92d851fd320d16fa5650f4d
vp4basis2026:vp4_ba_26_punkt_spredt_saml,"700175,6155625,700650,6165625",10284,eb1378680d5e262d086a2647d7dc93dedb6de2a78422eca4b42b2c919e0ce189
vp4basis2026:vp4_ba_26_punkt_spredt_saml,"700175,6165625,700650,6169500",147,eecfa97e1ee84d762d3f18796a98a712a3d8d1795450439cf65da3657f1b9b6e
vp4basis2026:vp4_ba_26_punkt_spredt_saml,"703825,6188700,708000,6191975",151223,a5023ee8fe1a2c666765eb304a77c704014b6910d55446aee21cd8d6d54cbb57
vp4basis2026:vp4_ba_26_punkt_spredt_saml,"704475,6190175,705850,6195275",58123,0ef6136c809a25fcea24ce9d1d8fd250f0299cf5986e6a00d315947180483345
vp4basis2026:vp4_ba_26_punkt_spredt_saml,"706675,6192875,711950,6202850",278675,64ea4bf9ede5c83a79ee9b4922402759092fc6577ee3e5d4833d6ec27028d8d6
vp4basis2026:vp4_ba_26_punkt_spredt_saml,"715450,6216250,720050,6220650",98636,2944f300bbbe9daabc5afa57e2a1ebc30eb5082733a86939123d3a8ec7a3cfec
vp4basis2026:vp4_ba_26_punkt_spredt_saml,"863625,6125175,872300,6134725",698109,7bc63897468b36977582af1e07d22d5470cec2cf438d3f038633306d4a16b000
